Year,Month,Day,Hour,Minute,Second,Latitude,Longitude,Depth,Magnitude
2000,1,1,6,55,51,17.094,-100.607,26.7,3.4
2000,1,2,17,35,16,15.978,-97.337,18.5,4
2000,1,3,4,32,36.3,15.938,-98.683,16,3.9
2000,1,4,11,57,45.5,17.052,-99.879,40.8,3.7
2000,1,5,15,47,20,16.161,-98.396,20,3.6
2000,1,6,17,54,14.1,15.516,-98.211,88.5,3.8
2000,1,7,12,32,29.5,16.089,-97.24,58,3.8
2000,1,8,0,4,58.9,17.059,-100.701,7.6,4.2
2000,1,8,9,49,6.9,16.905,-101.044,32.1,3.9
2000,1,12,6,55,17.3,16.23,-98.181,7.1,3.7
2000,1,13,14,12,56,16.161,-97.309,58.5,3.5
2000,1,16,10,14,3,16.993,-100.492,5.1,4
2000,1,16,23,31,0.5,16.132,-97.584,44.9,3.7
2000,1,19,8,55,21.07,16.043,-98.473,33,4.3
2000,1,19,19,56,50.93,16.297,-96.508,33,4.1
2000,1,21,2,50,49.3,17.734,-99.791,40.2,3.6
2000,1,25,0,30,42.3,16.247,-98.166,6.7,4.4
2000,1,25,10,12,9.7,17.043,-100.622,26.1,4.1
2000,1,25,14,54,11.1,16.599,-98.612,16,3.7
2000,1,25,15,3,9.8,15.995,-98.602,10,3.8
2000,1,25,17,27,6.5,15.932,-96.868,12,3.8
2000,1,26,19,24,54.67,16.68,-99.239,33,4.5
2000,1,26,19,29,22.5,16.441,-99.719,5,4.2
2000,1,28,8,21,7.72,18.101,-101.551,10,3.7
2000,2,2,21,29,33.3,18.033,-101.795,31,4
2000,2,5,7,51,41.9,16.885,-99.887,36.3,3.9
2000,2,7,9,47,24.7,18.736,-98.676,3.7,3.2
2000,2,8,22,24,45.5,17.485,-101.188,16.1,4
2000,2,8,23,26,23,16.464,-98.776,7.6,4
2000,2,9,8,8,22.37,17.725,-101.994,33,4.3
2000,2,10,20,10,36.6,16.112,-98.823,20,4.2
2000,2,11,3,10,0.52,18.283,-100.913,33,3.9
2000,2,12,1,32,32.6,16.045,-96.647,64.1,3.6
2000,2,13,6,30,48.4,16.588,-99.904,5.3,3.4
2000,2,15,18,7,43,18.159,-102.004,66.2,4.1
2000,2,16,0,23,59.7,18.823,-99.2,7.6,3.3
2000,2,16,1,4,25.3,15.891,-98.261,10,4
2000,2,16,8,17,39.8,17.203,-101.182,26.3,4.2
2000,2,17,0,35,30.7,17.327,-101.512,10,3.9
2000,2,17,11,15,59.8,17.388,-101.389,31.6,3.6
2000,2,17,14,44,27.6,17.946,-100.688,88.8,3.5
2000,2,18,5,39,15.2,16.622,-99.326,16,3.5
2000,2,19,2,51,44.6,15.937,-97.774,16.4,3.8
2000,2,20,6,5,4,15.905,-98.275,5,4
2000,2,20,15,11,39.7,17.912,-100.08,86.1,4
2000,2,25,1,59,59.2,18.93,-98.754,38.5,3.7
2000,2,26,15,5,48,18.134,-100.891,91.8,3.9
2000,2,27,9,8,51.2,17.307,-101.54,6,4.1
2000,3,1,23,31,21.55,16.218,-96.848,33,4.9
2000,3,2,19,20,15.6,16.072,-97.027,16,4.3
2000,3,3,21,50,50.4,18.011,-101.186,63.5,4.2
2000,3,4,4,6,2.03,18.046,-98.202,10,3.6
2000,3,4,5,18,52.8,15.639,-98.806,11.1,3.7
2000,3,4,20,55,23.9,18.858,-98.576,0,4.1
2000,3,5,9,53,44.7,16.998,-100.653,5,3.5
2000,3,5,13,55,40.9,16.638,-97.53,42.8,4
2000,3,5,15,14,45.4,17.767,-98.162,16,3.6
2000,3,6,6,57,2.4,17.869,-101.813,70.6,4
2000,3,7,4,32,16.5,19.146,-104.205,10,5.4
2000,3,8,3,29,38.8,18.006,-103.356,10,4.1
2000,3,8,6,34,52.9,17.926,-101.927,10,3.9
2000,3,8,22,41,5.6,16.922,-100.108,29.7,4.2
2000,3,9,0,36,28.4,17.171,-100.047,20,3.9
2000,3,9,4,25,42,16.671,-99.214,16.1,3.9
2000,3,10,19,0,25.3,16.017,-97.09,54,3.8
2000,3,14,4,23,46.55,16.159,-98.099,33,4.2
2000,3,14,7,18,33.7,16.362,-97.953,75.2,4.2
2000,3,14,7,26,16.57,15.889,-98.121,10,4.2
2000,3,15,0,9,24.7,15.987,-98.271,2.2,4.1
2000,3,17,15,7,1.5,18.099,-100.547,67.7,3.9
2000,3,17,15,13,14.61,16.701,-100.739,10,3.6
2000,3,18,0,50,55.65,17.176,-99.218,33,4.8
2000,3,18,11,19,8.8,16.99,-99.464,75.7,3.8
2000,3,19,5,10,42.4,19.41,-97.603,8.6,3.9
2000,3,21,18,28,12.11,16.664,-98.851,33,4.8
2000,3,21,18,40,19,16.232,-99.191,16.1,4
2000,3,21,18,50,18.2,16.338,-99.12,27.1,4.2
2000,3,23,0,16,43.4,16.1,-98.802,16.1,3.9
2000,3,28,1,35,51.25,17.21,-102.008,33,4.5
2000,3,29,3,10,50.7,16.029,-98.908,16,4.4
2000,3,30,7,51,26.2,17.043,-100.628,41.9,3.8
2000,3,30,9,50,28.8,15.961,-98.865,16.1,4
2000,3,31,1,59,41.32,15.59,-97.48,10,4.1
2000,4,11,18,35,44.76,18.346,-102.47,78.5,5.2
2000,4,15,1,45,7.5,17.076,-99.969,56.9,4
2000,4,15,6,40,2.99,18.497,-104.074,33,4.1
2000,4,15,11,41,25.44,17.835,-103.459,33,3.8
2000,4,25,10,51,39.55,16.552,-98.933,33,4.6
2000,5,2,8,5,48.5,17.964,-100.686,58,3.9
2000,5,2,11,6,14.5,16.234,-98.176,2.5,4.1
2000,5,2,18,2,38.9,16.965,-100.652,1.6,4.1
2000,5,3,18,9,11.3,16.577,-99.34,10,3.8
2000,5,3,18,32,4.7,16.671,-99.317,20,3.8
2000,5,3,18,39,37.6,16.411,-99.472,16.1,4
2000,5,5,5,0,4.8,17.033,-100.06,26.4,3.9
2000,5,6,9,58,17.3,16.148,-98.636,20,3.9
2000,5,6,16,10,0.3,15.65,-96.625,16.1,3.7
2000,5,7,9,20,6.9,18.696,-102.768,20,3.8
2000,5,7,21,12,52.9,18.916,-104.116,0,3.7
2000,5,8,5,45,50.5,16.091,-97.554,13.7,3.5
2000,5,10,15,57,41.99,16.123,-97.042,33,4.5
2000,5,10,16,19,18.7,16.044,-97.257,12.4,4.1
2000,5,11,17,40,41.7,15.989,-98.124,9.5,4.6
2000,5,11,17,58,25.53,16.213,-97.964,29.9,4.9
2000,5,12,12,20,2.1,15.976,-98.308,5,4.1
2000,5,12,23,57,38.1,15.994,-98.377,8,3.7
2000,5,13,7,24,19.4,17.518,-99.611,57.1,3.7
2000,5,13,9,8,38.4,17.52,-99.722,71.4,3.7
2000,5,14,9,0,18.92,17.894,-103.003,33,4.8
2000,5,14,9,6,44.4,17.953,-103.099,8,4.5
2000,5,14,9,20,38.22,18.031,-103.239,33,4.4
2000,5,15,7,26,10.3,17.146,-100.614,50,4.2
2000,5,15,8,25,14.5,17.187,-100.785,6,4.1
2000,5,21,0,53,17.06,16.354,-98.063,37.6,4.5
2000,5,25,6,33,35.7,16.497,-98.197,20,3.8
2000,5,25,9,32,56.5,17.203,-99.71,0,3.8
2000,5,27,18,23,40,19.004,-104.706,17,4.4
2000,5,29,5,1,6.3,17.271,-98.45,80.7,4
2000,5,29,5,42,11.5,16.137,-98.006,5,3.8
2000,5,29,19,0,27.2,16.21,-98.523,5,3.8
2000,5,30,15,43,24.5,16.031,-98.382,5,3.9
2000,6,1,6,5,20.6,15.912,-96.719,16.9,3.9
2000,6,5,0,26,6.6,16.203,-98.058,11.8,4
2000,6,5,2,29,25,15.894,-98.361,5.1,4.3
2000,6,5,7,38,16.2,16.127,-98.339,5,3.9
2000,6,5,19,32,16.8,16.069,-97.794,17.1,3.9
2000,6,5,20,22,35.96,16.044,-98.434,15,4.2
2000,6,6,17,3,16.86,16.22,-97.394,33,4.3
2000,6,6,18,25,30.51,18.641,-104.174,33,4.7
2000,6,6,22,12,7.2,16.286,-98.073,12.5,3.9
2000,6,7,2,49,52.5,19.178,-104.564,93,4.2
2000,6,9,20,5,3.3,15.916,-98.23,5,4.3
2000,6,9,22,43,59.1,16.718,-99.228,23.9,3.9
2000,6,10,23,10,18.7,16.849,-100.106,44.4,3.9
2000,6,11,1,29,26.6,19.165,-98.955,14.6,3
2000,6,11,5,30,56.7,17.273,-97.282,75.5,4.4
2000,6,15,10,21,3.7,16.162,-98.093,0,4
2000,6,16,18,29,58.5,16.153,-99.245,16.1,4.1
2000,6,17,22,59,13.4,16.044,-98.2,7.9,3.9
2000,6,18,4,14,45.5,17.439,-101.57,9.8,3.5
2000,6,18,5,23,28.9,19.077,-104.272,96.4,4.2
2000,6,18,6,22,16,17.957,-102.105,46,3.9
2000,6,18,7,6,48.9,16.017,-98.066,10,4
2000,6,18,15,55,51.8,16.28,-99.267,16.7,3.9
2000,6,19,15,23,50.5,17.388,-101.408,57.1,3.7
2000,6,22,15,22,5.24,16.836,-100.421,48.6,4.3
2000,6,23,5,30,30.8,17.297,-101.192,12.3,3.9
2000,6,23,5,41,52.6,16.249,-99.159,16,3.6
2000,6,26,5,5,29.4,16.231,-98.051,8,3.8
2000,6,28,7,54,58.7,17.921,-100.476,78.4,3.7
2000,6,30,8,36,36.5,17.014,-100.317,74,3.9
2000,6,30,9,20,52.04,17.928,-102.953,30.6,4.4
2000,7,1,18,48,37.3,16.481,-99.56,6,4.1
2000,7,3,2,51,5.6,17.966,-98.415,48.1,4.2
2000,7,4,5,33,48.6,16.563,-99.33,20,4.2
2000,7,5,15,8,28.8,17.085,-100.52,31.4,4.2
2000,7,5,16,9,27.6,16.708,-99.685,6.7,3.9
2000,7,6,8,36,24.9,19.184,-98.936,7.4,3.3
2000,7,6,13,15,34.4,19.19,-98.959,5.4,3.4
2000,7,8,1,18,46.8,16.008,-98.031,3.6,3.9
2000,7,8,3,2,58.4,16.228,-98.044,6.1,4
2000,7,9,1,22,1.3,16.135,-96.865,1.7,3.9
2000,7,9,6,40,13.1,16.38,-99.447,16.1,3.9
2000,7,11,7,39,9.4,18.332,-102.502,10,3.9
2000,7,12,4,37,48.6,16.095,-97.265,16.1,4.1
2000,7,12,8,22,5,18.057,-101.816,61.4,3.9
2000,7,12,9,40,3.6,15.861,-97.266,16.1,3.7
2000,7,12,12,38,55.4,16.241,-99.187,16.1,4
2000,7,14,8,39,19.9,16.584,-99.059,12.5,3.8
2000,7,14,23,56,34.7,17.973,-99.777,17,3.5
2000,7,16,17,20,8.5,18.997,-101.92,122.4,3.9
2000,7,17,20,29,59.9,17.174,-100.28,52.6,3.7
2000,7,20,8,26,37.1,17.176,-96.792,70,3.6
2000,7,21,6,13,41.33,18.414,-98.916,80.1,5.9
2000,7,21,10,48,56.6,17.055,-101.656,18,4.1
2000,7,23,14,16,1.2,18.544,-101.585,54.7,3.8
2000,7,27,17,3,28.7,17.089,-99.967,48.1,3.9
2000,8,3,14,39,38.8,16.183,-98.148,3,3.7
2000,8,4,4,31,30.5,15.878,-99.239,16,3.8
2000,8,4,12,34,10.5,17.744,-101.345,20.2,3.9
2000,8,4,18,23,34.8,17.858,-101.64,0,3.9
2000,8,5,19,1,58.6,16.863,-100.417,13.1,3.7
2000,8,6,5,57,26.1,16.028,-97.046,61.8,3.7
2000,8,6,23,36,11.9,16.41,-98.563,16,4.1
2000,8,8,1,56,6,17.027,-101.294,16.1,4
2000,8,8,20,3,8.8,16.368,-98.232,4.6,3.9
2000,8,9,11,41,47.9,18.198,-102.48,45.8,6.5
2000,8,9,13,2,23.34,18.026,-102.54,33,4.8
2000,8,9,13,19,7.4,18.262,-102.457,33.9,4.2
2000,8,9,17,50,42.7,17.98,-102.59,14.7,4.2
2000,8,9,19,44,57.27,17.921,-102.56,33,4.7
2000,8,9,19,54,23.86,17.501,-102.881,33,4.4
2000,8,9,20,46,33.7,17.931,-102.569,14.6,4.3
2000,8,10,10,16,59.42,17.983,-102.61,33,4.3
2000,8,11,19,1,56.2,16.277,-98.47,29.6,4
2000,8,13,2,10,57.77,17.719,-103.177,10,4.7
2000,8,13,12,39,51.3,16.214,-97.853,40.4,3.9
2000,8,13,20,20,1.4,18.082,-102.497,5,4.2
2000,8,14,14,25,12.53,18.818,-101.18,33,4.2
2000,8,17,19,21,15.6,16.987,-99.585,15,3.8
2000,8,18,17,22,23.1,17.99,-102.974,5,4
2000,8,21,3,9,36.1,16.096,-97.395,16.1,3.6
2000,8,21,16,5,24.4,15.956,-98.208,5.3,3.8
2000,8,23,9,44,10.3,15.726,-96.523,19,3.7
2000,8,24,15,13,28.6,15.884,-97.172,16.1,3.9
2000,8,25,7,44,29.4,15.964,-98.594,10,4.4
2000,8,25,8,2,7.2,16.074,-98.598,2,3.8
2000,8,25,12,58,25.9,16.659,-99.843,6.1,3.4
2000,8,26,4,46,2.6,16.018,-97.299,5.2,3.8
2000,8,26,5,58,18.8,16.691,-99.783,6.4,3.7
2000,8,28,6,3,55,16.16,-98.099,17.6,3.8
2000,8,30,6,55,39.9,16.733,-100.311,5,3.6
2000,8,30,16,31,15.2,16.02,-97.026,21.5,4.8
2000,8,31,0,48,14.9,15.82,-98.47,10,4.4
2000,9,1,22,18,49.1,16.509,-99.451,15.1,3.8
2000,9,3,10,48,13,16.628,-98.958,20,4.1
2000,9,3,22,5,45.3,16.94,-99.823,47.5,3.8
2000,9,4,0,13,23.4,17.119,-99.238,52,3.8
2000,9,4,23,9,23.03,15.974,-98.14,5,4.5
2000,9,5,22,38,47.3,18.724,-99.063,5,3.4
2000,9,8,1,10,26.6,18.397,-101.08,60.5,4.1
2000,9,10,0,17,47.6,16.052,-98.226,15,4.1
2000,9,11,16,8,33.9,16.446,-99.243,8.1,3.7
2000,9,12,15,30,50,16.178,-98.173,7.6,3.9
2000,9,12,22,57,51.9,17.068,-100.654,4.4,3.6
2000,9,14,2,40,30,16.994,-99.803,45.1,3.7
2000,9,15,15,35,53.8,16.996,-99.629,11.5,3.7
2000,9,18,16,9,43.4,18.173,-100.727,50.3,3.8
2000,9,20,7,49,3.1,17.882,-101.528,55.2,4.3
2000,9,21,8,47,12.9,18.484,-101.397,4.4,4
2000,9,25,9,53,32.3,16.097,-100.552,10.4,4.5
2000,9,25,18,9,56.21,16.853,-100.201,33,4.4
2000,9,27,13,3,39.9,16.694,-99.153,125.9,3.9
2000,9,27,17,52,45.52,16.085,-98.41,10,4.1
2000,9,28,17,19,2.2,17.165,-100.706,49.6,4.2
2000,9,30,20,14,4.4,17.131,-100.425,65,3.7
2000,10,1,3,29,55.9,16.017,-99.247,16.4,3.6
2000,10,1,16,1,54.8,16.61,-100.534,10,3.9
2000,10,1,21,55,22.9,16.967,-96.74,65.8,4
2000,10,4,3,9,31.9,16.152,-98.329,5,4.1
2000,10,4,5,15,5.2,16.097,-98.322,5,4.1
2000,10,5,11,28,36.5,19.443,-99.38,14.4,2.8
2000,10,6,16,23,53.1,16.254,-98.336,0,3.7
2000,10,12,2,43,13.5,16.057,-99.069,23.9,3.8
2000,10,13,9,51,32.6,16.241,-98.284,0,3.6
2000,10,14,2,44,48.6,19.359,-99.189,11.8,3.1
2000,10,15,18,39,6.1,16.877,-100.429,0,3.6
2000,10,18,15,50,27.8,16.726,-98.361,20,4
2000,10,20,4,22,28.7,15.947,-96.884,20.7,3.9
2000,10,22,12,26,49.2,16.625,-99.819,10,3.4
2000,10,24,0,26,35.6,17.565,-101.505,5.5,3.8
2000,10,25,18,35,15.9,16.298,-98.073,4.7,3.7
2000,10,26,20,8,34.7,16.863,-99.897,35.7,3.8
2000,10,28,12,18,45.4,16.647,-100.578,15,4.1
2000,10,31,23,57,39.8,17.249,-101.05,20,3.8
2000,11,1,6,32,47,18.765,-103.603,183.5,4.1
2000,11,1,18,10,4.6,15.938,-96.734,64.3,4.1
2000,11,1,19,7,48.2,15.905,-96.94,16,3.9
2000,11,2,2,49,53.2,16.822,-99.804,10,3.8
2000,11,2,4,45,41.3,15.867,-98.465,15.4,4.5
2000,11,2,13,19,25.9,16.978,-102.301,19.9,4.1
2000,11,3,8,16,35.7,16.096,-98.787,17.2,4.3
2000,11,4,8,44,37,16.651,-99.54,17.9,3.8
2000,11,4,12,59,51,16.53,-97.968,52.5,3.8
2000,11,7,7,18,21.6,16.131,-97.323,24,4.1
2000,11,7,13,56,46.4,16.226,-99.11,18.2,4.1
2000,11,10,7,24,10.6,18.953,-96.885,16,3.9
2000,11,10,18,3,57.1,16.293,-98.47,16.5,4.2
2000,11,11,9,49,51.6,16.257,-98.783,105.2,3.6
2000,11,11,10,52,25.6,16.495,-99.849,10,3.9
2000,11,12,18,59,31.1,16.39,-98.488,20.6,4
2000,11,14,19,49,34,18.241,-103.501,2.6,3.9
2000,11,14,21,48,23.2,15.551,-97.771,27.5,4
2000,11,17,7,36,45.3,18.054,-102.732,5.9,3.9
2000,11,19,6,12,34.2,19.465,-102.067,65.7,4
2000,11,24,10,34,29.8,15.606,-97.862,16,3.9
2000,11,25,14,34,2.2,17.826,-101.937,18.7,3.8
2000,11,25,22,44,45.6,16.759,-99.661,6.7,3.8
2000,11,29,7,8,34,16.029,-97.288,12.2,4.1
2000,11,30,5,44,1.6,17.813,-100.62,56.1,3.8
2000,11,30,8,58,55.2,17.069,-101.211,13.1,4.2
2000,12,1,14,7,44.1,18.204,-102.35,33,5.4
2000,12,2,12,30,18.1,19.04,-104.094,9.6,3.8
2000,12,2,18,59,10.1,15.871,-97.971,12.2,3.9
2000,12,3,12,8,47.4,15.824,-98.499,16.1,4.1
2000,12,3,20,45,10.5,15.923,-98.431,13.3,4.4
2000,12,6,1,6,26.7,16.035,-99.974,23.7,3.9
2000,12,6,3,49,14.4,16.455,-98.134,22.5,3.8
2000,12,7,14,3,25.5,18.042,-103.394,46.5,3.8
2000,12,8,6,54,6.7,17.034,-100.152,60.6,3.8
2000,12,8,22,36,1.02,18.104,-97.501,69,4.3
2000,12,11,3,42,27.51,17.669,-104.95,33,3.8
2000,12,13,2,29,0.89,17.861,-104.989,33,4.3
2000,12,13,3,13,2.4,17.82,-100.159,78,4
2000,12,17,3,28,47.91,16.369,-96.746,33,4.1
2000,12,17,16,27,58.71,16.341,-99.472,10,4.2
2000,12,17,16,33,55.31,16.732,-99.613,10,4.1
2000,12,18,15,8,16.85,18.216,-105.025,33,4.4
2000,12,18,15,52,55.8,16.914,-99.834,56.1,3.8
2000,12,19,4,39,41.3,15.681,-99.138,16.1,4.4
2000,12,23,18,59,1.2,15.534,-98.67,18.6,4.1
2000,12,23,21,23,25,16.519,-98.639,18.1,3.9
2000,12,24,10,13,19.4,15.849,-97.463,17.2,4.1
2000,12,25,0,58,28.3,17.031,-100.723,50.4,3.8
2000,12,25,1,8,19.2,16.753,-100.916,30.3,3.8
2000,12,25,4,25,5,15.836,-98.02,15.2,3.8
2000,12,25,5,41,52.3,17.949,-103.295,33,4.1
2000,12,26,4,40,36.1,17.696,-97.7,59.4,3.6
2000,12,26,9,35,30.9,18.149,-103.381,16,4.1
2000,12,27,12,14,6.9,15.479,-98.537,16,3.4
2001,1,3,23,33,27.19,17.584,-101.26,33,4.1
2001,1,5,21,25,50.7,16.912,-99.557,0,3.9
2001,1,6,0,52,32.5,16.928,-100.241,59.2,4
2001,1,6,7,32,14.9,17.36,-101.427,42,4
2001,1,6,9,52,27.08,16.356,-97.82,33,4.6
2001,1,6,15,6,57.1,15.856,-97.674,81.9,4.1
2001,1,6,23,47,19.1,16.093,-96.798,22.4,4
2001,1,7,6,1,27.2,16.192,-98.054,11.9,4.2
2001,1,8,18,12,7.2,16.111,-98.044,16.1,4.1
2001,1,9,8,13,4.5,19.456,-100.226,5.7,3.7
2001,1,10,4,2,24.3,17.614,-100.558,61.1,4.2
2001,1,12,0,44,48.6,16.772,-99.669,3.6,4.2
2001,1,12,18,46,59.7,17.496,-101.465,42.7,3.6
2001,1,13,0,54,17,15.798,-98.507,16.1,3.9
2001,1,15,20,24,36.3,15.929,-98.31,10.3,4.1
2001,1,17,0,15,12.2,16.33,-97.651,72.1,4.1
2001,1,18,4,30,31.9,17.029,-99.072,20,3.4
2001,1,18,11,45,14.7,16.811,-98.343,20,3.8
2001,1,18,15,2,7.71,16.633,-99.437,33,4.2
2001,1,19,5,25,5.9,16.57,-99.424,20,4.4
2001,1,21,20,29,13.8,16.806,-100.1,6.1,3.9
2001,1,24,18,43,41.1,16.964,-101.645,16,4.1
2001,1,26,14,19,38.76,16.342,-97.769,44.7,5
2001,1,27,21,22,22.4,17.341,-101.461,34.3,4.1
2001,2,1,10,0,4.7,16.117,-98.367,16.1,4
2001,2,3,14,31,44.47,15.675,-96.608,33,4.3
2001,2,3,22,12,35.14,17.101,-101.135,10,4
2001,2,4,19,23,49.7,18.08,-100.532,61,4
2001,2,6,9,45,37.59,17.989,-100.318,70.6,4.1
2001,2,7,21,11,7.4,16.602,-98.468,69.4,3.8
2001,2,11,0,35,48.64,18.38,-101.66,54.1,4.6
2001,2,12,4,7,46.1,16.805,-98.769,22.4,3.9
2001,2,17,4,16,37.5,17.208,-101.474,15.1,3.8
2001,2,19,19,48,3.98,15.751,-96.476,26,4.7
2001,2,20,9,39,44.59,15.802,-96.411,22.4,4.7
2001,2,23,7,23,14.3,18.06,-99.859,64.3,4.1
2001,2,24,2,19,1.8,17.856,-103.138,10,3.9
2001,2,24,6,11,7.9,16.264,-98.762,50.1,3.8
2001,2,25,12,30,33.1,16.244,-99.162,20.6,4.2
2001,2,25,16,40,4.6,15.768,-97.247,15.7,4
2001,2,26,9,32,48.6,15.639,-97.939,22.5,3.8
2001,2,27,17,54,13.11,17.751,-101.46,33,4.4
2001,2,28,3,15,29.6,16.084,-97.003,4.2,4.2
2001,2,28,8,13,43.5,17.317,-100.795,7.2,4.1
2001,3,2,5,36,40.6,16.699,-98.558,56.7,3.9
2001,3,4,12,7,48.7,16.177,-98.962,10,3.7
2001,3,4,15,59,0.6,15.877,-97.25,12.4,4.2
2001,3,4,18,10,28.9,15.66,-98.252,16.1,4.1
2001,3,5,10,17,34.39,17.197,-99.946,42.1,5
2001,3,5,11,44,18.72,17.137,-100.001,33,4.1
2001,3,6,21,57,54.17,17.187,-99.942,33,5.1
2001,3,7,16,58,1,17.086,-100.081,24.8,4
2001,3,7,21,54,26.4,17.044,-100.171,47.6,4.1
2001,3,9,7,2,31.84,15.923,-98.774,33,4.1
2001,3,9,7,43,48.8,16.662,-98.972,15.9,4.3
2001,3,11,16,25,10.93,18.594,-104.199,10,3.7
2001,3,12,0,9,57.7,17.683,-101.475,49.9,4.2
2001,3,16,19,10,13.4,16.344,-99.868,20,3.8
2001,3,17,0,38,53.06,18.261,-101.826,83.1,3.8
2001,3,17,10,16,27.9,15.817,-98.015,17.9,4.2
2001,3,21,3,30,33.9,15.591,-97.833,10,3.9
2001,3,23,12,6,22,15.975,-98.295,22.9,3.9
2001,3,24,18,58,59.8,17.36,-101.529,41.1,3.9
2001,4,1,18,49,46.2,16.603,-99.656,6.4,4.2
2001,4,2,7,25,27.6,17.602,-99.337,75.2,3.9
2001,4,3,4,56,23.9,17.067,-96.624,73.4,4.1
2001,4,3,20,24,55.3,15.737,-97.327,71.4,4.4
2001,4,5,11,59,40.68,15.849,-97.852,33,4.1
2001,4,7,10,44,53.4,16.804,-100.18,51.8,3.9
2001,4,10,21,41,14.4,16.474,-99.562,80.6,3.9
2001,4,16,16,43,15.7,19.141,-98.911,13.7,3.3
2001,4,17,5,14,36.1,19.207,-98.974,11,3.1
2001,4,21,1,34,51.1,16.329,-98.332,15.9,4.3
2001,4,22,6,41,35.6,17.11,-99.141,16.1,4
2001,4,25,7,34,3.57,18.688,-104.909,33,3.9
2001,4,26,1,23,17.49,16.592,-97.656,68.7,4.4
2001,4,26,14,21,29.51,17.968,-101.741,44.8,3.6
2001,4,29,21,26,54.54,18.736,-104.545,10,6.2
2001,4,30,3,12,24.32,18.593,-104.476,33,4.2
2001,5,3,0,15,10.9,16.139,-98.064,16.1,3.9
2001,5,7,18,44,44.55,18.827,-104.599,10,4.1
2001,5,8,5,15,37.46,18.777,-104.165,33,5.5
2001,5,8,22,34,23.04,16.371,-99.181,33,4.1
2001,5,8,23,43,13.3,15.752,-99.408,16,3.7
2001,5,9,19,34,42.2,15.618,-98.753,17.3,4.2
2001,5,10,7,10,15.2,18.752,-104.099,9,4.1
2001,5,10,21,6,30.1,18.786,-104.134,34.8,4.2
2001,5,13,9,57,52.1,16.25,-98.149,16.1,4.2
2001,5,14,19,45,50.9,18.308,-102.7,88.3,4.2
2001,5,20,4,21,43.82,18.816,-104.446,33,6.3
2001,5,20,6,17,23.4,18.574,-104.863,17.9,4
2001,5,20,8,12,22.7,16.114,-97.978,16.1,4.2
2001,5,20,10,54,47.4,18.438,-104.921,22.8,4.2
2001,5,20,13,8,17.94,18.566,-104.404,33,3.5
2001,5,20,14,52,38.18,18.974,-104.54,33,3.8
2001,5,21,7,56,24.6,18.093,-103.491,9.6,4
2001,5,22,17,18,6.2,15.598,-98.275,16.1,4.1
2001,5,23,0,39,42,18.374,-104.819,13,4
2001,5,23,5,43,26.43,17.685,-101.731,33,3.9
2001,5,23,14,39,25.1,17.067,-100.474,20,4.1
2001,5,25,5,27,1.7,16.773,-101.49,14.8,4.1
2001,5,26,16,50,59.2,16.559,-100.084,27.9,3.7
2001,5,26,16,51,28.78,16.32,-99.92,10,4.1
2001,5,28,9,57,10.6,18.801,-103.707,47.7,4.1
2001,5,29,21,2,37,17.419,-101.258,24.5,4.2
2001,5,30,9,2,58.31,16.524,-98.476,33,4.2
2001,5,31,1,58,18.1,18.04,-99.366,68.7,3.7
2001,6,1,6,4,33.09,18.252,-104.453,10,3.8
2001,6,11,13,29,34.13,18.676,-102.165,33,4.3
2001,6,13,3,57,43.4,19.267,-99.412,12.1,3.2
2001,6,16,3,46,18.57,18.064,-102.662,28.6,5.3
2001,6,17,13,17,4.8,17.633,-102.648,19.7,4
2001,6,18,18,24,53.2,15.974,-99.658,14.2,4.3
2001,6,18,19,1,1.5,15.498,-99.773,29.8,4.3
2001,6,20,14,3,4.2,18.285,-100.951,72.3,3.9
2001,6,25,12,14,33.9,16.86,-98.939,61.1,4.1
2001,6,26,14,40,53.8,15.869,-97.54,20,4.3
2001,6,27,10,35,10.1,16.044,-99.043,21.6,4
2001,7,6,7,2,2.95,18.195,-102.121,33,3.8
2001,7,8,12,26,4.96,16.756,-98.214,33,4
2001,7,9,4,28,19.12,16.761,-99.026,33,4.2
2001,7,13,10,8,3.1,15.994,-99.023,5.1,3.9
2001,7,13,19,59,37.1,18.037,-102.189,70.1,4.1
2001,7,14,7,33,15.8,17.428,-96.714,72.9,4.1
2001,7,16,0,32,5.16,16.142,-97.843,5,3.9
2001,7,16,21,39,21.8,17.847,-99.531,49.8,4
2001,7,20,3,48,57.45,16.667,-99.178,17.1,4.1
2001,7,20,21,33,17.9,16.606,-96.796,20,3.8
2001,7,21,0,30,46.1,16.093,-98.19,85.8,3.7
2001,7,21,14,6,29.9,17.55,-103.186,15,4
2001,7,21,17,30,26.1,15.983,-98.299,19,3.8
2001,7,21,18,10,5.1,15.834,-98.903,20.6,3.8
2001,7,22,1,4,33.3,16.87,-100.272,33,3.7
2001,7,22,19,11,27.84,18.538,-104.971,10,3.7
2001,7,23,3,1,43.1,17.462,-97.165,95.2,3.9
2001,7,24,5,58,8.1,16.665,-100.107,4.1,4
2001,7,25,0,44,9.1,17.28,-96.727,74.9,3.9
2001,7,25,6,2,28.5,18.788,-102.07,95.6,4
2001,7,25,19,14,43.8,17.235,-100.857,32.5,3.6
2001,7,26,6,3,52.8,17.368,-101.509,27.7,3.8
2001,7,26,10,48,57.5,16.894,-100.323,5.5,3.8
2001,7,27,22,49,40.9,15.896,-96.519,42.9,4.1
2001,7,28,20,39,27.8,16.42,-97.962,30.2,4
2001,7,28,20,49,18.5,16.046,-98.219,7,4.2
2001,7,29,5,10,34.33,18.779,-104.283,33,4.6
2001,7,29,5,21,20.94,18.972,-104.299,33,4.4
2001,8,6,7,0,54.6,18.751,-101.653,74.3,4.3
2001,8,11,1,0,37.4,17.193,-100.694,43,4
2001,8,19,20,4,58.1,16.029,-98.024,5,4
2001,8,23,13,38,23.91,15.647,-96.425,33,4.2
2001,8,25,5,33,25.8,17.73,-101.485,44.4,4
2001,8,26,5,51,23.1,16.008,-98.244,26,4.2
2001,8,26,12,42,22.6,15.505,-98.747,17,4.1
2001,9,1,1,27,34.1,15.592,-96.534,37.5,3.7
2001,9,1,7,10,19.8,16.02,-97.964,16.1,3.9
2001,9,1,19,27,53.4,16.37,-98.045,13.6,3.9
2001,9,2,7,39,3.7,18.939,-104.081,13.1,4
2001,9,2,9,11,10.5,16.365,-98.606,28.5,4.1
2001,9,3,0,15,19.9,19.333,-99.411,10.9,3
2001,9,3,5,34,39.3,17.354,-101.305,7.1,4.1
2001,9,3,8,50,46.7,16.236,-97.504,2.7,3.8
2001,9,4,3,26,29.53,16.358,-98.144,33,5.2
2001,9,4,4,22,35.85,16.345,-98.155,33,4.4
2001,9,4,7,3,36.4,15.943,-98.431,17.9,3.9
2001,9,4,21,38,20.5,16.767,-99.382,6.6,3.9
2001,9,5,22,41,22.6,16.039,-97.968,6.1,3.8
2001,9,7,10,48,29.3,15.658,-97.228,92.1,4
2001,9,7,13,45,19.28,17.839,-101.057,33,4.5
2001,9,7,20,22,32.6,15.973,-97.701,25.7,4.4
2001,9,13,20,8,7.94,17.928,-102.324,42.9,4.8
2001,9,15,17,10,1.5,17.753,-99.54,66.3,3.7
2001,9,15,18,0,55.79,16.768,-100.402,37.6,4.2
2001,9,17,4,10,20.3,16.798,-100.282,8.6,3.6
2001,9,18,11,21,56.9,18.564,-102.016,47.3,4
2001,9,22,20,39,51.7,17.968,-102.136,13.1,3.9
2001,9,22,23,54,30.7,17.695,-101.103,67.3,3.9
2001,9,23,5,38,6.4,18.394,-101.059,59,4.2
2001,9,24,22,19,55.5,17.407,-101.508,12.1,3.7
2001,9,25,9,27,17.4,15.949,-97.366,91.4,4.1
2001,9,25,19,59,40.1,16.847,-99.515,41.2,3.8
2001,9,26,6,13,0.8,16.617,-101.05,15.6,4.2
2001,9,26,19,57,13.42,15.784,-98.566,10,4.3
2001,9,26,20,3,59.5,16.276,-98.65,5,4.3
2001,9,27,6,46,12.9,16.748,-99.746,2.4,3.6
2001,9,27,12,23,7.4,16.706,-99.322,13.7,4
2001,9,28,23,0,55.1,16.711,-100.334,20,4.1
2001,9,29,5,21,10.5,16.262,-99.386,16,4.2
2001,9,29,10,32,57.3,15.671,-96.4,35.9,3.5
2001,9,29,18,50,48.8,17.96,-98.477,81.9,3.8
2001,9,30,11,55,0.9,18.141,-102.045,40,4.1
2001,10,3,9,40,24.25,16.976,-96.706,62.6,4.2
2001,10,5,7,8,19.9,18.008,-102.65,95.4,3.9
2001,10,6,4,38,52.7,17.047,-101.253,33.8,3.9
2001,10,8,3,39,17.98,17.044,-99.996,10,5.9
2001,10,8,3,59,53.71,16.888,-100.114,10,4.6
2001,10,8,4,49,54.28,16.999,-100.011,10,4.1
2001,10,8,5,48,48,16.88,-100.045,20,4.1
2001,10,8,7,15,58.49,16.986,-100.025,10,4.4
2001,10,8,7,30,40.1,16.775,-100.103,20,4.1
2001,10,8,10,53,43.8,16.93,-100.118,10,3.8
2001,10,8,17,34,13.4,16.714,-99.992,39.9,3.9
2001,10,9,0,25,17.6,16.738,-100.03,33.8,4.2
2001,10,9,0,34,19.71,17.019,-100.032,10,4.2
2001,10,9,9,50,46.45,16.941,-100.016,10,3.9
2001,10,9,11,53,22.49,17.001,-100.053,10,3.8
2001,10,9,14,56,49.7,16.94,-100.171,10.3,4
2001,10,9,17,42,42.3,16.995,-100.155,10,3.9
2001,10,9,21,29,20.2,17.137,-101.355,39.1,4.3
2001,10,10,5,5,54.7,16.897,-100.216,7.6,3.9
2001,10,10,5,44,8.6,16.885,-100.147,9.6,3.8
2001,10,10,9,53,58.1,16.922,-100.211,20,3.8
2001,10,10,17,19,30.9,16.032,-98.227,20,4.3
2001,10,10,18,37,50.5,16.95,-100.166,2.8,3.9
2001,10,11,7,0,11.9,16.947,-100.145,10,4.4
2001,10,11,9,37,5.4,17.046,-100.121,2.1,3.8
2001,10,11,12,56,58,16.945,-100.095,10,3.7
2001,10,11,15,38,21.9,16.657,-100.159,34.7,4.2
2001,10,11,16,11,23.7,16.976,-100.168,11.5,4.1
2001,10,11,21,34,14.5,16.915,-100.262,5.6,3.9
2001,10,12,1,29,19.2,16.96,-100.169,5,4.3
2001,10,12,4,12,8.7,16.933,-100.255,6.3,3.7
2001,10,12,8,8,29.5,16.962,-100.164,10,4.2
2001,10,12,15,28,17,16.982,-100.161,9,3.4
2001,10,12,18,32,31.7,16.889,-100.157,11,3.4
2001,10,12,21,14,15,16.919,-100.133,6.6,3.2
2001,10,12,22,4,17.4,16.943,-100.186,8.8,3.8
2001,10,13,4,58,14.7,16.967,-100.154,7.2,3.6
2001,10,13,7,32,48.8,16.882,-100.214,6.6,4
2001,10,13,9,23,16.6,16.958,-100.099,7.9,4
2001,10,13,15,49,46,16.94,-100.16,5.9,4
2001,10,13,21,42,9.1,16.259,-96.478,61,3.7
2001,10,13,22,37,36.7,16.912,-100.187,12.7,3.6
2001,10,14,10,11,21.6,16.919,-100.177,7.6,3.4
2001,10,14,16,7,7.2,16.921,-100.203,8,3.4
2001,10,14,18,19,34.2,16.947,-100.165,6.2,4
2001,10,14,22,35,45.9,16.96,-100.112,7.8,3.7
2001,10,15,0,31,30.7,16.886,-100.141,11.2,3.7
2001,10,15,10,11,4,18.139,-103.581,20,3.9
2001,10,15,17,3,35.1,16.906,-100.192,5.9,3.8
2001,10,16,4,17,17.8,16.934,-100.174,7.1,3.9
2001,10,16,4,55,24.2,16.942,-100.191,5.8,4
2001,10,16,12,17,17,16.911,-100.132,10.2,3.8
2001,10,16,20,28,56.4,16.935,-100.209,3.7,3.7
2001,10,17,7,4,6.9,16.963,-100.262,7.2,3.7
2001,10,17,10,4,22.5,16.958,-100.147,4.5,4.3
2001,10,17,13,20,24.3,16.91,-100.052,4,3.7
2001,10,17,19,34,2.8,16.111,-97.402,5.4,3.7
2001,10,17,23,9,56.8,18.349,-102.914,9.2,3.9
2001,10,18,0,38,53.7,16.957,-100.173,4.8,3.8
2001,10,18,5,30,17.7,16.936,-100.128,10,4.1
2001,10,18,17,38,40.1,16.943,-100.237,4,3.6
2001,10,18,22,11,38.4,16.327,-99.185,16.1,3.5
2001,10,19,4,38,16.6,16.995,-100.166,9.1,3.8
2001,10,19,8,9,35.7,16.942,-100.174,8.3,4
2001,10,19,10,21,15.3,17.001,-100.096,18.5,3.8
2001,10,19,19,35,31,16.949,-100.186,10,3.6
2001,10,19,19,41,29,16.86,-100.177,12.2,3.6
2001,10,20,1,13,11.1,16.95,-100.148,10,3.9
2001,10,20,6,11,28.8,15.462,-97.545,28,3.8
2001,10,20,15,3,51.2,17.192,-99.866,18.5,3.8
2001,10,20,18,34,41.9,17.928,-100.654,16.1,3.6
2001,10,21,18,22,17.6,16.869,-100.128,21.6,3.7
2001,10,22,6,18,38.8,16.923,-100.065,10,3.9
2001,10,22,10,25,40.7,16.668,-100.052,15.9,3.7
2001,10,22,13,1,43.56,17,-100.124,10,4
2001,10,22,13,52,14.7,16.954,-100.221,5.2,3.3
2001,10,22,17,3,2.4,16.976,-100.106,5,3
2001,10,23,4,29,41,16.958,-100.214,10,2.9
2001,10,23,19,43,59.3,16.902,-100.182,13.3,3.2
2001,10,23,20,20,2.8,17.008,-99.992,10,3.3
2001,10,23,20,21,2.8,16.962,-100.13,4.9,3.7
2001,10,24,9,19,58.3,16.991,-100.127,7,3.6
2001,10,24,12,6,26.3,16.95,-100.178,10,4
2001,10,24,15,49,40.6,18.154,-100.115,55.1,3.6
2001,10,24,20,25,16.9,16.952,-100.162,5,3.1
2001,10,24,22,1,46.7,16.978,-100.116,6.4,3.2
2001,10,25,23,26,2.9,18.546,-101.502,54.4,4
2001,10,26,13,6,3.9,15.807,-97.523,35,4.2
2001,10,27,14,36,5.5,17.013,-100.188,10,3.6
2001,10,28,5,1,38.3,16.967,-100.216,10,4.1
2001,10,28,5,21,25,16.971,-100.174,10,4.1
2001,10,28,14,57,10,16.976,-100.147,10,3.8
2001,10,28,23,46,15.2,16.972,-100.141,12.8,4
2001,10,29,5,5,49.9,16.953,-100.214,6.2,4
2001,10,29,5,23,10.79,17.109,-100.031,10,5.1
2001,10,29,5,49,7.1,16.927,-100.149,20,4.2
2001,10,29,12,30,26.9,16.923,-100.157,20,4
2001,10,29,13,21,49.1,16.938,-100.559,15.8,4
2001,10,29,17,43,11.3,17.042,-100.185,5.5,3.9
2001,10,29,17,45,19.9,16.971,-100.262,10,3.3
2001,10,29,17,46,14.9,17.001,-100.218,10.1,4.2
2001,10,29,17,50,41.9,16.981,-100.206,10.1,3.7
2001,10,29,17,53,4.83,17.033,-100.073,10,4.2
2001,10,29,21,15,10.3,16.646,-100.048,12.3,3.9
2001,10,29,22,18,29.4,17.048,-100.15,10,3.9
2001,10,30,0,59,30.06,17.307,-101.096,10,4.1
2001,10,30,3,12,57.6,16.935,-100.219,10,3.9
2001,10,30,4,4,26.6,16.788,-100.159,28.7,3.8
2001,10,30,5,4,57.1,16.997,-100.144,12.7,4
2001,10,30,13,45,9.6,16.743,-100.295,9.1,3.7
2001,10,30,17,37,52.8,16.953,-100.252,8.3,3.5
2001,10,30,20,31,57.2,16.918,-100.12,9.8,3.8
2001,10,31,6,9,45,16.79,-100.317,20,3.8
2001,10,31,10,32,54.4,16.842,-100.231,16,3.8
2001,10,31,18,44,36.9,17.039,-100.174,7.9,4.1
2001,10,31,18,52,37.1,17.03,-100.158,7.1,4.2
2001,11,2,0,48,5.1,16.974,-100.157,6.2,3.8
2001,11,2,11,3,27.9,16.96,-100.274,1.2,3.9
2001,11,2,15,33,2.7,16.968,-100.248,11.5,3.5
2001,11,2,18,53,19.6,16.911,-100.288,10.7,3.6
2001,11,3,10,47,51.2,16.978,-100.092,2.1,3.9
2001,11,3,10,53,2.2,17.01,-100.214,6.5,3.7
2001,11,3,11,24,13.9,16.943,-100.099,20,4
2001,11,3,11,36,31.4,16.984,-100.153,8,3.7
2001,11,3,11,45,27.6,16.971,-100.178,8.4,3.8
2001,11,3,13,20,38.2,16.964,-100.239,3.1,3.6
2001,11,3,17,56,33.7,17.023,-100.203,4.3,3.8
2001,11,4,0,59,26.1,18.925,-103.111,20,3.7
2001,11,4,2,36,24.5,16.972,-100.219,6.7,3.8
2001,11,4,5,3,31.6,16.524,-99.031,16.1,3.9
2001,11,4,11,38,11.9,16.905,-100.112,10.1,3.6
2001,11,4,12,14,54,15.574,-96.677,19.7,3.8
2001,11,4,14,51,15.7,16.923,-100.261,11.2,3.7
2001,11,4,18,30,57.4,16.971,-100.178,1.7,3.8
2001,11,4,18,54,26.3,16.989,-100.153,5.9,4
2001,11,4,19,36,52.3,16.993,-100.079,3.2,3.6
2001,11,4,19,37,55.3,16.994,-100.081,10,3.5
2001,11,5,3,22,15.83,16.809,-99.649,10,4.5
2001,11,5,8,38,4.9,17.007,-100.161,6.7,4
2001,11,5,10,47,4.5,16.826,-100.19,1.7,3.9
2001,11,5,12,37,50.6,16.955,-100.176,12.3,3.4
2001,11,5,17,21,31.5,16.929,-100.187,4.9,3.5
2001,11,5,21,5,9.4,16.982,-100.089,3.7,3.6
2001,11,5,21,6,21.3,16.86,-100.173,14,3.1
2001,11,5,21,39,14.9,17.288,-100.054,20,3.8
2001,11,5,23,58,5.7,17.002,-100.115,1.3,4.1
2001,11,6,0,7,2.9,17.003,-100.163,5.3,3.4
2001,11,6,0,40,17.5,17.364,-101.544,5.5,4.2
2001,11,6,8,41,44.6,16.982,-100.215,10.1,3.7
2001,11,6,8,51,53,17.003,-100.181,8,3.5
2001,11,6,8,59,59.4,17.012,-100.076,3.6,3.9
2001,11,6,19,1,32.2,16.877,-100.187,11.4,3.5
2001,11,6,21,1,6.2,17.003,-100.147,6.9,3.8
2001,11,6,21,16,17.2,17.041,-100.125,6.5,3.9
2001,11,6,21,32,12.6,16.967,-100.16,6.9,3.7
2001,11,6,22,29,1.8,16.486,-99.642,7,3.9
2001,11,6,23,29,0.7,16.895,-100.232,12.2,3.2
2001,11,7,19,54,31.64,16.936,-99.967,33,4.4
2001,11,7,20,2,48,16.982,-100.185,16.4,3.9
2001,11,7,20,38,59.7,16.948,-100.193,7.2,3.8
2001,11,7,21,40,56.2,16.999,-100.152,6.2,3.8
2001,11,7,21,42,31.8,16.951,-100.198,3,4
2001,11,7,21,45,49,17.05,-100.14,4.9,3.6
2001,11,7,22,31,54.5,16.881,-100.147,16.1,3.3
2001,11,8,7,39,40.2,16.994,-100.176,10,3.8
2001,11,8,12,13,18.5,16.992,-100.207,9.8,3.6
2001,11,8,15,15,38.4,16.618,-99.974,3.3,3.6
2001,11,8,17,4,11.3,17.017,-100.215,1.3,3.8
2001,11,9,0,29,37.3,16.342,-98.414,30.5,4
2001,11,9,14,32,41.2,16.974,-100.112,7.6,3.8
2001,11,9,16,26,8.9,16.972,-100.173,3.8,3.9
2001,11,10,0,47,57.8,16.766,-99.938,10.8,3.1
2001,11,10,4,24,20.2,16.942,-100.181,10,3.5
2001,11,10,5,23,24.2,16.972,-100.201,8.7,3
2001,11,10,10,38,58.97,16.234,-98.162,33,4.6
2001,11,10,10,48,59.58,16.082,-98.259,33,4.7
2001,11,10,11,33,35.5,16.929,-100.237,4.2,3.2
2001,11,10,11,54,17.8,16.894,-100.163,1.9,3.6
2001,11,10,11,56,23.9,15.722,-98.2,22.4,3.9
2001,11,10,16,13,37.1,16.871,-100.259,12.8,3.6
2001,11,10,17,9,16.47,16.219,-98.054,17.8,5.5
2001,11,10,17,15,53,16.072,-98.055,8.7,4
2001,11,10,17,35,13.9,15.94,-98.275,16.8,4.1
2001,11,10,18,17,54,16.071,-97.991,20,3.7
2001,11,10,18,19,41.2,15.719,-98.217,16.1,3.8
2001,11,10,18,30,33.4,15.942,-98.138,15.8,3.9
2001,11,10,18,54,43.9,17,-100.164,11.2,3.4
2001,11,10,20,43,33.1,16.142,-98.267,1.2,3.8
2001,11,10,20,55,6.3,16.126,-97.998,7,3.9
2001,11,10,22,55,28,16.956,-100.393,11.2,3.8
2001,11,10,23,17,57.2,16.932,-100.258,13,3
2001,11,11,4,37,24.3,16.02,-97.976,16.9,3.9
2001,11,11,18,43,33.3,16.066,-98.186,6.1,4.1
2001,11,11,20,13,33.4,16.112,-98.031,12.3,4.1
2001,11,12,5,16,12.04,18.351,-104.442,33,4
2001,11,12,12,49,30.94,18.916,-105.061,10,4.4
2001,11,12,13,44,33.6,16.454,-98.395,5.1,3.7
2001,11,12,16,14,22,16.123,-98.2,5,3.8
2001,11,13,7,55,22.1,16.126,-98.017,27.4,4
2001,11,13,9,19,13.7,16.157,-98.332,22.3,3.9
2001,11,13,13,42,17.8,16.946,-100.178,5,3.9
2001,11,13,15,8,53.9,16.993,-100.146,5.7,3.8
2001,11,13,15,24,54.6,16.943,-100.172,10,3.7
2001,11,13,21,51,20.7,16.629,-97.991,5.9,4.2
2001,11,14,2,3,28.4,16.987,-100.158,10,3.8
2001,11,14,5,21,19,16.938,-100.093,10,3.5
2001,11,14,23,42,3.5,16.105,-98.205,5,3.9
2001,11,15,10,51,37.3,16.95,-100.182,7.5,4
2001,11,15,17,18,49.2,16.412,-98.315,10.7,3.9
2001,11,15,18,45,36.4,16.192,-98.184,10,3.9
2001,11,16,4,13,2.7,16.888,-100.151,6.5,3.8
2001,11,17,0,21,25,15.77,-98.076,23.3,3.9
2001,11,17,0,33,59.2,18.625,-104.125,16,4
2001,11,17,3,46,14,16.906,-100.267,11.6,4.1
2001,11,17,16,11,58.9,16.363,-98.115,27,3.9
2001,11,17,19,59,47,16.206,-97.523,16.1,3.8
2001,11,18,6,19,1.8,16.934,-100.2,12.3,4.1
2001,11,18,9,29,3.6,17.049,-100.012,10.9,3.9
2001,11,18,19,31,18.3,16.956,-100.085,26.5,3.7
2001,11,18,20,3,57.8,16.92,-100.11,9.3,3.8
2001,11,18,22,19,4.5,16.905,-100.222,11.7,3.5
2001,11,19,0,6,57.1,16.866,-100.123,14.6,3.7
2001,11,19,2,10,55.3,16.276,-98.087,8,4.1
2001,11,19,9,4,53.1,16.875,-100.304,9.6,3.7
2001,11,19,9,21,28.9,16.989,-100.198,10.7,3.9
2001,11,19,13,48,16.7,17.316,-101.197,10,4.3
2001,11,19,15,3,40.16,16.965,-100.135,10,4.4
2001,11,19,16,59,43.4,16.874,-100.146,10,4.2
2001,11,19,17,9,38.4,16.917,-100.211,9.9,4
2001,11,19,20,39,15,17.095,-100.126,3.2,3.7
2001,11,19,21,59,45.3,17.048,-100.38,20,4
2001,11,20,1,19,41,16.928,-100.191,13.9,4.1
2001,11,20,3,33,16.8,18.95,-104.481,29.2,3.9
2001,11,20,3,34,3.3,16.931,-100.176,20,3.9
2001,11,20,3,35,11,15.726,-96.351,4,4.3
2001,11,20,12,56,51.6,16.074,-97.568,52.8,3.7
2001,11,20,18,17,14.6,16.909,-100.19,6.7,3.8
2001,11,20,19,23,54.5,15.96,-97.503,16.1,3.8
2001,11,21,5,19,36.4,16.092,-98.084,3.4,4
2001,11,21,5,46,46.1,16.962,-100.192,8.8,3.4
2001,11,21,5,48,1,17.008,-100.07,9.1,3.7
2001,11,22,2,27,6.1,18.143,-103.207,8.5,4.4
2001,11,23,6,41,36.03,17.044,-100.065,10,4.7
2001,11,23,10,2,14.4,17.061,-100.15,6.8,3.7
2001,11,23,10,28,21.3,17.001,-100.21,16.1,3.8
2001,11,23,11,9,22.9,17.124,-100.188,20,3.6
2001,11,23,19,48,42.8,16.991,-100.256,20.9,3.6
2001,11,23,20,0,7.6,16.942,-100.241,10.1,3.7
2001,11,23,22,40,42.8,16.967,-100.282,13.4,3.7
2001,11,24,4,31,52.7,16.799,-100.182,9.7,3.4
2001,11,24,5,51,49,16.881,-100.195,10,4.2
2001,11,24,11,21,3.9,16.928,-100.245,10.1,4
2001,11,24,13,10,29.8,17.11,-100.397,2.7,3.8
2001,11,24,18,34,14.7,16.936,-100.246,3.2,3.9
2001,11,24,20,42,30.8,17.002,-100.254,18.7,3.5
2001,11,25,1,51,2.9,16.647,-99.826,10.4,4
2001,11,25,2,4,8.6,16.619,-99.687,17.9,3.8
2001,11,25,16,40,58.6,16.056,-97.12,20,3.7
2001,11,25,17,40,33.1,16.959,-100.185,12.6,3.8
2001,11,26,1,6,43.7,16.926,-100.147,13,3.5
2001,11,26,3,45,41.6,16.978,-100.226,14.6,3.7
2001,11,26,5,52,26.2,16.932,-100.318,26,3.6
2001,11,26,9,46,18,17.007,-100.185,11.3,3.7
2001,11,26,10,30,20.7,16.713,-99.669,4.6,3.6
2001,11,26,16,3,50.7,17.014,-100.191,17,3.5
2001,11,26,18,51,6.9,16.99,-100.192,7.1,3.7
2001,11,27,0,19,46.1,16.955,-100.239,10.2,3.5
2001,11,27,7,42,2.1,16.988,-100.174,12.7,3.6
2001,11,27,18,13,12,16.939,-100.302,3.2,3.8
2001,11,27,18,52,22.8,17.007,-100.249,20,3.6
2001,11,27,21,48,39.6,17.05,-100.234,20,3.6
2001,11,28,5,33,43.5,17,-100.145,9.5,3.8
2001,11,28,15,23,0.7,16.932,-100.14,8.9,3.5
2001,11,28,15,29,48.9,16.873,-100.169,10,4.1
2001,11,28,15,34,59.7,16.827,-100.189,10,3.8
2001,11,28,21,17,30.5,16.906,-100.134,18.9,3.5
2001,11,29,2,53,28.3,16.892,-100.159,9.4,3.9
2001,11,29,8,33,5.7,18.586,-101.458,14.7,3.8
2001,11,29,12,0,13,16.094,-98.062,7.4,4
2001,11,29,22,4,3.9,16.943,-100.14,11.8,3.7
2001,11,30,1,52,37.7,16.93,-100.228,5,4.1
2001,11,30,5,2,54.7,15.975,-98.239,31.6,4
2001,11,30,7,47,6.7,17.569,-97.137,79.4,3.9
2001,11,30,8,28,12.9,16.826,-98.327,20,3.7
2001,11,30,14,23,7.9,16.407,-98.988,20,3.7
2001,11,30,19,40,28.5,16.935,-100.242,7.1,3.2
2001,11,30,23,34,1,16.955,-100.253,5,3.3
2001,12,1,1,8,48.6,16.666,-99.951,0,3.9
2001,12,1,10,32,39.3,17.96,-102.91,10,4.4
2001,12,1,13,44,31.7,16.853,-100.168,4.9,3.5
2001,12,1,19,38,28.8,16.805,-100.103,5,3.4
2001,12,1,23,39,19.2,16.959,-100.238,5,3.4
2001,12,2,12,59,22.1,16.896,-100.234,7.5,3.4
2001,12,3,3,9,27.1,16.861,-100.159,10,3.9
2001,12,3,4,0,25,16.932,-100.259,2.1,3.7
2001,12,3,5,1,0.2,17.01,-100.27,46,4
2001,12,3,5,14,21.6,16.931,-100.249,5,3.5
2001,12,3,10,2,23,16.916,-100.279,5,3.5
2001,12,3,14,3,25,17.086,-100.074,10,3.8
2001,12,3,14,52,12.5,17.129,-100.829,10,4
2001,12,3,16,56,51.3,16.916,-100.218,10,3.4
2001,12,3,16,57,58.1,16.953,-100.206,10,3.7
2001,12,4,4,5,6.3,16.916,-100.172,5,3.7
2001,12,4,5,30,48.5,16.949,-100.234,5,3.6
2001,12,4,8,24,2.5,16.933,-100.146,5,3.8
2001,12,4,12,9,24.5,15.767,-97.142,13.2,4
2001,12,4,15,4,53,16.929,-100.226,10.8,3.1
2001,12,4,15,16,59.2,16.971,-100.098,5,3.8
2001,12,4,22,10,17.5,16.907,-100.158,10,4
2001,12,5,1,15,40.1,16.905,-100.293,5,3.5
2001,12,5,1,36,45.8,16.93,-100.2,5,3.3
2001,12,5,22,49,23.1,16.857,-100.156,6.2,3.5
2001,12,6,0,13,33,16.904,-100.118,5,3.4
2001,12,6,13,10,20.4,16.891,-100.218,7.3,3.3
2001,12,6,14,37,7.7,17.829,-101.556,15,4.1
2001,12,7,4,35,9.5,16.972,-100.248,14.7,3.7
2001,12,7,5,0,24.7,18.144,-101.959,16,4
2001,12,7,23,13,23.9,16.932,-99.815,15.4,3.7
2001,12,7,23,42,11.4,16.873,-99.67,6,3.7
2001,12,8,1,0,15.5,16.984,-100.079,6.4,3.8
2001,12,8,7,3,18.3,18.366,-103.462,13.6,4.1
2001,12,8,7,43,52.6,17.051,-100.042,8.2,3.8
2001,12,9,1,8,48.1,16.864,-100.157,4,4.2
2001,12,11,6,27,5,16.859,-100.139,5.2,3.9
2001,12,11,15,54,4.2,17.007,-100.184,13.2,3.6
2001,12,12,15,28,9.6,16.89,-100.256,2.3,4
2001,12,12,16,14,55.9,18.181,-101,69.8,4
2001,12,13,3,12,9.66,15.932,-98.144,33,4.3
2001,12,13,5,9,59.2,18.418,-102.758,9.7,4.2
2001,12,13,20,33,13.8,16.988,-100.135,5.7,4.1
2001,12,14,19,14,23.2,16.256,-98.217,9.7,3.8
2001,12,15,0,20,26.3,17.009,-100.164,5.9,3.5
2001,12,15,0,56,47.3,16.958,-100.186,11.4,3.7
2001,12,15,0,59,57.5,16.942,-100.201,11.5,3.4
2001,12,15,9,18,31.8,16.966,-100.177,9.2,3.6
2001,12,15,10,53,40.9,16.724,-99.774,8.2,3.8
2001,12,15,10,54,29.4,16.745,-99.762,8.2,3.5
2001,12,15,10,58,3.4,16.693,-99.774,8.9,3.5
2001,12,15,18,15,53.1,17.156,-100.443,39.3,3.6
2001,12,15,23,23,39.8,16.924,-100.101,14.3,4.1
2001,12,15,23,27,36.7,16.988,-100.077,7.7,3.6
2001,12,15,23,55,55.3,16.754,-99.733,1.7,3.6
2001,12,16,7,51,21.9,16.908,-100.114,8.6,3.5
2001,12,17,15,14,50.4,16.363,-99.598,2.9,3.7
2001,12,17,18,3,26.4,16.706,-99.781,5.3,3.4
2001,12,17,18,4,33.7,16.684,-99.754,9.3,3.8
2001,12,17,18,5,22.2,16.74,-99.774,7.4,3.6
2001,12,17,18,14,30.7,16.662,-99.777,4.4,3.5
2001,12,17,18,24,57.2,16.752,-99.738,7.7,3.9
2001,12,17,18,29,54.1,16.691,-99.766,4.7,3.6
2001,12,17,18,39,42.7,16.643,-99.786,3.7,3.8
2001,12,17,18,43,39.4,16.681,-99.754,7.4,3.5
2001,12,17,22,59,49.1,16.744,-99.737,7.1,3.6
2001,12,18,4,16,52.9,16.982,-100.195,8.4,3.5
2001,12,18,5,59,39,18.966,-101.806,26.5,3.8
2001,12,18,6,1,14.2,19.011,-101.833,16.7,3.9
2001,12,18,6,3,15.2,19.018,-101.758,52.7,4.1
2001,12,18,14,58,20.2,16.996,-100.177,5.3,3.5
2001,12,18,15,13,44.34,16.174,-98.413,10,4.1
2001,12,18,15,37,40.2,16.129,-98.064,14.4,3.9
2001,12,19,12,54,7.3,16.86,-100.125,6.7,4.1
2001,12,19,21,9,32.1,16.971,-100.1,8.9,3.8
2001,12,19,23,1,35.9,18.205,-98.484,67.8,3.4
2001,12,20,10,28,32.1,17.006,-100.167,7.2,3.7
2001,12,21,0,2,34.6,17.221,-101.144,40.4,3.9
2001,12,21,12,30,11.8,16.868,-100.066,28,3.3
2001,12,22,10,51,26.1,16.867,-100.25,5.4,3.6
2001,12,22,18,8,21.4,16.938,-100.194,2.2,3.1
2001,12,24,11,31,32.49,15.59,-98.179,33,4.2
2001,12,24,14,33,47.4,16.892,-100.24,10,2.5
2001,12,24,16,31,6.8,16.861,-100.126,10.9,3.5
2001,12,25,18,59,28.4,16.96,-100.129,5,4.1
2001,12,26,21,57,59.2,16.938,-100.148,5,4.1
2001,12,26,22,12,24.4,16.925,-100.112,5,3.3
2001,12,28,1,30,56.6,17.177,-99.784,61.1,3.4
2001,12,28,5,0,53,16.923,-100.154,5,3.3
2001,12,29,7,30,48.2,16.765,-99.733,3.6,3.8
2001,12,30,15,26,57.55,18.786,-104.185,10,3.7
2001,12,30,21,30,56.3,16.97,-100.148,4.7,4
2002,1,1,16,5,39.3,19.169,-104.795,39,4.2
2002,1,2,0,5,40.4,16.052,-97.601,6.1,3.7
2002,1,2,1,28,44.88,18.766,-101.491,82.6,4.7
2002,1,2,8,15,0,19.094,-104.821,16.8,3.8
2002,1,2,15,13,2.3,17.212,-101.165,8.3,4
2002,1,3,7,5,52.61,16.928,-100.105,11.6,4.2
2002,1,3,7,14,42.7,16.895,-100.194,8.5,3.4
2002,1,3,17,14,25.4,16.092,-96.989,33.3,3.5
2002,1,4,12,26,11,16.939,-99.786,23.1,3.9
2002,1,4,20,32,15.1,16.157,-98.29,4,4.2
2002,1,6,2,4,56.5,16.979,-100.138,0,3.5
2002,1,6,8,20,23.6,17.022,-100.063,1.9,3.8
2002,1,6,8,26,29.5,16.936,-100.096,10.5,3.5
2002,1,6,21,25,21.7,18.039,-100.597,66.6,4
2002,1,7,5,42,49.9,16.722,-99.788,3.8,3.8
2002,1,7,14,14,35.3,17.338,-101.454,2.5,4.1
2002,1,7,16,25,48.6,18.141,-97.626,16.1,3.5
2002,1,8,17,20,8,16.349,-98.328,34,3.9
2002,1,8,19,14,22.9,16.995,-100.164,2.2,3.9
2002,1,8,23,46,32.2,15.698,-96.764,16.3,3.5
2002,1,9,4,7,19.9,16.197,-97.635,14.7,3.9
2002,1,9,18,23,49.9,15.516,-98.401,7,4
2002,1,10,4,14,18.7,16.128,-97.677,16.7,3.7
2002,1,10,9,31,46.9,16.938,-100.103,6.8,4
2002,1,12,4,4,44.1,18.188,-103.335,20,3.8
2002,1,12,4,54,57.8,16.934,-100.186,8.7,3.4
2002,1,12,17,15,36,16.863,-98.722,16.1,3.8
2002,1,13,10,38,46.5,16.15,-98.296,3.6,3.7
2002,1,13,15,17,55.8,16.947,-100.158,6.5,3.5
2002,1,13,18,45,14.9,16.905,-100.115,3.5,3.4
2002,1,14,4,1,52.7,16.958,-100.082,5,3.4
2002,1,14,13,6,6.6,16.413,-98.22,5,3.8
2002,1,14,19,32,33.8,16.951,-100.175,5,3.8
2002,1,16,1,8,33.4,15.989,-96.702,15.5,4.1
2002,1,16,2,8,19.2,16.945,-100.246,10,3.6
2002,1,16,2,9,2.3,17.809,-100.61,67.7,3.9
2002,1,16,2,15,27.8,16.908,-100.22,8,3.6
2002,1,16,2,17,57.5,16.96,-100.238,10,3.6
2002,1,16,2,42,58.9,16.907,-100.29,2.6,3.6
2002,1,16,2,45,21.7,16.974,-100.239,8,3.5
2002,1,16,2,49,30.8,16.971,-100.227,8,3.7
2002,1,16,2,59,48.8,16.974,-100.231,8,3.9
2002,1,16,7,59,22.3,16.929,-100.2,10,3.2
2002,1,16,8,37,25.7,16.885,-100.571,1.3,3.6
2002,1,16,11,15,20.5,16.951,-100.252,6.6,3.2
2002,1,17,2,2,17.2,16.923,-100.152,4.6,3.3
2002,1,17,2,25,5.6,16.315,-99.498,16,4.2
2002,1,17,11,5,44.5,17,-100.127,8.7,3.9
2002,1,17,17,25,42.5,16.908,-100.158,6.5,3.2
2002,1,18,8,46,48.8,17.114,-99.521,38.7,3.7
2002,1,18,15,13,11.2,16.001,-98.426,7,3.9
2002,1,19,19,57,1.4,17.896,-102.778,21.7,4.1
2002,1,20,8,34,34.39,17.012,-99.96,10,4.5
2002,1,20,14,31,35.5,17.001,-100.091,10,3.8
2002,1,20,20,50,57.1,16.922,-100.163,13.3,3.6
2002,1,20,21,0,42.4,16.871,-100.207,13.9,3.8
2002,1,20,22,55,11.8,16.874,-100.138,10.6,3.8
2002,1,21,1,24,55.2,16.048,-98.694,3.6,4.1
2002,1,21,2,1,50.9,16.184,-98.735,8.1,3.9
2002,1,21,18,15,34.9,19.22,-97.2,97.1,4.1
2002,1,21,18,19,57.1,16.974,-99.955,36.8,3.6
2002,1,22,0,42,42.6,16.962,-100.239,6.7,3.5
2002,1,22,3,12,57.9,16.934,-100.151,27,3.5
2002,1,22,10,52,54.5,16.837,-100.157,20,3.5
2002,1,22,10,57,25,16.916,-100.152,19.6,3.5
2002,1,22,18,10,17.9,16.781,-100.209,10.7,3.8
2002,1,22,20,36,49.7,16.944,-100.118,20,3.9
2002,1,23,2,42,2,16.915,-100.119,10,4.1
2002,1,23,6,56,46.8,15.889,-96.875,7.8,4
2002,1,23,9,24,0.6,16.928,-100.095,5,4
2002,1,23,9,35,14.5,16.987,-100.054,9.4,4.2
2002,1,23,11,49,2.8,16.968,-100.068,2.9,4.4
2002,1,24,2,39,46.2,16.93,-100.095,20,3.6
2002,1,24,4,57,4.2,17.419,-99.719,63.3,3.7
2002,1,24,20,26,21.8,16.984,-100.087,4.3,3.8
2002,1,25,7,5,28.6,16.847,-100.273,1.9,3.5
2002,1,25,18,17,17.1,16.959,-100.211,3.8,3.5
2002,1,26,6,0,45.9,16.937,-100.17,3.3,3.5
2002,1,26,19,54,40.9,16.203,-97.265,10,3.8
2002,1,27,14,26,46.5,15.908,-96.501,85.5,4.1
2002,1,29,6,11,25.7,16.175,-98.278,10,3.9
2002,1,29,7,48,53,16.958,-100.135,6.8,4
2002,1,30,6,3,27,15.847,-97.006,13.6,3.6
2002,1,31,9,19,58.9,18.242,-100.749,44.2,3.9
2002,2,2,2,20,26.4,16.207,-99.651,12,3.7
2002,2,3,9,4,44.7,16.28,-98.211,5,4
2002,2,3,16,39,10.7,16.266,-98.266,5,3.7
2002,2,4,14,6,8.3,16.237,-98.317,5,3.8
2002,2,5,15,51,45,17.082,-99.351,9.2,4.2
2002,2,6,10,6,51.7,15.924,-98.378,20,4.1
2002,2,6,10,11,11.7,15.961,-98.448,4.7,4
2002,2,8,3,43,37.7,16.491,-100.065,10,4.2
2002,2,8,13,31,4.7,16.509,-100.165,3.4,3.6
2002,2,9,7,9,11.4,16.947,-100.151,24,3.3
2002,2,9,16,59,58.3,16.002,-97.146,9.6,3.7
2002,2,10,3,19,26.4,16.948,-100.272,8.5,3.3
2002,2,10,6,26,56,16.381,-98.161,1.7,4.2
2002,2,10,11,1,11.2,17.003,-99.704,29.6,3.5
2002,2,10,21,50,21.1,16.929,-100.231,10,4.3
2002,2,11,0,26,35.3,15.858,-99.563,16.1,4.2
2002,2,11,0,35,49.3,16.344,-99.38,17.3,4.2
2002,2,11,1,13,52.9,16.982,-100.118,6.9,3.6
2002,2,11,6,8,39,17.096,-100.068,4.9,3.4
2002,2,11,10,45,26.1,16.263,-98.513,10.9,3.9
2002,2,11,18,52,20.6,16.03,-97.146,31.8,4
2002,2,12,7,14,20.47,15.534,-98.607,10,4.3
2002,2,12,18,47,41.4,16.392,-98.127,3.7,3.8
2002,2,12,19,53,17.4,16.947,-99.8,49,4.1
2002,2,13,3,29,11.2,16.683,-99.768,8.6,3.9
2002,2,13,3,35,51.4,16.784,-99.721,4.9,4
2002,2,13,18,12,49.3,15.892,-97.912,10.4,4.1
2002,2,14,0,5,18.5,16.864,-100.154,14.1,3.5
2002,2,14,4,45,24.5,16.983,-100.154,9.4,4.1
2002,2,14,5,5,23.48,17.009,-99.907,33,4.1
2002,2,14,14,47,51.1,16.877,-100.117,10.1,3.9
2002,2,14,15,30,21.74,17.01,-99.966,12.6,4.5
2002,2,14,17,6,33.7,17.018,-100.17,5,4.1
2002,2,14,17,17,13,16.924,-100.255,9.3,4.1
2002,2,15,4,50,19.6,16.87,-100.226,5.8,4.3
2002,2,15,5,24,4.3,17.144,-100.118,0,3.8
2002,2,15,16,24,21.5,16.978,-100.137,6.9,3.5
2002,2,15,22,16,15.6,16.961,-100.182,7.5,3.4
2002,2,16,3,1,45.8,16.964,-100.169,7.7,3.4
2002,2,16,4,21,20.1,16.973,-100.168,7.8,3.5
2002,2,16,10,10,24.1,16.365,-98.461,18,3.6
2002,2,16,18,58,22.74,17.699,-98.872,65.8,3.7
2002,2,16,19,3,58.3,16.931,-100.118,6.1,3.8
2002,2,17,0,18,15.1,16.027,-97.585,33.7,3.9
2002,2,17,4,10,18.39,17.08,-99.855,33,4.4
2002,2,17,19,45,43.5,16.213,-98.381,6.1,3.9
2002,2,17,21,14,37.2,17.768,-101.691,41.2,4
2002,2,18,3,39,5.5,16.924,-100.2,10.7,3.5
2002,2,18,9,23,47.5,16.944,-100.201,6.9,3.6
2002,2,18,15,28,43.3,16.95,-100.262,4.1,3.5
2002,2,18,22,39,34.5,16.031,-98.098,9.7,3.6
2002,2,19,6,7,26,17.007,-99.998,10,4.1
2002,2,19,6,11,16,16.886,-100.101,12.5,3.5
2002,2,19,15,36,36,17.052,-100.03,3.1,3.4
2002,2,19,15,50,59,17.085,-100.033,3.4,3.5
2002,2,19,19,35,57.2,16.978,-100.175,8.7,4
2002,2,20,6,32,57.1,17.458,-101.135,4.3,3.8
2002,2,20,21,1,26.9,16.904,-100.21,11.2,3.5
2002,2,21,1,11,20.5,16.966,-100.083,6.4,3.6
2002,2,21,10,1,5.3,16.932,-100.186,9,3.6
2002,2,21,15,49,8.9,16.996,-100.17,10.5,3.2
2002,2,21,16,41,15.5,16.939,-100.222,11.8,3.3
2002,2,21,19,21,51.3,16.977,-99.641,34.6,4.5
2002,2,22,5,17,56.6,17.021,-100.154,7.8,3.4
2002,2,22,5,30,20.1,17.898,-101.869,31.6,4.1
2002,2,22,22,57,45.5,16.915,-100.241,10.6,4
2002,2,24,4,6,20.1,16.991,-100.162,5,3.7
2002,2,24,20,52,21.11,15.635,-104.446,100,3.9
2002,2,25,18,12,30.4,18.203,-100.535,46,4
2002,2,25,19,2,58.7,15.922,-98.912,22.3,4.2
2002,2,26,11,31,24.7,15.948,-98.128,25.2,4.1
2002,2,26,21,8,8.4,16.965,-100.059,5,3.4
2002,2,26,23,44,50.8,16.908,-99.383,53,3.7
2002,2,27,4,59,32.1,17.465,-101.352,28.5,3.7
2002,2,27,6,34,11.4,18.109,-103.625,19,3.9
2002,2,27,16,18,47.2,17.869,-102.986,22,4.1
2002,2,27,23,20,16.9,18.755,-101.427,71,4
2002,2,28,3,48,50.7,16.92,-100.259,3.2,3.9
2002,3,1,20,14,11.5,16.911,-100.046,25.4,3.8
2002,3,1,23,9,49.3,17.184,-101.505,20,4.1
2002,3,2,21,15,54.7,18.36,-100.122,51,4.1
2002,3,4,6,26,34.8,17.013,-100.176,11.6,3.5
2002,3,4,23,23,13.9,16.227,-99.177,5.8,3.9
2002,3,5,11,16,47.29,16.54,-99.919,10,4.6
2002,3,5,11,23,17.9,16.586,-100.285,5.1,4
2002,3,5,20,40,36.8,16.508,-100.118,3.8,3.8
2002,3,6,2,21,7.3,15.604,-97.497,16.1,4.3
2002,3,6,2,24,16.7,15.954,-97.699,17.5,3.8
2002,3,7,4,6,57.4,17.038,-100.126,9.1,3.6
2002,3,7,5,17,54.6,16.898,-100.179,5.7,3.8
2002,3,7,7,33,52.1,16.962,-100.2,7.5,3.7
2002,3,7,22,8,8.53,16.853,-100.18,10,4.4
2002,3,7,22,14,10.9,17.045,-100.138,5.9,4
2002,3,7,22,22,44.6,17.008,-100.171,10.2,3.7
2002,3,8,2,45,34.9,16.315,-98.611,3.4,3.8
2002,3,8,3,42,27.7,16.01,-99.044,16.1,4.4
2002,3,8,9,50,45.4,15.879,-99.123,20,4.3
2002,3,8,9,52,26,15.861,-99.257,31,4.3
2002,3,8,15,31,4.8,17.84,-101.172,20,3.8
2002,3,8,20,21,32.1,16.139,-97.242,16,3.6
2002,3,9,9,31,9.9,16.161,-97.234,14.8,3.7
2002,3,9,10,29,25.2,15.565,-99.001,12.6,4.1
2002,3,9,13,4,56.4,16.766,-99.69,5.1,3.8
2002,3,10,13,39,35.4,15.857,-99.079,13.8,3.9
2002,3,11,0,25,10.5,16.964,-100.163,10,3.6
2002,3,11,4,2,0.5,16.929,-100.186,10.1,3.5
2002,3,11,12,59,57.1,16.892,-100.18,7.9,3.4
2002,3,11,18,19,17.3,16.441,-99.326,20,3.7
2002,3,11,21,6,3.2,17.758,-97.549,69.9,3.8
2002,3,12,20,28,40.6,16.958,-100.225,5.8,3.6
2002,3,13,8,55,29.4,16.968,-100.226,5.9,3.8
2002,3,15,0,15,0.2,16.188,-99.294,16.1,3.9
2002,3,15,7,24,55.3,17.002,-100.129,6.8,3.5
2002,3,15,18,57,25.6,16.915,-100.119,6.8,4.1
2002,3,16,19,2,49.87,18.447,-104.118,10,4.4
2002,3,18,8,49,42.6,16.989,-100.074,9.7,3.9
2002,3,18,14,8,39.1,17.38,-101.529,7.3,4.1
2002,3,18,18,56,16.4,17.876,-99.417,78.5,3.7
2002,3,19,0,4,38,16.509,-99.687,2.3,4.1
2002,3,19,3,36,21.5,16.872,-100.147,18.7,3.8
2002,3,19,5,42,21.4,17.016,-100.571,2,3.4
2002,3,19,7,52,0.6,15.959,-98.691,26.6,4
2002,3,20,18,41,44,16.91,-100.539,6.6,4.1
2002,3,20,19,36,32.7,15.806,-96.945,16.1,3.2
2002,3,20,20,30,9,16.745,-99.668,3.7,3.7
2002,3,21,10,19,50.6,18.436,-101.483,53.4,4.1
2002,3,21,18,33,30.4,15.987,-96.599,62.6,4.2
2002,3,23,8,32,56.7,17.06,-100.013,12.4,3.4
2002,3,23,23,41,22.2,16.24,-98.835,24.1,3.8
2002,3,25,0,54,12.1,15.921,-96.884,44,4.1
2002,3,25,9,31,24.9,17.013,-98.977,12.2,4.1
2002,3,25,13,39,55.3,17.103,-101.177,31.9,4.3
2002,3,26,2,58,49.1,15.519,-97.445,16.1,3.8
2002,3,26,4,44,23.87,17.294,-99.131,33,4
2002,3,26,13,59,23.5,16.246,-97.877,2.9,4.2
2002,3,27,16,6,38.8,17.112,-100.481,42.6,3.6
2002,3,29,21,32,54.5,16.115,-97.518,16.1,3.9
2002,3,30,5,40,46.8,16.911,-100.14,10,3.9
2002,3,31,20,13,23.8,17.34,-101.458,5.8,3.8
2002,3,31,22,10,59.9,16.716,-98.896,4.4,4.1
2002,4,1,0,55,28.9,15.736,-98.724,23.5,4
2002,4,1,1,44,55.6,15.829,-98.724,10,4
2002,4,1,10,50,28.1,16.603,-100.383,4.4,4
2002,4,1,11,22,35.73,16.668,-100.428,10,3.9
2002,4,2,1,9,59.8,16.927,-100.201,8.3,3.5
2002,4,2,1,42,39.2,16.908,-100.092,12.5,3.7
2002,4,2,20,26,54.7,17.046,-100.087,10,4.3
2002,4,3,1,50,10.7,19.43,-103.856,95.1,3.7
2002,4,3,2,59,31.2,16.914,-100.242,12.9,3.5
2002,4,4,17,19,16.5,17.405,-101.654,13.2,4.1
2002,4,4,17,34,15.7,17.395,-101.589,9.7,4.3
2002,4,4,19,8,5.9,17.445,-101.684,13.5,4.4
2002,4,5,3,19,40.74,16.438,-100.009,5,4.4
2002,4,5,7,45,16.1,15.986,-97.591,23.7,3.9
2002,4,6,3,55,50.4,15.921,-97.729,16,3.8
2002,4,6,12,51,11.2,16.997,-100.192,9.4,3.5
2002,4,6,15,56,40.8,16.949,-100.101,5,3.9
2002,4,7,16,24,12.6,18.368,-100.902,48,4
2002,4,8,22,33,2.1,18.3,-99.681,67,3.7
2002,4,9,9,12,25.28,17.42,-103.12,10,3.7
2002,4,9,14,24,40.8,18.878,-103.519,7,3.9
2002,4,9,17,11,44.5,16.963,-100.11,5,3.5
2002,4,9,19,5,59.1,15.691,-98.81,5,3.8
2002,4,9,20,20,48.2,16.396,-99.026,16.1,4
2002,4,10,0,18,8.5,15.648,-98.874,15.5,4.4
2002,4,10,0,56,59.7,15.993,-98.91,4.1,3.8
2002,4,10,14,58,34.6,16.869,-100.532,5,3.8
2002,4,10,15,10,10.2,16.911,-100.533,5,4.2
2002,4,10,15,44,54,16.87,-100.545,5,4.1
2002,4,10,20,39,41.7,16.711,-99.436,37.1,3.7
2002,4,11,6,42,29.8,18.052,-102.521,22.1,4
2002,4,11,16,48,31.6,19.068,-103.962,10,4
2002,4,12,7,52,22.1,18.784,-104.148,16,4
2002,4,12,16,51,20,16.9,-100.073,19.7,3.4
2002,4,12,17,2,23.2,16.858,-100.145,5.8,3.4
2002,4,12,20,46,32.9,17.059,-100.501,8.7,3.7
2002,4,13,10,28,30.9,18.37,-103.447,10.3,3.9
2002,4,14,23,57,23.6,16.873,-100.14,20.3,3.8
2002,4,15,13,57,49.3,16.908,-100.089,25.9,3.9
2002,4,15,23,25,46.4,16.573,-99.424,16,3.6
2002,4,16,4,52,53.4,16.344,-98.276,10.2,4.2
2002,4,16,21,16,50.5,15.824,-98.941,21.5,4.2
2002,4,17,1,7,54.3,16.94,-100.084,1.4,4
2002,4,17,8,3,51.4,16.967,-100.072,20,3.4
2002,4,17,10,28,56.9,16.979,-100.197,9.4,4.3
2002,4,17,19,14,35.6,16.878,-100.551,4.5,3.9
2002,4,17,21,32,50.5,17.066,-100.223,22.9,3.6
2002,4,18,5,2,46.19,16.985,-100.865,24.9,6.8
2002,4,18,5,20,12.9,16.83,-101.009,16.1,3.8
2002,4,18,5,50,58.3,16.431,-100.92,75.1,4.2
2002,4,18,5,56,8.1,17.112,-101.23,0,4.3
2002,4,18,7,24,30.4,16.749,-100.798,33,4.1
2002,4,18,7,37,30.7,16.702,-100.713,3.5,4.1
2002,4,18,8,1,39,16.874,-100.839,19.5,4.3
2002,4,18,8,28,5.4,16.48,-100.939,29.9,4.3
2002,4,18,11,0,41.29,17.17,-101.351,20,5.1
2002,4,18,16,11,7.7,16.847,-101.426,15,4.2
2002,4,18,17,57,27.7,17.233,-101.25,33,5.9
2002,4,18,18,0,40.77,17.037,-101.322,33,4.9
2002,4,18,18,52,42.6,16.623,-101.057,16.1,4.4
2002,4,19,2,58,49.8,16.579,-101.069,16,4.1
2002,4,19,8,10,57.9,16.935,-101.589,40,3.9
2002,4,19,19,56,15.8,16.646,-100.428,5,4
2002,4,20,4,2,37.9,16.988,-101.632,20,3.9
2002,4,21,4,3,14.2,16.937,-100.145,7,4.1
2002,4,21,6,9,37.2,16.445,-100.885,22.4,4.1
2002,4,21,8,0,40.4,16.551,-101.106,6.8,4
2002,4,21,9,20,47.1,19.469,-98.938,13,3.1
2002,4,21,9,23,16.6,19.469,-99.039,17.8,3.1
2002,4,21,9,59,58.7,19.457,-99.025,14.1,3
2002,4,21,19,3,41.2,16.926,-100.107,9.2,4.1
2002,4,22,14,41,16.1,16.169,-99.708,8.8,4.1
2002,4,23,6,0,34.7,18.613,-104.59,16.1,4
2002,4,23,19,1,45.2,16.295,-98.393,9.7,3.9
2002,4,23,19,27,12.8,16.427,-98.531,67.8,4.1
2002,4,23,20,34,5.6,17.561,-101.075,16.1,3.9
2002,4,24,3,8,52,17.046,-101.23,16.4,4.1
2002,4,25,1,47,7.9,16.917,-100.973,12.4,3.7
2002,4,25,19,50,15.63,17.083,-101.227,10,4.1
2002,4,26,5,4,25.8,16.856,-100.161,14.7,3.3
2002,4,26,5,22,35.3,16.917,-101.114,0.1,3.7
2002,4,26,5,32,17.4,17.156,-100.864,0,3.8
2002,4,28,11,35,40.9,16.859,-100.167,5,3.4
2002,4,28,15,49,5.7,16.989,-100.197,5,4.1
2002,4,28,16,40,12.1,16.957,-100.192,5,3.3
2002,4,28,17,50,6.31,16.721,-99.465,10,4.5
2002,4,28,19,56,42.67,17.206,-100.974,25.9,4.7
2002,4,28,20,9,37.9,17.051,-101.283,16.1,3.7
2002,4,28,22,40,52.4,17.11,-101.253,13.8,3.6
2002,4,29,6,34,48.2,16.955,-100.101,5,3.6
2002,4,29,7,6,51.78,18.614,-104.114,33,4
2002,4,29,8,14,2.6,16.91,-100.112,9.3,3.4
2002,5,1,2,29,8.2,17.651,-101.89,6,3.9
2002,5,1,19,54,58.22,18.239,-102.074,54.4,4.6
2002,5,3,6,34,20.9,17.089,-101.266,21.5,4.2
2002,5,3,12,47,3.2,16.914,-100.174,5,4.3
2002,5,3,13,4,37.2,17.142,-102.026,51.6,4.3
2002,5,3,13,21,17.1,16.901,-100.166,5,4.3
2002,5,4,18,9,49.2,16.926,-100.187,9.8,3.6
2002,5,5,1,52,57.1,16.69,-99.75,3.8,3.9
2002,5,5,9,38,1.4,16.844,-99.669,3.5,3.4
2002,5,5,14,39,42,17.085,-100.114,9,3.6
2002,5,7,7,57,38.2,16.315,-98.443,33.8,4
2002,5,7,12,52,36.16,16.884,-100.799,33,4
2002,5,7,16,5,55.7,18.056,-99.864,61.4,3.6
2002,5,9,10,39,58,17.214,-100.111,51.9,3.7
2002,5,9,12,40,13.8,17.001,-100.179,13.9,3.4
2002,5,10,19,7,18.6,16.829,-100.218,4.3,3.7
2002,5,11,1,55,47.9,17.234,-101.388,16.5,3.7
2002,5,11,2,49,33.51,17.071,-100.017,33,3.9
2002,5,11,15,34,17.4,16.992,-100.313,7.4,3.5
2002,5,11,17,8,6.84,16.178,-97.41,33,4.5
2002,5,12,0,33,6.8,16.883,-100.226,4.8,3.5
2002,5,12,6,39,47.9,16.973,-100.196,7,3.6
2002,5,12,7,4,0.3,16.136,-98.255,10,3.6
2002,5,12,8,35,10.3,19.448,-103.921,82.1,3.8
2002,5,12,15,26,58.33,18.347,-101.019,57.8,4.6
2002,5,12,16,25,41.4,18.745,-102.241,45,4.1
2002,5,12,17,17,54,17.276,-101.271,7.7,3.8
2002,5,12,18,59,48.2,16.671,-100.207,10,4
2002,5,12,19,9,34,16.883,-100.229,9.8,3.6
2002,5,13,3,6,7.2,16.591,-101.338,16,3.7
2002,5,13,4,31,48.8,16.982,-100.141,5,3
2002,5,13,4,47,23.5,17,-100.159,5,3.9
2002,5,14,19,34,35.1,16.501,-98.496,10,3.8
2002,5,15,2,53,35,17.032,-100.596,3,3.6
2002,5,15,5,44,11.8,16.932,-100.214,4.3,3.6
2002,5,15,23,22,19.6,18.984,-98.543,1.9,3.4
2002,5,16,5,4,14.9,16.76,-99.96,3.8,3.7
2002,5,16,20,32,46.1,16.975,-100.381,46.2,3.6
2002,5,17,15,26,39.2,16.544,-100.65,17,3.9
2002,5,17,22,50,23.8,16.962,-100.092,20,3.4
2002,5,17,22,57,26.4,17.013,-100.022,5,3.5
2002,5,18,3,3,38.6,17.077,-99.974,53.3,3.5
2002,5,18,9,46,0.1,15.898,-96.597,41.9,3.6
2002,5,19,0,11,33.5,16.989,-100.199,5,3.3
2002,5,19,7,58,12.7,16.682,-101.304,12.9,3.8
2002,5,19,8,55,8.5,16.662,-101.339,29.1,3.9
2002,5,19,10,35,36.8,16.653,-101.335,17.1,3.9
2002,5,19,11,12,37,16.904,-100.094,20,4.3
2002,5,19,11,27,27.4,16.934,-100.004,5,4
2002,5,19,11,59,26.4,16.989,-100.096,25,3.5
2002,5,19,13,55,48.9,16.956,-100.088,23.9,3.8
2002,5,19,22,34,43,16.962,-100.175,5,3.9
2002,5,20,7,10,14.5,15.962,-99.503,10.2,3.9
2002,5,20,9,37,17.9,16.982,-100.187,5,3.8
2002,5,20,10,5,19.2,17.964,-99.002,42.7,3.7
2002,5,20,17,39,34.9,19.25,-105.009,20,3.7
2002,5,21,3,33,38.6,16.833,-101.573,15,3.8
2002,5,21,17,35,23.4,16.967,-101.412,16.2,3.3
2002,5,21,21,20,52.2,16.83,-99.716,8,3.6
2002,5,21,22,31,7.6,18.175,-100.877,42.1,3.7
2002,5,22,12,23,9.5,16.998,-96.549,64.4,3.9
2002,5,22,16,44,47,16.386,-98.873,18.9,3.8
2002,5,23,13,48,7,17.04,-100.038,33.1,3.8
2002,5,24,6,48,8.6,16.271,-98.536,20,3.7
2002,5,24,15,14,31.7,17.135,-100.006,2.2,3.7
2002,5,24,23,51,22,16.675,-101.297,20,4.2
2002,5,26,9,46,43.4,17.045,-100.052,9.7,3.9
2002,5,26,12,48,55,16.323,-97.511,86.9,3.9
2002,5,27,7,16,51.6,16.704,-99.807,10,3.5
2002,5,28,6,41,26.5,17.057,-100.056,8.2,3.5
2002,5,28,8,44,47.2,16.139,-98.334,5,3.6
2002,5,28,21,33,55.18,16.438,-99.359,9.1,5.1
2002,5,29,8,25,53.5,17.034,-100.105,37.8,3.8
2002,5,29,19,26,9.4,16.972,-100.112,30.1,3.4
2002,5,29,21,41,19.6,16.94,-100.208,10.9,3.6
2002,5,29,23,18,22.7,17.024,-100.171,8,3.5
2002,5,30,7,57,25.6,16.201,-98.158,5.1,3.5
2002,5,30,7,58,15.2,15.634,-97.5,10,4.4
2002,5,31,3,43,56.6,16.926,-100.215,7.6,4.2
2002,6,1,4,2,47.3,16.92,-100.245,11.2,3.7
2002,6,1,4,19,24.3,16.891,-100.144,8.6,3.9
2002,6,1,10,45,24.1,16.911,-100.127,18,3.7
2002,6,1,11,52,57.2,16.985,-100.111,5.2,3.6
2002,6,2,3,17,0.3,18.744,-104.537,15.4,4
2002,6,2,7,43,20.8,16.035,-98.649,20,4
2002,6,2,14,42,58.5,16.198,-98.232,20,3.8
2002,6,3,1,31,12.8,16.026,-97.514,12.8,3.8
2002,6,3,3,57,29.7,16.796,-99.767,7.6,3.6
2002,6,3,15,24,58.7,16.969,-100.045,20,3.7
2002,6,3,19,11,51.4,16.904,-100.173,12.8,3.5
2002,6,4,3,12,1.8,16.702,-99.787,7.9,3.7
2002,6,4,6,49,25.3,17.057,-100.265,9.8,3.8
2002,6,4,10,13,25.5,17.077,-100.031,4.6,3.9
2002,6,4,22,47,39.6,16.879,-100.153,35.4,3.6
2002,6,5,6,9,9.6,16.961,-101.658,16,3.7
2002,6,5,16,54,5.2,18.007,-101.852,23.1,4.2
2002,6,5,21,2,43.6,17.112,-101.1,16.6,3.7
2002,6,6,1,1,53.1,16.732,-99.674,3.3,3.5
2002,6,6,2,59,48.9,15.891,-96.885,20,3.8
2002,6,6,9,32,3.8,15.891,-97.692,16.3,3.8
2002,6,7,14,47,4.7,16.267,-100.106,10,4.1
2002,6,7,16,2,57.4,16.076,-96.698,33,5.3
2002,6,7,17,0,51.53,16.107,-96.749,33,5.6
2002,6,7,23,8,55.7,15.916,-96.915,16.6,3.7
2002,6,8,3,35,10.6,16.012,-97.615,30.7,3.5
2002,6,8,4,6,29.9,17.011,-101.44,16.2,4.3
2002,6,8,4,19,36.6,16.249,-98.193,5,4
2002,6,9,11,45,9.1,16.904,-100.239,5,4.2
2002,6,9,18,23,41.3,16.973,-100.172,5,3.6
2002,6,9,21,8,7.94,15.926,-97.258,33,4.3
2002,6,10,20,58,10.69,16.695,-100.212,10,4.6
2002,6,10,21,33,44.3,16.412,-100.213,6.5,3.9
2002,6,12,18,4,55.5,17.011,-102.274,9.1,3.8
2002,6,12,18,40,33.9,16.614,-100.408,5,3.9
2002,6,12,23,36,9.7,17,-100.222,5,3.5
2002,6,13,23,46,9.3,16.873,-101.818,29.7,4.5
2002,6,15,2,58,1.9,17.076,-100.255,23,3.7
2002,6,16,16,44,24.2,16.305,-99.419,10,3.6
2002,6,16,22,4,31.6,16.053,-97.793,45.6,3.7
2002,6,17,3,51,37.1,17.059,-101.907,15.9,4
2002,6,17,4,1,23,15.485,-96.679,45.8,3.8
2002,6,17,18,11,33.9,18.884,-104.412,12.7,4.1
2002,6,18,8,38,55.15,15.845,-97.294,33,4.5
2002,6,18,22,44,38.2,16.99,-100.199,5.9,3.7
2002,6,19,2,6,36.1,18.937,-104.091,20,3.9
2002,6,19,9,44,5.9,16.991,-99.073,79.5,3.9
2002,6,19,21,50,8.3,16.325,-97.941,33,5.3
2002,6,20,6,23,22.55,16.222,-97.974,33,4
2002,6,20,10,40,2.6,16.041,-96.862,32.4,3.9
2002,6,22,1,53,22.44,16.101,-98.744,10,4.4
2002,6,22,1,56,46.81,15.591,-98.549,10,4
2002,6,22,10,15,32.36,17.195,-99.658,33,4.2
2002,6,23,3,47,7.3,16.093,-98.441,8.2,3.9
2002,6,23,17,8,10.5,17.354,-100.764,16.8,3.6
2002,6,24,5,58,22.1,15.984,-98.671,5.3,3.7
2002,6,24,15,45,22.3,16.532,-100.585,20,3.7
2002,6,25,23,45,17.7,16.014,-97.27,16.7,3.7
2002,6,26,2,2,28.8,17.402,-102.247,13,4
2002,6,27,4,59,48.39,17.848,-100.344,71.6,4.4
2002,6,27,6,52,21.7,16.032,-96.945,80.6,3.7
2002,6,27,20,58,39.2,16.39,-98.109,16.8,4
2002,6,28,18,8,32.9,16.692,-99.901,10,4.6
2002,6,30,22,1,11.4,16.75,-100.242,5,3.7
2002,7,1,1,26,27.9,17.389,-101.531,18,3.5
2002,7,1,20,22,44,17.383,-101.012,30.6,4.2
2002,7,2,0,29,34.7,16.831,-99.326,16,4.4
2002,7,2,12,53,46.8,16.825,-99.246,47.5,3.9
2002,7,5,10,45,59.6,17.931,-98.34,16.3,3.8
2002,7,5,10,59,22.9,19.091,-100.159,97.8,3.8
2002,7,5,20,47,40.4,16.698,-96.668,150.7,4.1
2002,7,6,20,39,26.7,16.97,-100.208,10,3.5
2002,7,6,23,9,7.7,16.962,-100.189,10.1,4
2002,7,8,9,36,28.5,16.236,-96.838,88.5,3.8
2002,7,8,16,39,25.2,16.945,-100.02,33.4,3.5
2002,7,8,16,45,51.8,17.29,-100.863,11.1,3.6
2002,7,11,5,16,24.1,16.06,-96.679,51.8,4.1
2002,7,11,18,57,38,16.358,-97.957,118.6,4.3
2002,7,11,19,24,2.1,16.526,-97.972,98.1,4.1
2002,7,13,17,34,42.2,19.188,-98.549,34,3.4
2002,7,13,18,4,8.4,15.952,-97.7,16.1,4
2002,7,14,18,45,39.4,18.097,-100.201,70.9,4
2002,7,16,13,15,28.4,15.9,-97.269,11.5,4
2002,7,16,20,55,49.5,16.957,-100.082,20,3.6
2002,7,16,22,53,54.5,15.536,-98.725,20,4.1
2002,7,17,5,44,51.9,16.415,-101.568,20,4.3
2002,7,18,7,8,21.8,16.655,-99.585,2.5,3.6
2002,7,18,9,13,47.1,16.57,-99.603,5.1,4
2002,7,18,13,4,32.5,16.708,-101.217,22.6,3.9
2002,7,19,13,49,49.7,17.903,-97.367,64.8,3.8
2002,7,19,14,29,47.8,16.877,-100.159,5,3.5
2002,7,19,21,15,52.2,16.841,-100.357,6.6,3.6
2002,7,20,8,7,54.7,17.467,-101.276,37.5,3.9
2002,7,21,3,38,47.3,16.976,-100.178,5,3.6
2002,7,21,11,1,5.3,16.956,-100.16,5,3.8
2002,7,21,19,32,15.8,17.089,-100.877,20,3.7
2002,7,23,5,47,0.78,18.266,-104.875,10,3.9
2002,7,23,12,37,45.9,18.218,-101.196,68,3.8
2002,7,23,13,2,42.4,18.121,-100.61,64.3,3.8
2002,7,24,14,40,11.3,16.886,-100.232,7.4,3.6
2002,7,25,17,29,38.2,16.132,-97.707,50,4
2002,7,25,21,0,24.2,16.026,-97.363,97.8,4
2002,7,26,1,56,54.1,16.968,-100.127,5,3.4
2002,7,26,5,58,10.4,16.989,-100.12,5,3.5
2002,7,26,15,4,54.9,18.14,-103.742,20.6,4
2002,7,26,20,46,53.2,16.891,-100.089,24.9,3.5
2002,7,30,13,29,2.5,16.811,-99.691,4.1,3.5
2002,8,2,13,48,8.1,15.836,-97.236,16,3.9
2002,8,3,0,1,12.2,16.611,-100.593,10.8,3.8
2002,8,4,11,3,46.3,16.453,-99.4,16,3.8
2002,8,4,14,20,51,16.979,-100.194,4,3.9
2002,8,4,21,7,36,17.305,-101.366,21.4,4.1
2002,8,5,17,3,5,16.346,-99.389,16.6,3.7
2002,8,9,9,10,1.5,17.343,-101.618,8,4.5
2002,8,9,16,9,38.6,16.413,-96.801,130.7,3.9
2002,8,9,19,49,57.3,17.867,-99.191,50.4,4
2002,8,10,21,36,45.6,16.899,-100.165,5,4.2
2002,8,11,2,0,36.23,15.982,-98.448,10,5
2002,8,11,4,43,37.51,15.785,-98.525,10,4.1
2002,8,12,5,20,47.1,15.888,-98.186,14.3,4
2002,8,12,14,8,23,15.971,-96.545,43.9,4.1
2002,8,13,2,58,40.8,17.002,-100.441,8.7,4.1
2002,8,14,9,19,39.9,16.972,-100.178,5,3.7
2002,8,14,10,44,28.7,16.971,-100.2,5,3.5
2002,8,15,2,36,26.5,17.173,-99.856,10,3.9
2002,8,15,5,13,14.2,16.884,-100.097,10,4.3
2002,8,15,6,26,11.5,16.918,-100.089,5,4
2002,8,15,8,21,25.4,16.718,-99.808,14.9,3.6
2002,8,15,10,0,30.6,16.945,-100.099,5,3.5
2002,8,15,10,21,45.69,16.89,-99.43,0,4.4
2002,8,15,11,1,37.2,16.88,-100.079,6.6,3.8
2002,8,15,13,21,12.1,16.909,-100.084,5,3.4
2002,8,15,14,58,37.9,16.943,-100.082,5,3.1
2002,8,15,14,59,41.3,16.938,-100.074,5,3.3
2002,8,15,15,21,27.9,16.93,-100.077,5,3.4
2002,8,15,15,48,59.8,16.939,-100.071,5,3.4
2002,8,16,6,29,31,16.543,-99.516,5,4.2
2002,8,16,12,6,27.2,17.871,-99.348,52,4
2002,8,16,18,58,15.9,17.059,-100.156,48.8,3.3
2002,8,17,15,34,34,16.994,-100.044,20,3.5
2002,8,18,5,29,36.8,16.997,-100.03,20,3.5
2002,8,18,11,46,52.8,17.448,-101.265,33.8,3.6
2002,8,18,15,57,55.8,16.946,-100.05,24.3,3.7
2002,8,19,3,23,46.2,16.929,-100.085,9.9,3.8
2002,8,19,3,30,46.8,16.904,-100.093,10,4.2
2002,8,19,4,46,23.6,17.003,-100.036,12.5,3.5
2002,8,19,4,55,53.4,16.79,-100.18,12.8,3.5
2002,8,19,5,8,53,16.938,-100.096,10,3.4
2002,8,21,15,23,42.8,16.979,-100.149,10,4
2002,8,21,16,21,6.6,16.569,-99.718,3.2,4.2
2002,8,21,21,32,11.1,17.015,-100.111,10,3.8
2002,8,21,21,37,22.7,16.358,-99.302,16.5,4.3
2002,8,21,22,12,43.4,16.867,-100.095,8.6,3.8
2002,8,22,1,23,56,16.985,-100.141,10,4.2
2002,8,22,2,7,1.81,16.001,-97.737,33,4.1
2002,8,22,4,32,3.1,16.992,-100.105,10,3.5
2002,8,22,18,55,56,17.288,-100.764,44.6,4
2002,8,22,20,14,27.4,17.367,-100.74,43.3,3.9
2002,8,22,22,45,57.9,15.967,-98.02,1.3,4
2002,8,23,2,42,15.5,16.95,-100.144,9.5,3.4
2002,8,23,14,45,15.4,17.444,-101.039,31.6,3.5
2002,8,23,20,16,41.8,16.914,-100.101,9,4
2002,8,23,20,21,15.4,16.915,-100.098,5,4
2002,8,23,23,49,49.4,16.906,-100.079,5.9,3.5
2002,8,24,8,14,33.4,15.741,-98.191,18.8,4.1
2002,8,24,8,38,59.7,16.993,-100.068,11.3,4.1
2002,8,24,22,19,6.1,17.077,-100.218,56.5,3.7
2002,8,25,0,3,41.4,15.856,-97.448,16,3.8
2002,8,25,7,26,21.5,15.718,-98.35,15,4.1
2002,8,25,7,29,1.6,16.819,-100.122,10,3.5
2002,8,26,6,33,58,16.425,-97.928,44.1,3.9
2002,8,26,7,29,50.1,16.904,-100.087,5,4.1
2002,8,26,9,43,8.1,15.94,-96.52,33.4,4.1
2002,8,27,0,13,29.3,17.65,-101.589,38.5,4
2002,8,27,17,8,50.36,16.305,-97.319,46.9,5
2002,8,28,11,44,46.8,15.92,-98.457,24.9,3.9
2002,8,29,1,5,41.34,17.7,-97.311,70.2,4.3
2002,8,29,5,46,15.8,16.853,-100.119,7.4,3.6
2002,8,29,8,47,41.37,16.493,-98.881,31.9,4
2002,8,29,12,41,46.6,18.266,-101.694,16,4.2
2002,8,30,10,43,56.9,16.884,-100.127,10.1,3.7
2002,8,30,21,11,43.6,16.689,-100.944,16.1,5.3
2002,8,30,21,17,2.5,17.057,-100.905,14.8,3.9
2002,8,30,21,20,2.6,16.892,-100.958,9.6,3.9
2002,8,30,21,44,43.3,17.019,-100.805,17,4.2
2002,8,30,22,17,9.9,16.763,-100.983,10,3.9
2002,8,30,22,30,16.1,16.731,-101.015,20,3.9
2002,8,30,23,13,40.6,18.383,-103.288,21,4
2002,8,31,4,11,3.9,16.888,-101.642,16.2,3.9
2002,8,31,5,37,11.7,16.919,-100.991,22,3.9
2002,8,31,11,6,51.6,16.971,-100.279,6.7,3.9
2002,9,1,3,27,11.7,16.1,-97.294,3.6,3.9
2002,9,1,16,1,20.78,16.982,-100.716,39.2,4.7
2002,9,1,19,21,10.8,16.671,-101.022,26.1,4.4
2002,9,2,5,54,57.4,16.736,-100.971,23.7,4
2002,9,2,18,8,17.24,18.816,-104.595,10,4.3
2002,9,3,7,27,55.7,15.97,-96.874,5.6,4.1
2002,9,3,14,50,47.4,16.611,-99.478,10,3.8
2002,9,3,18,37,57.7,16.091,-98.156,4.1,3.9
2002,9,4,8,46,43.6,15.899,-98.115,39.3,4.2
2002,9,5,3,50,20.4,19.37,-98.528,44.4,3.8
2002,9,5,5,4,5.1,16.857,-100.744,5,3.8
2002,9,5,19,28,37.7,17.29,-100.146,20,4
2002,9,6,15,18,43.7,16.154,-97.981,13.4,4
2002,9,7,20,43,15.3,17.001,-100.1,1.4,3.5
2002,9,7,22,37,18.1,16.856,-100.21,20,3.6
2002,9,8,0,41,7.1,16.705,-99.84,13.9,3.9
2002,9,8,16,4,7.8,16.92,-100.19,3.9,3.8
2002,9,9,9,2,55.8,16.071,-97.57,16.2,4
2002,9,10,2,21,21.3,16.873,-100.104,11.6,4.3
2002,9,10,2,27,43,16.915,-100.086,26.3,3.6
2002,9,10,3,49,49.6,16.325,-99.091,16.1,4.1
2002,9,10,4,48,1.2,16.968,-100.179,9.3,4.1
2002,9,10,17,48,34.9,16.942,-99.737,7.1,3.6
2002,9,11,6,35,11.9,17.278,-100.081,46.3,3.5
2002,9,11,16,40,22,16.016,-98.588,14.4,4
2002,9,11,19,38,47.2,16.882,-96.937,67.7,3.8
2002,9,11,20,50,10.7,16.663,-99.291,20,4.4
2002,9,12,22,38,54.1,16.959,-100.183,5.4,3.9
2002,9,13,3,24,11.4,18.126,-100.959,57.3,4.3
2002,9,13,9,45,2.3,15.925,-98.252,5.6,4.5
2002,9,14,13,9,56.8,18.308,-100.474,56.8,3.7
2002,9,16,10,9,43.6,16.032,-97.153,8.9,4.1
2002,9,16,18,10,57,15.871,-96.351,30.4,3.9
2002,9,16,21,7,19.2,18.548,-103.26,93.9,4
2002,9,17,1,41,10.9,16.866,-99.765,6.5,3.7
2002,9,17,9,29,4.2,16.175,-98.039,4.2,3.8
2002,9,17,13,46,21.3,17.341,-101.407,5.6,3.7
2002,9,17,15,15,52.4,15.928,-98.556,1,4.4
2002,9,17,17,19,47.6,15.988,-98.592,1.1,4
2002,9,17,18,19,17.74,15.883,-98.5,10,4.4
2002,9,17,18,53,57.3,16.018,-98.608,6,3.9
2002,9,17,19,10,36.2,15.815,-98.325,31.6,4
2002,9,17,19,55,54.9,15.731,-98.516,20,4
2002,9,17,20,4,13.4,15.93,-98.551,10,4
2002,9,17,20,6,24.2,15.986,-98.592,6,4
2002,9,17,21,30,34.4,19.191,-103.898,20,4.2
2002,9,19,23,34,9.14,16.268,-97.934,34.6,4.6
2002,9,20,10,43,11.3,16.926,-100.064,5,3.8
2002,9,21,2,12,50.79,18.523,-101.259,60.9,5
2002,9,21,16,47,57.2,16.203,-98.188,5,3.6
2002,9,22,13,42,17.5,16.954,-100.097,5,3.6
2002,9,23,1,40,9.6,16.252,-99.727,23.8,3.8
2002,9,25,0,23,24.2,16.821,-100.796,10,3.5
2002,9,25,18,14,48.5,16.87,-100.113,5.5,5.3
2002,9,25,18,22,47,16.717,-100.195,5,3.7
2002,9,25,18,25,58.2,16.688,-100.348,10,3.5
2002,9,25,18,42,40.8,16.779,-100.15,10,3.6
2002,9,25,19,6,10.3,16.708,-100.317,5,3.7
2002,9,25,23,46,23.5,16.781,-100.223,10,3.5
2002,9,26,20,41,22.5,16.874,-100.133,4.1,4.3
2002,9,27,7,4,58.1,17.163,-100.59,36.4,5.1
2002,9,27,13,50,47.8,16.908,-100.222,6.5,4.4
2002,9,27,14,59,36.9,17.238,-100.511,32.8,3.8
2002,9,28,8,16,26.2,16.367,-99.161,16.5,3.5
2002,9,28,17,53,15.3,17.964,-102.459,16.1,4.2
2002,9,29,0,19,44.4,16.58,-97.234,116.5,3.9
2002,9,29,3,6,22.1,16.205,-98.154,3.9,4.2
2002,9,29,5,17,27.8,16.216,-98.142,2.6,4.3
2002,9,29,18,34,16.1,16.913,-100.076,3.2,4.3
2002,9,30,12,48,30.22,16.882,-101.575,10,4.2
2002,9,30,21,46,59.96,18.069,-102.992,33,4.2
2002,10,10,23,3,15.81,17.727,-101.031,33,4.2
2002,10,12,2,48,36.4,16.958,-101.064,33,3.8
2002,10,12,16,24,0.94,18.115,-98.995,92.6,4
2002,10,14,15,8,20.58,17.075,-99.815,33,4.2
2002,10,15,6,47,12.57,16.939,-98.171,33,4.3
2002,10,15,20,36,2.89,16.886,-101.518,33,3.7
2002,10,17,4,14,47.17,15.982,-100.52,33,4.1
2002,10,22,15,21,20.78,17.407,-101.813,33,3.9
2002,10,25,0,54,21.89,16.968,-101.267,33,4.1
2002,10,27,21,8,51.86,17.082,-101.295,33,4.8
2002,10,27,21,25,49.08,16.891,-101.384,33,4.6
2002,11,2,11,21,20.4,17.274,-101.057,9.3,3.8
2002,11,3,21,34,59.6,19.259,-98.033,5,4
2002,11,3,22,16,48.7,16.952,-100.196,5.2,4.4
2002,11,4,10,0,47.15,17.49,-101.432,33,5.2
2002,11,4,13,57,32.4,17.433,-101.657,15.7,4.5
2002,11,5,10,5,50.9,16.321,-98.483,39.2,4.4
2002,11,5,11,41,51.5,17.024,-100.133,8.1,4.2
2002,11,5,14,5,7.64,19.281,-104.781,10,5.3
2002,11,6,1,24,47.8,16.965,-100.211,4.2,3.5
2002,11,6,16,2,37.54,16.486,-98.868,33,4.8
2002,11,6,16,7,18.8,16.197,-99.079,18.5,4.1
2002,11,6,16,24,17.7,16.154,-99.238,15.2,4.4
2002,11,6,18,4,5,16.94,-101.601,8,4.5
2002,11,6,23,10,24.8,16.968,-100.165,5,3.5
2002,11,8,2,1,37,16.94,-100.181,5,3.5
2002,11,8,2,27,48.5,16.893,-100.232,9,3.3
2002,11,8,7,51,10.4,16.931,-101.472,6.2,3.6
2002,11,8,22,38,53.7,16.887,-100.162,9.3,3.7
2002,11,8,23,20,41.77,16.337,-97.993,25.6,5.3
2002,11,8,23,30,32.9,16.432,-98.326,3.7,3.7
2002,11,9,0,41,37.4,16.224,-98.253,3.8,3.8
2002,11,9,16,30,43.4,16.936,-101.531,16.2,4
2002,11,9,20,15,26.4,16.744,-99.806,15.9,3.7
2002,11,11,7,29,54.7,18.874,-104.691,13.4,4.2
2002,11,12,2,23,58.1,16.321,-98.758,7.5,4.2
2002,11,12,5,14,56.1,16.394,-99.301,16.1,4
2002,11,12,6,2,32.5,17.691,-97.711,71.3,4
2002,11,12,15,47,38.9,18.36,-103.083,59,4.2
2002,11,12,17,7,46,16.01,-99.147,17,4.2
2002,11,13,0,8,24.5,15.95,-97.623,20,4
2002,11,13,1,11,56.7,17.127,-100.108,35.5,3.9
2002,11,13,9,56,51,16.113,-97.247,20,4.4
2002,11,13,10,20,9.4,15.974,-98.746,16,4.3
2002,11,15,7,0,12.7,16.899,-101.345,9.9,4
2002,11,15,16,46,51,18.261,-103.579,5,4.2
2002,11,15,19,56,59,16.975,-101.711,13.1,3.9
2002,11,15,21,25,41.4,16.85,-101.565,18,4.3
2002,11,16,4,42,26.1,17.494,-101.454,42.5,3.6
2002,11,16,11,50,2,19.167,-98.486,9.3,4.1
2002,11,16,13,1,27.4,17.108,-99.932,55.8,3.9
2002,11,16,13,51,25.5,16.939,-100.156,13,4
2002,11,16,14,55,36.1,17.045,-101.643,16.4,4.1
2002,11,16,23,49,23.5,17.042,-99.958,7.3,3.8
2002,11,17,0,54,9.4,19.2,-98.51,7.3,3.4
2002,11,17,5,24,32.5,17.327,-101.138,20,3.8
2002,11,17,12,14,25.7,19.194,-98.501,2,3.4
2002,11,17,12,20,28.5,19.2,-98.615,5.1,3.4
2002,11,17,20,47,2.7,16.956,-101.706,16.2,3.9
2002,11,17,22,1,47.9,17.015,-101.628,7.1,4.1
2002,11,20,6,25,48.1,17.908,-100.721,61,4.1
2002,11,20,22,59,14.28,16.946,-101.527,33,4.3
2002,11,20,23,7,3.4,16.766,-98.992,16.1,3.8
2002,11,20,23,28,42.8,17.472,-101.074,23.7,4.2
2002,11,21,23,8,26.8,16.12,-97.489,16.8,4.2
2002,11,23,0,3,32.2,17,-101.689,16.1,4.1
2002,11,23,0,18,30.55,17.084,-101.519,33,4.1
2002,11,23,16,1,43.5,17.016,-100.167,5,3.5
2002,11,24,14,30,47.2,16.847,-101.666,10,4.2
2002,11,25,7,5,11.9,17.081,-101.244,17.5,4
2002,11,25,22,57,33.7,16.959,-100.11,10.1,4.3
2002,11,26,8,38,20,17.277,-99.928,71.9,3.7
2002,11,26,16,30,59.66,17.146,-101.625,10,4.3
2002,11,26,17,27,28.3,17.102,-101.476,4.7,4.2
2002,11,27,8,24,45,16.969,-102.26,23,4
2002,11,27,8,47,49.4,17.67,-102.159,10,4.2
2002,11,29,2,17,19.6,16.955,-100.152,5,3.3
2002,11,29,3,4,30.5,17.306,-100.707,27.1,3.7
2002,11,29,7,21,1.6,16.884,-100.028,5,3.6
2002,11,29,17,7,51.8,16.625,-99.807,2.5,3.7
2002,11,30,3,28,59.5,17.832,-102.726,16.1,4
2002,12,8,5,37,23.12,18.254,-100.923,61.5,3.8
2002,12,10,3,9,40.11,17.884,-100.909,85.5,5.5
2002,12,14,1,37,48.19,17.522,-100.891,33,4.7
2002,12,17,2,50,5.9,16.903,-99.317,16.1,4.2
2002,12,17,6,9,24.7,16.977,-100.166,5,3.6
2002,12,17,10,50,51.2,16.971,-100.142,5,3.5
2002,12,17,19,28,53.1,15.627,-96.576,20,3.7
2002,12,17,19,58,53.7,16.004,-97.004,17.9,3.7
2002,12,19,4,18,21.4,15.853,-97.774,27.1,4.1
2002,12,19,20,38,39.2,16.883,-100.211,5,4.1
2002,12,20,2,55,48.2,15.794,-99.391,5,4.3
2002,12,21,3,37,0.5,17.761,-99.813,61.7,4.1
2002,12,21,8,1,31.1,16.54,-99.055,20,4.4
2002,12,21,9,25,38.3,16.823,-100.176,9,3.7
2002,12,21,21,22,25.1,19.311,-98.755,23,3.3
2002,12,22,0,53,26.4,16.847,-100.285,12.5,3.7
2002,12,22,4,13,44.3,16.82,-99.482,4.8,4
2002,12,23,9,10,4.2,16.183,-98.188,13.6,3.9
2002,12,24,3,57,11.9,16.354,-97.51,98.1,4.3
2002,12,25,7,12,45.7,17.053,-99.624,10,3.9
2002,12,27,20,6,41.7,17.129,-100.024,5.3,3.4
2002,12,28,18,5,4.3,17.48,-101.548,26.4,3.6
2002,12,28,18,46,33.9,16.485,-99.089,12.8,3.8
2002,12,30,1,0,6.3,16.822,-100.152,5.5,4
2003,1,2,1,43,7.4,15.906,-97.382,31.6,3.9
2003,1,2,12,47,9.3,15.861,-98.783,16.1,3.4
2003,1,3,1,0,7.4,18.829,-98.549,8.8,3.3
2003,1,3,8,33,2.3,17.065,-101.622,3,3.7
2003,1,3,12,40,53.67,17.304,-102.727,33,4.3
2003,1,4,4,48,34.1,17.119,-101.513,16.2,3.6
2003,1,4,8,15,24.5,16.929,-100.224,15.7,3.4
2003,1,4,19,15,23.7,16.135,-98.422,26.3,3.7
2003,1,5,8,13,25.9,17.363,-100.608,20,3.4
2003,1,5,19,46,2,16.056,-97.551,27.2,3.8
2003,1,7,9,2,3,18.158,-98.488,44.3,3.6
2003,1,8,9,17,6.6,17.042,-101.764,13.3,3.6
2003,1,8,19,24,22.8,16.936,-100.1,10,3.7
2003,1,8,19,49,4.8,16.918,-100.076,5,4
2003,1,8,21,27,22.2,19.182,-98.97,12.4,3
2003,1,9,8,26,18.9,17.09,-99.364,15.7,3.5
2003,1,10,2,8,2.8,16.968,-100.301,29.6,5.2
2003,1,10,2,31,35.2,17.077,-100.273,25,3.5
2003,1,11,0,51,38.4,16.967,-99.578,54.2,3.7
2003,1,11,7,20,30,16.524,-101.109,29.1,3.8
2003,1,11,11,43,50.8,16.94,-100.209,10,3.8
2003,1,11,21,13,50.5,16.95,-100.172,10,3.7
2003,1,12,6,19,57.7,16.132,-97.599,9,4.1
2003,1,12,20,18,30.5,17.212,-100.531,38.7,4.1
2003,1,13,9,50,3.6,16.976,-100.162,2.3,4.1
2003,1,15,15,8,57.3,17.625,-97.212,77.9,4.1
2003,1,15,17,54,32.9,16.001,-97.57,16.1,3.8
2003,1,16,6,40,1.5,16.997,-99.638,26.4,4
2003,1,16,8,21,15.2,19.187,-98.936,14.7,3.1
2003,1,16,13,7,24.1,15.919,-98.629,18,4.2
2003,1,16,19,12,17.5,16.999,-100.058,2,4.2
2003,1,16,19,15,59.5,17.113,-100.022,10,3.1
2003,1,17,6,9,5.6,16.89,-100.139,8.6,3.5
2003,1,17,7,17,45.1,18.056,-100.662,57.8,3.8
2003,1,17,13,5,16.5,16.022,-98.929,16.7,3.7
2003,1,18,4,1,43.6,16.163,-98.433,13.8,4
2003,1,18,6,14,37.2,15.907,-97.731,20,3.9
2003,1,18,7,56,48,16.002,-97.772,46.8,3.7
2003,1,18,11,40,33,15.842,-98.859,20,3.7
2003,1,18,18,11,32.7,15.927,-98.52,7.2,4.1
2003,1,19,1,17,34.2,16.109,-98.381,13.3,3.8
2003,1,19,10,41,49.8,16.905,-100.261,8.7,3.6
2003,1,19,12,8,51.9,18.822,-101.738,78.7,4
2003,1,19,14,23,21.1,16.246,-99.129,16.1,4
2003,1,20,19,51,56.8,16.106,-97.571,27.3,3.8
2003,1,21,10,55,25.3,16.364,-98.491,36.7,4.1
2003,1,21,13,37,21.4,18.103,-98.84,73.5,3.6
2003,1,22,2,6,34.61,18.77,-104.104,24,7.6
2003,1,22,2,26,38.76,18.479,-104.355,10,4.7
2003,1,22,2,28,54.92,18.403,-104.521,10,5.1
2003,1,22,4,17,20.5,18.472,-104.492,10.1,4
2003,1,22,4,34,15.9,18.452,-104.209,10,4
2003,1,22,4,50,44.5,18.507,-104.2,10,4
2003,1,22,5,9,26.65,18.45,-104.292,10,3.8
2003,1,22,5,45,9.3,18.739,-104.179,10,4.3
2003,1,22,5,52,43.9,18.506,-104.351,10,4.2
2003,1,22,6,4,42,18.715,-104.169,10,4.3
2003,1,22,7,13,38.17,18.126,-99.397,7.8,3.7
2003,1,22,9,42,1.7,19.048,-104.106,15,3.9
2003,1,22,10,5,40.3,18.468,-104.155,10.5,3.8
2003,1,22,15,12,17.6,18.538,-104.233,7.8,3.9
2003,1,22,15,40,18,17.634,-101.292,54,4
2003,1,22,19,41,38.51,18.822,-104.374,10,5.9
2003,1,22,19,58,4.2,18.609,-104.653,21.7,4
2003,1,22,20,15,34.71,18.737,-104.467,10,5.5
2003,1,22,21,30,6.4,18.687,-104.603,16.4,3.7
2003,1,22,21,38,54,16.013,-97.736,29.3,3.6
2003,1,22,22,8,5.6,18.709,-104.587,16.4,3.5
2003,1,22,22,42,49.3,18.689,-104.505,30.5,3.9
2003,1,22,23,9,51.1,18.829,-104.566,9.7,4
2003,1,23,1,30,1.4,18.64,-104.503,20,3.9
2003,1,23,4,46,14.1,18.901,-104.593,18.5,4.1
2003,1,23,6,26,45.4,18.811,-104.567,13.3,4
2003,1,23,6,56,26.9,17.853,-101.421,59.6,4.1
2003,1,23,8,7,3.7,18.556,-103.861,16.6,3.7
2003,1,23,8,25,28.6,18.639,-104.147,20,4.1
2003,1,23,10,54,56.82,18.542,-104.373,10,4.3
2003,1,23,17,54,37.8,18.659,-104.336,15.7,4.3
2003,1,23,19,8,43,18.471,-104.334,19.5,3.9
2003,1,24,3,33,23.1,18.333,-102.619,69.1,4.1
2003,1,24,6,40,17.3,18.669,-104.147,3.7,3.8
2003,1,24,7,49,9.3,18.709,-104.598,16,4
2003,1,24,9,29,40.4,18.804,-104.278,10,3.9
2003,1,24,10,33,11.6,18.583,-104.374,16,3.7
2003,1,24,11,19,17.3,18.682,-104.499,17.7,3.7
2003,1,24,15,23,42.1,16.189,-98.357,10,3.7
2003,1,25,0,26,45.7,16.924,-100.377,13.3,3.6
2003,1,26,8,46,48.2,18.806,-104.449,5,4
2003,1,26,23,8,14.6,16.274,-98.107,56.4,3.7
2003,1,28,11,29,6.45,18.534,-103.866,33,3.7
2003,1,28,13,50,13.5,17.436,-96.719,82.5,4
2003,1,28,19,31,23.6,17.433,-101.194,30,3.6
2003,1,29,12,5,31.5,16.959,-100.245,6.6,3.1
2003,1,29,15,22,21.7,18.277,-100.923,60,4
2003,1,29,19,38,9.5,18.752,-104.001,10,3.8
2003,1,31,13,19,59.6,16.925,-100.186,10.1,4.2
2003,1,31,15,56,52,16.998,-100.156,5,4.2
2003,1,31,18,0,5.8,16.929,-100.182,9.3,3.8
2003,1,31,22,33,30.3,17.116,-100.103,1.6,3.7
2003,2,1,5,32,37.3,16.031,-97.091,35,3.7
2003,2,1,13,49,43.4,16.959,-100.206,15.9,3.4
2003,2,1,14,51,26,16.896,-100.268,16.2,3.4
2003,2,1,20,22,7.7,17.051,-100.82,8.8,3.6
2003,2,2,4,3,28.1,15.895,-98.886,11.2,3.9
2003,2,2,7,26,47.9,15.651,-97.044,20,3.6
2003,2,2,12,16,19.72,18.561,-101.721,84.1,3.7
2003,2,2,12,44,38.7,16.907,-100.238,5.3,3.5
2003,2,2,22,44,7.4,16.97,-100.187,10.6,3.4
2003,2,2,23,9,2.3,17.036,-100.177,7.6,3.8
2003,2,3,11,35,8.3,16.965,-100.196,14.9,3.5
2003,2,3,22,13,9.9,16.974,-100.192,11.7,3.4
2003,2,4,3,34,2.97,18.465,-104.195,10,4.3
2003,2,4,3,37,42.69,18.229,-100.977,33,3.7
2003,2,4,9,29,25.6,17.004,-100.166,11.4,3.5
2003,2,4,10,59,4.1,18.929,-98.515,1,4.1
2003,2,4,16,29,47.57,18.498,-104.211,10,3.6
2003,2,4,22,43,36,17.918,-100.189,52.9,3.7
2003,2,5,7,54,9.5,16.308,-99.163,20,4.2
2003,2,5,15,39,9.2,17.052,-100.192,19.4,3.8
2003,2,6,2,55,55.5,15.978,-98.326,6.7,4.4
2003,2,6,3,44,11.3,18.491,-104.055,20,3.8
2003,2,6,6,53,31,15.975,-98.334,20,3.9
2003,2,6,7,26,44.3,15.538,-97.533,20,3.9
2003,2,7,2,19,2.6,16.273,-98.428,8.7,3.8
2003,2,7,5,48,14.1,17.058,-100.18,11,3.4
2003,2,7,7,41,17.9,16.975,-100.191,7.1,4.6
2003,2,7,8,49,21.6,18.273,-97.244,67.8,3.8
2003,2,7,12,16,53,16.211,-98.086,8.5,3.7
2003,2,7,15,18,40.8,17.004,-100.205,10,4.1
2003,2,8,7,46,54.7,16.488,-98.539,29.5,3.9
2003,2,8,23,5,27.5,17.248,-100.333,52.9,3.5
2003,2,8,23,35,45,16.955,-100.171,9.8,4
2003,2,8,23,47,2.8,16.938,-100.191,11.8,3.7
2003,2,10,13,46,8.9,16.919,-101.498,16.1,3.7
2003,2,11,4,27,49.2,19.315,-103.759,97,3.8
2003,2,11,9,16,0.9,16.94,-100.18,8.8,3.5
2003,2,11,10,30,9.8,16.944,-100.216,7.5,3.5
2003,2,11,12,53,30.5,16.895,-100.149,12.6,3.5
2003,2,13,0,42,5.6,18.686,-104.457,16.1,4.1
2003,2,13,0,44,28.6,18.783,-104.419,7,4
2003,2,13,3,57,59.6,16.754,-100.102,25.5,3.9
2003,2,14,2,6,8,17.79,-100.19,63.1,4.1
2003,2,14,6,53,52.6,18.528,-104.07,13.7,4.1
2003,2,14,11,34,24.5,19.051,-98.477,1,3.8
2003,2,14,11,49,15.4,17.571,-96.652,77.8,3.8
2003,2,16,4,42,42.9,17.013,-100.033,50.9,3.9
2003,2,16,11,6,15.8,16.065,-99.348,20,3.7
2003,2,17,4,42,0.21,19.082,-104.784,33,5.3
2003,2,18,1,54,36.8,16.928,-100.146,5,3.9
2003,2,18,3,57,40.87,17.545,-103.507,10,3.9
2003,2,18,18,6,19.7,17.008,-100.449,7.5,3.4
2003,2,19,6,38,7,17.008,-100.152,5,3.5
2003,2,19,9,39,37,18.601,-104.537,13.4,4.1
2003,2,19,20,36,51.2,17.133,-100.645,5,3.5
2003,2,20,4,27,8.3,16.988,-100.189,5,3.5
2003,2,20,5,12,17.9,18.894,-103.917,5,3.8
2003,2,21,1,13,53.7,16.993,-100.145,5,3.4
2003,2,21,1,33,41.2,17.017,-100.15,5,3.2
2003,2,21,17,54,51.6,17.104,-100.117,20,3.5
2003,2,22,8,39,2.3,19.091,-98.483,10,3.8
2003,2,22,15,42,35.6,16.183,-98.733,18.9,3.8
2003,2,23,13,32,34,16.957,-100.177,10,3.5
2003,2,24,2,54,0.8,17.051,-100.021,5,3.7
2003,2,25,2,7,37,16.842,-99.934,29.8,3.7
2003,2,25,20,5,30.87,16.473,-99.378,10,3.9
2003,2,25,21,38,46.74,17.59,-101.422,33,4.2
2003,2,26,11,35,30.1,17.114,-100.091,6.4,4
2003,2,26,12,48,8.5,18.6,-104.756,10.1,4.2
2003,2,26,19,4,53.2,17.624,-98.772,43.4,3.9
2003,2,27,9,38,42.7,16.861,-99.619,30.8,3.7
2003,2,27,14,9,18.3,17.29,-101.18,16.1,3.7
2003,2,28,16,25,58.4,16.063,-98.727,10,3.9
2003,3,2,14,9,49.08,16.163,-98.711,10,4.4
2003,3,2,15,37,22.1,15.999,-99.004,16,4
2003,3,3,3,56,12.7,16.967,-100.191,6.8,3.7
2003,3,3,4,16,57.7,16.959,-100.206,9,3.5
2003,3,3,5,2,8.7,15.734,-96.416,9,3.7
2003,3,4,13,42,5.6,15.952,-98.313,10,4.4
2003,3,5,4,14,4.6,16.974,-100.133,5.4,3.5
2003,3,5,19,14,51.3,16.032,-98.35,9.8,3.8
2003,3,6,22,44,12.9,16.864,-100.298,6.9,3.6
2003,3,7,4,9,36.5,16.3,-98.457,17.1,3.7
2003,3,7,7,23,28.5,16.9,-100.114,10,4
2003,3,8,0,21,27.9,16.908,-100.255,13.8,3.5
2003,3,8,8,59,37.1,15.949,-97.607,16.1,3.9
2003,3,8,12,35,40.9,15.76,-97.683,3.3,3.8
2003,3,8,19,45,12.98,18.376,-104.192,10,4.3
2003,3,9,15,18,15.1,17.438,-101.413,16.1,3.7
2003,3,10,6,47,20.2,17.08,-100.538,5.7,3.8
2003,3,10,21,11,2.7,18.127,-102.473,48,4.5
2003,3,11,6,31,30.02,18.653,-104.462,10,4.3
2003,3,11,14,44,6.7,17.003,-100.161,5,3.2
2003,3,12,0,32,1.3,18.989,-104.383,9.9,4
2003,3,12,5,55,15,15.852,-96.945,10.7,4.3
2003,3,12,16,13,36.1,18.38,-101.382,57.2,3.7
2003,3,12,16,38,25.9,16.409,-98.684,16.3,3.4
2003,3,12,22,24,54.9,18.11,-100.712,23.7,3.5
2003,3,13,5,52,50.4,15.969,-97.619,19.3,3.5
2003,3,13,19,55,44.3,15.608,-98.128,12.7,3.6
2003,3,14,8,34,22.2,17.295,-100.904,10,3.9
2003,3,15,8,32,26.2,18.699,-104.552,16.1,3.9
2003,3,15,9,15,32,18.654,-104.554,16.1,3.9
2003,3,15,23,33,34.2,17.638,-101.061,74.2,3.9
2003,3,17,2,26,12.1,18.562,-100.286,38.9,3.8
2003,3,17,4,29,39.2,16.965,-99.153,13.5,4
2003,3,17,10,36,26.7,16.475,-99.761,10,3.9
2003,3,18,0,59,36.9,15.964,-96.76,70.2,3.7
2003,3,18,3,20,36.3,17.943,-100.502,53.1,3.7
2003,3,18,4,3,8.3,15.628,-97.143,17.6,3.8
2003,3,18,9,28,8.6,16.131,-98.354,6.2,4.2
2003,3,18,20,32,42.1,15.619,-96.748,5,4.3
2003,3,18,23,39,43.5,15.978,-98.97,13,4
2003,3,19,7,20,44.2,17.002,-100.251,18.4,3.6
2003,3,19,16,14,57.3,16.271,-97.32,66.6,3.7
2003,3,20,1,26,26.2,18.303,-100.704,54.8,3.7
2003,3,20,5,54,46.3,17.057,-99.488,37.3,4.1
2003,3,20,6,42,30.5,16.918,-100.211,11.4,3.6
2003,3,20,9,4,12.3,16.78,-99.551,16,3.7
2003,3,20,13,21,16.6,17.389,-100.216,29.9,3.9
2003,3,21,8,33,18.8,18.579,-104.484,18.3,4
2003,3,21,9,2,42.7,16.483,-99.793,5.4,3.7
2003,3,21,13,38,18.2,17.308,-101.306,8.4,4
2003,3,22,4,3,50.04,16.018,-97.054,50,4
2003,3,22,23,36,22.17,17.844,-102.308,33,4.2
2003,3,23,0,10,26.8,17.062,-100.13,10,3.4
2003,3,24,7,13,7.7,17.089,-100.263,46.4,3.5
2003,3,24,7,16,55.4,18.767,-104.558,16.3,3.5
2003,3,24,15,34,2.6,16.924,-100.28,21.1,3.8
2003,3,26,0,35,16.3,15.905,-97.652,30.3,3.7
2003,3,26,9,43,57.1,16.886,-100.206,8.3,3.7
2003,3,26,11,40,4,17.093,-100.101,3.4,3.7
2003,3,27,7,44,20.45,18.161,-101.763,33,5.2
2003,3,27,10,17,51.3,17.986,-102.049,15,3.8
2003,3,27,11,55,25,16.252,-98.054,14.1,3.8
2003,3,27,12,14,32.2,16.94,-100.149,5,3.4
2003,3,28,7,19,27.2,16.808,-100.142,29,3.7
2003,3,29,7,24,46.5,17.044,-100.041,5,3.5
2003,3,29,16,3,10.3,16.745,-99.666,5,3.5
2003,3,29,20,39,54.6,16.416,-99.144,9.2,3.9
2003,3,30,14,28,16.7,17.053,-100.615,10,3.6
2003,4,1,1,45,16.3,16.914,-100.115,4.2,3.7
2003,4,1,4,27,39.3,16.172,-98.196,5.7,3.9
2003,4,2,11,53,17.2,16.058,-98.282,5.4,3.9
2003,4,5,0,58,13.4,16.67,-99.909,41.3,3.5
2003,4,5,13,23,30.3,16.985,-100.292,28.6,3.4
2003,4,5,16,53,31.7,18.003,-100.633,47.9,3.7
2003,4,5,18,38,36.9,16.951,-100.2,13.5,3.8
2003,4,7,3,16,48.1,16.99,-100.453,29.1,3.7
2003,4,7,3,18,6.7,16.622,-99.506,12.8,3.7
2003,4,7,10,15,30.2,17.982,-98.687,52.8,3.9
2003,4,7,16,37,54.3,16.946,-98.051,14.1,3.6
2003,4,7,18,6,46.4,18.739,-104.037,6.3,4.1
2003,4,7,23,42,22.2,16.85,-99.548,30.1,4
2003,4,8,3,34,45.9,18.735,-104.615,16,3.9
2003,4,8,20,2,49,16.655,-99.615,15.1,3.7
2003,4,9,11,33,2.8,17.029,-100.138,10.4,3.9
2003,4,11,10,50,34.1,16.12,-97.283,16.1,3.7
2003,4,11,18,28,39.8,16.212,-99.418,18.2,3.8
2003,4,12,14,28,21.8,19.063,-99.197,9.1,3.1
2003,4,14,12,8,7.6,18.083,-103.671,54,3.5
2003,4,14,22,38,56.4,16.724,-99.613,0,3.6
2003,4,15,1,34,23.3,18.716,-103.964,32.1,4.1
2003,4,16,3,14,28.4,16.046,-97.597,16.1,3.5
2003,4,16,5,55,21.4,16.245,-96.418,46.5,3.7
2003,4,17,8,41,47.7,18.563,-103.248,20,3.9
2003,4,17,13,39,37.1,18.13,-103.37,17.1,3.7
2003,4,18,16,45,57.2,16.257,-98.034,8,4.2
2003,4,18,17,8,15.6,16.223,-97.48,38.1,3.7
2003,4,19,11,38,27.3,16.164,-97.242,17.8,4.1
2003,4,20,0,57,46.4,15.913,-97.01,7.5,4.1
2003,4,20,20,26,56.5,17.163,-100.578,13.3,3.8
2003,4,21,7,56,25.42,17.609,-101.205,33,4.2
2003,4,22,8,15,12.4,17.356,-100.958,50.5,4
2003,4,22,9,52,19.4,16.128,-100.511,16,4
2003,4,23,6,54,2.6,17.1,-99.56,25,3.6
2003,4,23,21,24,47.7,17.689,-101.674,33.3,4
2003,4,26,0,19,7.6,17.466,-100.356,53.4,3.5
2003,4,26,2,45,52.4,18.349,-101.485,98.9,4.2
2003,4,26,4,27,2.5,18.158,-100.328,56.8,3.9
2003,4,26,15,49,5,18.725,-104.374,10.4,4.2
2003,4,26,20,0,14.9,16.926,-100.133,10,3.6
2003,4,27,13,13,20.19,18.694,-104.441,10,4.3
2003,4,28,0,14,47.5,19.313,-103.193,15,4
2003,4,29,1,20,31.1,18.383,-103.314,18.1,3.7
2003,4,29,19,31,31,15.945,-98.024,6.6,4.1
2003,4,29,20,57,51,16.843,-100.042,15.8,4
2003,4,30,12,53,50,17.197,-100.852,12.1,3.5
2003,4,30,17,25,52.1,18.219,-100.245,51.9,3.8
2003,5,1,13,39,48.29,16.416,-98.245,40.3,4.1
2003,5,3,3,8,20.4,15.895,-98.54,12.5,3.9
2003,5,3,16,42,3.4,16.77,-99.929,20,3.9
2003,5,5,5,1,29,18.625,-104.05,5.5,3.9
2003,5,5,7,30,13.5,16.429,-98.475,4.6,3.6
2003,5,5,7,37,40.5,15.881,-98.243,1.5,4
2003,5,6,14,1,20.5,17.211,-100.145,2.8,3.3
2003,5,7,4,50,11.3,16.988,-100.231,14.6,3.8
2003,5,7,12,54,36.4,16.567,-99.074,16.1,3.5
2003,5,7,15,21,42.5,17.059,-100.165,8.3,3.6
2003,5,8,4,54,1.5,17.947,-102.733,19.4,4
2003,5,9,19,33,20.8,16.05,-97.826,62.1,3.6
2003,5,13,6,31,48.4,18.28,-100.534,67.4,4.2
2003,5,15,7,48,8.8,16.951,-100.187,7.8,3.5
2003,5,15,18,19,36.5,16.972,-100.158,10,3.3
2003,5,16,9,9,24.5,18.29,-101.261,68.3,5
2003,5,17,7,16,0.56,16.478,-99.064,35.9,4.2
2003,5,18,8,14,52.5,18.547,-103.003,49.4,4
2003,5,18,8,42,28.4,16.611,-100.494,10.1,3.9
2003,5,18,18,9,50.9,16.966,-100.185,10.5,4.2
2003,5,19,3,54,38.8,16.976,-100.183,1.7,3.9
2003,5,19,14,46,46.4,16.964,-100.197,11.3,3.2
2003,5,20,20,47,3.1,16.08,-98.84,14.8,4
2003,5,21,1,21,49.7,18.32,-101.139,43.2,3.9
2003,5,22,13,12,23.6,16.391,-99.2,11.4,3.7
2003,5,23,11,53,52.4,18.28,-101.435,70.5,4.3
2003,5,23,21,59,35.3,18.229,-98.998,29.5,3.9
2003,5,23,23,50,14,18.243,-98.968,47.9,3.6
2003,5,24,12,15,23.7,16.375,-98.514,17.1,3.6
2003,5,25,6,13,20.2,16.644,-99.453,12.3,3.6
2003,5,25,8,40,5.8,16.356,-96.376,54.1,3.8
2003,5,25,16,9,27.1,18.136,-100.39,62.5,3.5
2003,5,27,9,32,54.6,16.926,-100.116,10,4
2003,5,28,5,23,33.2,16.873,-100.142,25.1,4
2003,5,28,5,44,46.4,16.868,-100.121,5.6,3.4
2003,5,28,5,56,36,16.889,-100.118,10.7,3.5
2003,5,28,6,32,47.2,16.858,-100.138,11.9,3.4
2003,5,28,15,6,39.7,17.343,-100.864,20,3.5
2003,5,30,16,16,10.3,16.869,-100.091,10,3.5
2003,5,30,17,45,41.9,17.393,-101.655,4.3,3.8
2003,5,31,14,24,36.41,17.588,-103.238,33,3.9
2003,5,31,21,8,56,16.014,-98.139,3.2,4.2
2003,6,1,17,7,25.98,17.191,-100.692,33,4.2
2003,6,3,0,20,44.8,16.965,-100.166,8.2,4.3
2003,6,3,1,56,29.8,16.948,-100.175,10.5,3.9
2003,6,4,5,51,46.7,16.146,-97.101,48.8,3.4
2003,6,5,0,47,25.2,16.978,-100.206,6.5,4.1
2003,6,5,4,33,14.7,17.342,-100.152,52.8,3.9
2003,6,5,6,23,30.4,16.952,-100.203,6.6,3.4
2003,6,5,8,25,26.2,17.505,-98.955,42.2,3.4
2003,6,5,9,14,40,18.546,-101.835,36.6,4
2003,6,5,19,36,50.9,17.33,-101.579,2.7,3.6
2003,6,5,19,54,9,16.793,-100.197,2.2,3.3
2003,6,8,2,46,12.4,18.159,-99.619,72.7,3.4
2003,6,8,10,16,1.2,17.592,-101.452,43.5,3.7
2003,6,9,21,50,59.2,15.98,-97.687,16,4.1
2003,6,10,4,54,4.2,15.761,-97.702,52.5,4
2003,6,10,14,46,11.7,16.059,-98.585,27.3,3.7
2003,6,11,0,23,9.9,17.695,-101.461,33.2,4.2
2003,6,11,0,33,5.1,17.696,-101.614,42.5,4.2
2003,6,12,18,28,45.5,16.298,-97.405,64.6,4
2003,6,12,22,59,7.4,15.837,-96.607,5.3,4.3
2003,6,13,9,12,29.9,16.587,-97.254,45.6,4.1
2003,6,14,9,55,18.2,16.223,-97.503,18.8,4
2003,6,14,11,40,48.5,16.292,-98.188,20,3.8
2003,6,14,14,11,39.4,17.459,-101.069,51.7,4.2
2003,6,15,8,13,24.4,15.947,-98.907,7.4,4
2003,6,16,12,40,14.3,16.333,-98.998,16,3.7
2003,6,16,14,3,14.6,16.935,-100.108,5.9,4
2003,6,16,16,34,28.7,18.393,-103.388,112.5,4.2
2003,6,17,4,28,56.4,16.338,-98.907,23.8,3.8
2003,6,17,4,31,2.2,16.118,-98.962,16,3.8
2003,6,17,5,18,45.8,15.963,-99.256,20,4.2
2003,6,18,0,1,27.2,16.1,-99.232,16.1,4
2003,6,18,7,32,59.7,16.012,-98.616,10,3.9
2003,6,18,8,21,36.9,16.228,-97.414,57.2,4
2003,6,19,21,38,28.4,16.671,-99.91,5.6,3.9
2003,6,20,2,58,7.6,16.904,-100.24,8.4,3.5
2003,6,20,12,6,48.7,16.279,-97.924,11.6,4.2
2003,6,22,1,52,35,16.727,-99.61,29.6,4.1
2003,6,22,15,42,3.2,16.866,-100.186,39.4,3.8
2003,6,24,3,5,28,16.921,-100.216,6,4.2
2003,6,25,5,23,0.7,16.098,-97.147,15.4,4.3
2003,6,28,18,51,34,15.827,-97.204,17,3.8
2003,6,30,3,40,10.6,17.26,-101,14.4,3.8
2003,7,2,22,14,53.1,16.064,-98.504,1.6,4.1
2003,7,3,9,53,46.2,16.912,-100.248,1.2,3.7
2003,7,4,0,35,33,16.14,-96.928,60,3.8
2003,7,4,17,15,27.7,17.941,-101.866,24.2,4
2003,7,4,17,36,40.6,16.59,-99.566,11.4,3.9
2003,7,5,12,55,7.1,18.806,-99.097,3.9,3.5
2003,7,6,0,16,21.5,16.124,-97.608,23,3.8
2003,7,7,20,27,50.9,16.346,-98.473,17.6,3.7
2003,7,7,22,28,26,17.067,-102.512,34.6,3.7
2003,7,8,3,57,29.2,15.982,-97.608,21.6,3.8
2003,7,8,6,25,46.4,16.075,-97.605,15.9,3.7
2003,7,10,3,38,48.5,16.952,-100.182,10,3.5
2003,7,12,7,7,49.5,16.958,-100.168,7.4,3.4
2003,7,12,8,5,24.1,16.5,-101.231,4.1,3.6
2003,7,12,13,18,58,16.961,-100.159,5,3.3
2003,7,14,5,19,15.6,16.355,-99.893,5,3.9
2003,7,18,2,59,12.4,15.636,-96.769,15.8,4.3
2003,7,19,12,44,8.5,17.987,-102.962,10,4.1
2003,7,20,7,46,30.6,16.968,-100.195,4.2,3.8
2003,7,21,23,53,41.51,18.62,-101.037,61.6,5.2
2003,7,23,19,3,24.4,16.366,-97.881,36.9,3.6
2003,7,25,1,19,36.1,17.514,-101.287,48.6,4.2
2003,7,25,5,56,7.5,17.043,-100.718,29.1,3.5
2003,7,26,1,52,3.9,19.092,-98.471,1.1,3.6
2003,7,26,19,21,15.3,16.975,-100.095,3.8,3.4
2003,7,27,12,57,53.5,18.005,-97.513,66.6,3.8
2003,7,28,5,4,42.2,18.849,-103.548,45,3.7
2003,7,29,7,9,52.79,16.803,-99.516,10,4
2003,7,30,6,0,18.5,18.271,-103.237,9.7,4
2003,7,31,1,49,27.5,16.907,-100.175,9.1,3.4
2003,8,1,21,49,24.4,18.597,-103.23,7.3,4
2003,8,4,18,25,22,17.3,-100.891,16.1,3.4
2003,8,4,20,59,39.5,16.917,-100.531,30,3.5
2003,8,5,4,13,15.8,18.103,-101.849,44.3,3.8
2003,8,5,11,2,35.9,16.979,-100.188,7.8,3.8
2003,8,5,19,34,38.1,17.921,-100.403,73.2,3.9
2003,8,5,21,52,25.3,17.821,-98.588,86.4,3.8
2003,8,5,22,31,11.4,18.688,-103.208,45.4,4
2003,8,7,1,47,50,17.804,-101.061,37.8,4
2003,8,7,11,31,44.1,16.845,-100.356,7.2,3.9
2003,8,8,20,43,13.3,17.828,-98.062,86.5,3.6
2003,8,13,13,17,25.9,16.39,-98.273,20,3.8
2003,8,14,16,57,25.6,15.705,-98.896,11.7,4.3
2003,8,15,18,51,49,15.898,-97.957,12.7,3.9
2003,8,16,5,48,43.25,15.72,-98.677,10,4.3
2003,8,16,5,58,29.8,15.625,-98.894,18.5,3.7
2003,8,16,11,58,3.2,19.165,-97.426,8.6,3.6
2003,8,16,12,10,1.2,19.143,-97.407,11.2,3.5
2003,8,17,12,1,33.83,15.693,-98.75,10,4
2003,8,19,3,59,43,15.554,-98.239,16.1,3.8
2003,8,19,7,17,11.8,16.904,-100.119,8.6,3.7
2003,8,19,20,19,59.4,17.04,-100.104,7.7,3.5
2003,8,19,22,49,37.9,16.053,-98.155,11.8,4.2
2003,8,21,0,18,5.7,16.864,-100.127,7.7,3.9
2003,8,25,6,9,41.4,18.515,-104.099,5,3.9
2003,8,29,2,43,4.3,15.995,-98.519,5,4.1
2003,9,3,0,8,2.2,16.902,-100.169,2.3,3.3
2003,9,3,15,14,46.5,16.898,-99.852,39.6,3.5
2003,9,3,16,9,10.9,15.911,-97.446,10,4
2003,9,4,1,0,30.5,18.636,-101.264,79.3,3.8
2003,9,4,14,25,19,16.674,-99.961,2.6,4
2003,9,6,19,53,3.9,16.031,-98.161,33.7,4
2003,9,7,6,34,33.2,17.4,-101.408,30.8,4.1
2003,9,7,17,34,23,15.983,-97.349,16.1,4
2003,9,9,18,43,42.1,18.818,-102.345,15.7,4
2003,9,10,11,26,48.1,16.553,-101.075,7.7,3.9
2003,9,11,12,43,46.9,16.833,-99.041,11.8,4.1
2003,9,12,3,11,9.6,16.345,-98.942,16.3,4.4
2003,9,12,12,29,32.1,16.836,-100.138,13.7,3.6
2003,9,14,14,49,58.3,17.325,-101.295,2.1,3.9
2003,9,16,7,7,21.1,15.988,-98.204,16.2,3.6
2003,9,16,15,33,26,15.92,-98.517,16.1,3.7
2003,9,17,16,46,21.3,17.211,-101.103,25.6,4.2
2003,9,18,13,59,1,17.024,-99.959,41.8,4.1
2003,9,21,7,38,53.57,18.39,-103.432,36.5,4.6
2003,9,22,16,28,53,16.383,-98.883,18,3.8
2003,9,23,6,37,23.2,17.117,-99.339,25.9,3.8
2003,9,23,13,27,52.1,15.665,-98.617,10.8,4.1
2003,9,24,5,0,3.2,16.8,-99.925,9.3,3.9
2003,9,24,8,3,13.7,17.876,-99.976,61.7,3.6
2003,9,26,1,53,36.3,19.474,-99.068,7.9,3
2003,9,27,3,47,8.2,18.26,-100.019,34,3.8
2003,9,28,11,30,33.7,17.652,-102.343,15,3.8
2003,9,30,9,30,46.21,15.868,-98.314,10,4.2
2003,9,30,9,32,23.9,16.13,-98.368,5,4.1
2003,9,30,10,9,59.81,15.894,-98.277,10,4.3
2003,9,30,12,35,42,16.073,-98.294,14.2,4.1
2003,10,2,21,58,45.2,17.325,-101.24,20,4.1
2003,10,3,6,32,21.2,16.904,-100.671,12,3.8
2003,10,3,7,50,24.16,16.109,-97.869,10,4.4
2003,10,3,8,13,11.9,16.624,-99.574,25.5,3.7
2003,10,4,2,9,48.6,16.948,-100.237,3,3.7
2003,10,4,10,21,14.5,15.964,-97.517,16.6,3.9
2003,10,4,12,51,18.6,16.929,-100.157,30.7,3.9
2003,10,7,5,45,48.6,18.174,-97.381,59,3.8
2003,10,9,8,4,18.94,16.152,-99.029,33,4.2
2003,10,13,5,34,51.6,16.582,-98.565,5,4.2
2003,10,14,2,32,47.7,19.039,-96.41,16.1,3.8
2003,10,15,4,35,2.5,16.077,-97.587,16,3.9
2003,10,15,6,31,35,16.982,-100.541,6.6,3.7
2003,10,15,6,38,18.4,17.145,-100.549,8.3,3.5
2003,10,17,4,6,49.4,16.982,-99.675,30.9,3.7
2003,10,17,20,43,3.3,16.361,-96.474,30.6,3.8
2003,10,18,8,40,0.7,15.891,-98.761,15,3.9
2003,10,18,9,55,18.1,15.603,-98.674,20,3.9
2003,10,19,17,31,13.7,17.995,-101.711,29.3,3.9
2003,10,19,19,59,41.8,17.012,-99.618,33.7,3.5
2003,10,21,6,19,21.5,16.983,-100.206,25,3.8
2003,10,21,8,56,21.2,18.147,-103.263,10,3.9
2003,10,21,11,7,10.6,16.245,-98.134,38.1,3.8
2003,10,21,20,46,18.7,16.24,-98.312,17,3.8
2003,10,25,15,54,30.3,16.258,-98.273,5,3.5
2003,10,25,21,47,18.3,18.368,-97.251,5.1,3.5
2003,10,26,5,42,24.1,17.356,-101.716,15,3.5
2003,10,28,0,41,9.5,18.148,-100.596,50,3.8
2003,10,29,16,12,29.6,16.096,-97.624,21.9,3.6
2003,11,12,3,15,18,16.394,-97.912,33,3.9
2003,11,19,13,50,30.76,18.167,-99.305,90.1,5.3
2003,11,20,15,58,44.12,17.493,-99.915,33,3.8
2003,11,26,5,4,26.3,19.194,-98.968,4.1,3.5
2003,11,27,13,14,56.6,16.07,-97.6,25.7,4
2003,11,29,6,43,50.8,16.28,-98.013,5,3.7
2003,12,1,8,39,55.1,18.167,-103.247,19.3,4.1
2003,12,2,7,28,12.1,18.358,-103.338,21.8,4
2003,12,2,14,42,18.7,15.998,-98.324,6.4,3.9
2003,12,2,23,0,51.8,16.183,-97.533,15.7,3.9
2003,12,3,11,14,0.9,18.206,-101.69,45.3,4.2
2003,12,3,23,47,13.4,16.448,-98.608,20,3.7
2003,12,4,10,59,26.4,16.246,-98.239,17.4,3.9
2003,12,5,13,25,18.9,18.318,-103.381,5,4
2003,12,5,19,48,48.3,17.848,-103.203,10,4.1
2003,12,12,8,40,31.4,16.709,-100.132,19.7,3.9
2003,12,13,7,59,39.3,17.317,-101.347,48,4
2003,12,19,18,58,33.4,15.96,-97.591,16.1,3.8
2003,12,24,0,28,58.1,16.309,-98.197,15.4,3.9
2003,12,26,23,7,39.5,18.136,-100.767,59.4,3.7
2003,12,27,3,41,37.9,16.875,-100.055,5,3.6
2003,12,29,12,36,32.2,16.094,-97.612,28,3.2
2003,12,30,13,24,30.4,16.176,-98.291,3.3,3.6
2003,12,31,11,20,57.8,18.375,-103.412,10,3.8
2004,1,1,23,31,50.05,17.488,-101.303,29.4,6.1
2004,1,1,23,58,1.55,17.42,-101.315,28.3,5.7
2004,1,2,0,40,49.6,17.061,-101.614,11,4.2
2004,1,2,10,3,36.1,17.067,-101.776,7.6,4.1
2004,1,2,22,5,18.2,16.67,-99.752,5.9,4.3
2004,1,3,1,33,7.3,18.25,-102.294,6,4.3
2004,1,3,21,1,29.4,17.185,-100.587,51.5,4
2004,1,4,5,1,34.66,16.807,-99.503,10.7,4.8
2004,1,4,8,34,26.3,16.811,-100.121,14.6,3.8
2004,1,4,11,7,35.9,16.8,-98.385,20,4.2
2004,1,4,12,5,53.1,18.387,-103.182,1.9,4
2004,1,4,18,18,20.5,16.85,-100.094,5,3.6
2004,1,4,18,19,1.8,16.721,-99.918,5,3.9
2004,1,4,23,4,7.4,17.296,-101.5,16,3.8
2004,1,5,5,29,45.1,16.857,-101.836,20,4.1
2004,1,5,19,16,48.5,16.109,-98.612,1.1,3.9
2004,1,6,2,52,53,16.865,-100.147,12.9,3.7
2004,1,6,5,46,34.4,16.072,-98.878,27.3,4.1
2004,1,6,17,31,58.9,16.07,-98.663,31.5,4
2004,1,7,20,4,29.5,15.871,-97.454,27,4.2
2004,1,8,1,8,22.3,15.94,-98.028,1.6,4.1
2004,1,8,12,58,24.4,17.497,-101.095,72.5,3.9
2004,1,8,13,5,49.6,17.625,-100.916,30.3,4
2004,1,9,13,12,44.2,16.926,-98.01,0.1,3.5
2004,1,12,12,37,56.9,18.325,-103.235,7.9,3.9
2004,1,12,14,23,33.4,16.36,-98.253,6.1,3.8
2004,1,13,19,50,19.15,16.068,-96.947,28.6,5.1
2004,1,13,21,28,57.76,16.108,-96.937,28,5.5
2004,1,13,21,48,33.5,16.073,-97.179,35.1,4.2
2004,1,13,21,55,48.1,16.05,-97.176,18.4,3.9
2004,1,13,22,3,25.6,16.037,-97.2,16.1,4
2004,1,14,1,20,57.6,17.413,-101.37,6.2,4
2004,1,14,7,27,16.2,18.542,-101.784,70.5,4.2
2004,1,14,12,4,41.7,16.034,-97.189,28.3,4.1
2004,1,14,13,27,55.1,19.224,-104.302,49.8,4
2004,1,15,21,23,23.8,16.052,-97.149,13.9,3.9
2004,1,16,1,52,30.2,16.033,-97.187,39.3,4.1
2004,1,16,9,32,16.2,15.996,-97.18,20,3.8
2004,1,17,17,25,39.4,18.246,-103.102,20,3.9
2004,1,19,2,37,37.8,18.051,-102.901,16.1,3.9
2004,1,20,13,26,14,16.023,-97.213,16.6,3.9
2004,1,21,5,46,21.7,16.945,-100.252,8.8,4.1
2004,1,22,2,33,36.1,16.776,-100.163,5.2,4.1
2004,1,22,7,29,21.3,16.692,-98.366,47.8,4.4
2004,1,22,13,53,44.8,16.91,-100.234,6.3,3.7
2004,1,24,16,34,6.5,17.789,-101.429,54.9,3.9
2004,1,24,19,22,20.2,15.848,-97.522,16.1,4.1
2004,1,27,3,9,58.1,18.468,-101.204,75.5,4.2
2004,1,30,6,59,30.8,17.399,-100.956,16,3.5
2004,1,30,7,11,3.8,17.628,-97.2,65.7,3.3
2004,2,1,7,48,47.3,15.981,-98.516,16,4.2
2004,2,1,15,39,5.1,17.208,-101.366,20,3.8
2004,2,2,17,47,3.9,17.21,-101.434,10,3.5
2004,2,2,19,41,46,19.319,-104.493,47.6,3.7
2004,2,2,22,3,55,17.311,-101.184,21,3.5
2004,2,3,17,15,12.14,15.83,-97.427,30,4.4
2004,2,3,20,22,3.9,16.719,-100.241,20,4
2004,2,5,8,58,15.7,15.993,-97.126,20.7,4.1
2004,2,5,21,4,50.5,18.892,-103.769,0.4,4
2004,2,6,6,44,3.4,17.391,-101.411,6.8,4.1
2004,2,6,14,0,37.4,16.769,-101.324,13.2,4.1
2004,2,6,19,11,32.83,18.229,-102.77,28.1,5.1
2004,2,9,19,44,46.6,18.219,-99.026,28.2,3.7
2004,2,10,10,37,59.6,16.062,-97.205,43.3,4
2004,2,12,15,24,1.94,17.927,-97.639,66.4,4.1
2004,2,15,22,51,51.9,18.794,-104.345,16.1,4.1
2004,2,17,7,24,22.2,18.215,-97.676,60.7,3.9
2004,2,17,23,34,39.7,18.786,-102.616,74.1,4.2
2004,2,18,12,44,17.7,16.92,-96.855,71.8,4.4
2004,2,18,17,58,18.9,18.159,-100.329,73.4,3.6
2004,2,19,2,15,48.2,17.551,-104.153,16.1,3.9
2004,2,19,4,56,34.8,18.102,-102.006,21.8,4
2004,2,20,11,11,0.3,18.097,-101.462,44.2,3.7
2004,2,20,19,47,51.7,18.547,-103.655,16.5,3.8
2004,2,23,17,23,42.1,15.833,-98.457,13.1,3.8
2004,2,25,5,59,54.8,17.506,-101.222,50.8,3.9
2004,2,25,9,44,7.1,17.591,-101.705,39.5,3.6
2004,2,26,15,6,36.5,17.088,-101.102,12,3.5
2004,2,27,6,55,52.8,16.25,-98.105,5.8,3.8
2004,2,27,9,4,40.6,16.472,-98.114,15,3.7
2004,3,1,6,46,37.8,17.05,-99.786,50.7,3.6
2004,3,2,0,47,16.5,16.187,-97.641,44.3,3.8
2004,3,2,2,7,46.6,16.156,-98.499,27,4.4
2004,3,3,9,21,31.96,15.747,-97.132,19.6,4.8
2004,3,3,9,31,10.2,16.866,-99.669,26.3,3.7
2004,3,3,17,52,5.6,16.42,-99.952,5,4.2
2004,3,4,16,4,35.9,16.626,-99.366,16.1,3.8
2004,3,5,15,48,47.2,16.747,-99.864,9.7,3.5
2004,3,8,12,18,31.4,16.171,-97.226,15.8,4
2004,3,9,9,49,9.3,17.446,-100.983,15.3,4.5
2004,3,10,7,8,51.7,16.769,-100.104,2,3.9
2004,3,12,1,52,2.4,16.825,-100.972,12.7,4.4
2004,3,13,14,2,29.21,18.05,-103.373,30.1,5.1
2004,3,13,21,44,4.7,18.531,-101.09,68.4,3.6
2004,3,14,15,10,17.5,17.173,-101.083,16.4,3.5
2004,3,14,22,27,17.4,17.843,-98.324,65.1,4
2004,3,15,9,44,27,16.697,-99.596,10,3.5
2004,3,16,8,25,39.7,16.122,-97.232,49.8,3.9
2004,3,16,16,37,42.8,17.755,-100.478,64.5,3.8
2004,3,16,17,19,43.8,16.872,-100.385,6.6,3.6
2004,3,16,17,30,52.3,16.014,-98.973,18.4,3.8
2004,3,18,2,51,30.6,15.987,-99.118,19.7,4.1
2004,3,18,4,1,10.1,16.078,-99.129,22.6,3.9
2004,3,18,16,57,57.2,16.321,-99.452,10,3.6
2004,3,22,4,14,28.6,16.141,-97.641,16.4,3.8
2004,3,22,20,37,42.1,18.443,-100.903,82.2,3.6
2004,3,28,17,58,6.2,18.388,-102.902,5,4.2
2004,3,29,8,59,20.5,17.678,-98.863,67.4,3.9
2004,3,29,14,23,48.7,16.045,-97.208,20,3.8
2004,3,29,19,18,9.8,16.761,-100.237,28.5,3.6
2004,3,31,16,2,13,16.244,-98.407,30.7,3.6
2004,4,1,12,50,44.2,16.131,-98.264,9.8,3.7
2004,4,2,11,22,52.6,16.099,-97.838,16.5,4.3
2004,4,3,23,51,14.1,16.795,-100.221,5.6,3.9
2004,4,5,17,55,26.6,16.557,-97.995,52.2,3.7
2004,4,7,12,26,52.6,17.111,-101.437,4.8,4.6
2004,4,7,12,44,12.6,16.074,-97.198,47.8,4
2004,4,7,20,4,9.8,17.196,-101.264,19.5,3.7
2004,4,9,10,28,0.7,16.23,-98.829,16.1,3.9
2004,4,9,19,0,51.3,18.18,-102.837,15,4.5
2004,4,12,2,31,27.5,16.039,-97.711,46.5,3.8
2004,4,13,7,55,12.3,15.928,-96.57,40,4.3
2004,4,15,10,35,30.4,18.256,-103.302,5,3.8
2004,4,16,2,51,17.4,17.614,-101.412,25.5,3.8
2004,4,16,10,24,41.9,16.957,-100.139,5.3,3.4
2004,4,17,7,29,43.4,16.038,-97.202,16.1,3.9
2004,4,18,20,10,27.9,16.194,-98.498,22.8,4.1
2004,4,21,22,53,4.8,18.063,-99.948,49.9,4
2004,4,25,3,11,28.8,16.05,-98.219,20,3.8
2004,4,25,22,58,11.6,15.983,-97.167,16.1,4
2004,4,27,17,16,22.6,18.15,-97.634,51.2,4.1
2004,4,27,17,55,1.4,18.559,-99.564,20,3.7
2004,4,27,19,16,15.5,15.855,-97.327,26.1,4
2004,4,28,4,54,18.3,16.088,-97.355,10.5,3.9
2004,4,28,9,4,48.1,17.095,-100.092,30.7,3.8
2004,4,28,23,13,45.9,18.03,-100.435,42.7,3.8
2004,4,29,21,47,38.8,16.91,-100.089,6.9,3.6
2004,4,30,3,51,58.2,17.004,-100.121,9.7,4.4
2004,4,30,3,57,40.6,16.925,-100.121,9.7,3.7
2004,4,30,23,19,26.3,17.288,-101.131,39.8,4.2
2004,5,3,6,58,26.8,17.09,-99.943,57,3.7
2004,5,5,3,6,59.1,15.605,-97.565,6.7,4
2004,5,6,2,9,5,17.792,-100.355,54.8,4
2004,5,6,6,56,57.3,16.176,-98.368,5,4
2004,5,9,14,21,20.4,16.851,-99.722,2.1,3.6
2004,5,11,18,34,27.3,16.182,-97.089,94.1,4
2004,5,12,7,50,43.9,15.621,-97.524,28.3,4.2
2004,5,13,2,44,1.3,18.114,-103.942,6.9,4.5
2004,5,13,5,23,1.7,17.351,-99.518,57.7,4.1
2004,5,13,6,19,21.8,15.741,-97.546,6.7,4.4
2004,5,14,8,45,15.7,15.627,-97.527,20,4
2004,5,14,10,38,59.6,16.597,-99.543,1.8,4.2
2004,5,14,12,1,12,16.087,-97.566,18.2,4.1
2004,5,14,20,48,22.7,15.933,-97.66,32.6,4.2
2004,5,15,8,49,49,15.615,-97.691,0.9,3.8
2004,5,15,21,35,6,16.225,-98.631,18.3,3.9
2004,5,18,0,21,33.4,16.937,-100.442,11.7,4.6
2004,5,18,0,49,48.7,16.849,-100.479,6.7,4.2
2004,5,18,0,56,34.8,16.89,-100.523,2.8,3.9
2004,5,18,3,19,17.2,15.632,-97.444,20,4
2004,5,18,7,16,32.7,18.05,-100.438,20,3.7
2004,5,20,19,56,30.5,16.14,-98.555,30.1,3.9
2004,5,21,4,10,1.19,18.271,-102.811,52.8,5.2
2004,5,21,12,55,38.1,16.219,-98.914,20.7,3.9
2004,5,21,19,33,1.2,15.599,-97.509,22.5,4.3
2004,5,22,15,30,45.5,18.768,-104.258,6.1,4.3
2004,5,23,20,38,48.8,16.377,-96.378,82.1,3.8
2004,5,24,0,20,40.1,15.965,-98.523,3.7,3.9
2004,5,25,7,37,37.1,15.788,-97.127,16,3.9
2004,5,26,12,19,37.3,17.212,-100.208,5.3,3.4
2004,5,26,21,54,50,16.32,-98.133,10,3.7
2004,5,27,15,11,7.2,18.109,-103.238,5,4.3
2004,5,28,4,14,55.2,16.736,-100.215,5,3.6
2004,5,28,18,3,19.2,17.952,-101.339,56.2,4.2
2004,5,30,19,4,50.4,17.317,-99.718,51.8,3.7
2004,6,3,18,45,24.6,17.797,-101.573,31.5,3.9
2004,6,3,21,22,6.2,17.677,-101.553,36.5,4.3
2004,6,4,15,22,43,18.347,-102.762,11.5,4.2
2004,6,5,12,24,41,16.318,-99.311,13.4,4.1
2004,6,7,6,18,45.6,17.843,-102.758,6.9,4.4
2004,6,10,5,58,7.9,16.079,-97.231,25.9,3.6
2004,6,10,7,34,6.7,16.235,-98.463,14.9,3.8
2004,6,10,7,43,49,16.082,-97.579,14.3,3.7
2004,6,11,2,28,12.9,16.658,-99.413,21,4.1
2004,6,11,20,46,19.1,16.226,-98.177,8.9,4.4
2004,6,13,15,3,24.6,18.086,-102.56,20,3.8
2004,6,14,22,54,21.32,16.337,-97.845,10,5.9
2004,6,14,23,6,25.5,16.275,-98.223,10,4.2
2004,6,14,23,12,13.8,16.467,-98.25,4.4,4
2004,6,14,23,32,28.1,16.232,-98.151,13.6,4.1
2004,6,15,11,46,15.6,16.223,-98.209,5.5,4.1
2004,6,15,15,13,32.7,18.797,-102.427,9.2,3.9
2004,6,15,17,25,40.81,16.414,-97.951,14.6,4.4
2004,6,15,19,2,43.4,15.968,-98.092,10,3.9
2004,6,16,11,37,13.8,17.325,-101.697,10,4
2004,6,17,9,14,20.5,16.434,-99.105,20,3.9
2004,6,17,10,42,57,16.221,-98.037,5,3.9
2004,6,18,10,46,49.1,16.2,-98.065,9.5,4.3
2004,6,22,4,34,35.9,18.705,-104.623,10,4.3
2004,6,22,13,52,41.6,16.205,-98.079,12.1,4.1
2004,6,23,11,0,9.3,16.292,-98.047,5.5,4
2004,6,25,0,41,13.9,16.446,-98.341,82.9,3.8
2004,6,25,4,30,17.1,18.073,-103.368,20,4.1
2004,6,25,9,13,0.3,18.998,-103.482,5,3.9
2004,6,25,15,21,1.8,15.936,-96.672,16.1,3.3
2004,6,26,12,30,37.4,16.165,-98.924,21.9,4.1
2004,6,26,16,1,40.2,16.198,-98.881,9.9,3.6
2004,6,28,6,29,34.3,17.048,-100.705,26.3,4.1
2004,6,29,0,36,3.7,15.685,-97.197,8.6,4.1
2004,6,29,12,0,18.2,16.051,-97.039,16,3.6
2004,6,29,13,59,26.3,16.501,-98.396,7.6,3.8
2004,6,30,0,52,6.9,15.751,-97.352,16,4.2
2004,6,30,1,5,39.7,16.042,-99.311,20,3.9
2004,7,1,7,32,49.8,17.738,-103.74,16.1,4.3
2004,7,3,16,45,28,16.341,-98.524,13.3,3.7
2004,7,5,13,26,24.5,15.984,-97.6,17.3,4.1
2004,7,5,19,30,11.5,16.11,-97.688,5,4.1
2004,7,7,20,6,18.2,16.016,-97.183,11.1,4.3
2004,7,9,7,12,5.1,15.944,-99.065,16.1,4.1
2004,7,12,3,35,35.4,16.679,-100.659,9.9,4.1
2004,7,12,8,54,42.2,16.38,-98.532,28,4.4
2004,7,12,9,22,53.5,18,-98.415,72.1,4.1
2004,7,12,11,5,29.9,16.562,-100.671,13.3,4.2
2004,7,12,11,15,51.5,16.589,-100.669,10,4.4
2004,7,13,4,16,27.4,17.909,-101.701,46.6,4.5
2004,7,13,23,35,9.9,17.122,-99.915,66,4
2004,7,14,4,33,24.5,16.268,-98.138,9.4,3.9
2004,7,15,0,21,8.8,16.225,-98.281,5,4.4
2004,7,16,17,42,45.3,17.784,-101.627,48.6,3.6
2004,7,18,9,34,16.8,16.578,-100.218,7.3,3.9
2004,7,18,17,37,33.1,16.21,-99.098,22.6,3.9
2004,7,19,8,49,48,17.016,-100.099,5.7,3.7
2004,7,20,1,17,43.4,16.239,-98.387,4.5,4.1
2004,7,20,4,49,49.6,16.286,-97.684,55.3,3.8
2004,7,21,2,40,29.1,16.537,-99.558,8.8,4.1
2004,7,21,14,57,20.6,16.43,-98.533,27.3,3.9
2004,7,23,10,43,24.2,16.047,-97.694,20,3.9
2004,7,24,3,55,19.9,16.899,-100.16,5,4.2
2004,7,24,7,27,38.9,15.9,-96.379,28.1,4.1
2004,7,24,8,40,44.8,17.271,-100.982,5.1,4.2
2004,7,24,9,56,2.1,17.376,-98.81,45,4
2004,7,25,12,47,30.7,16.951,-100.055,10,4.1
2004,7,25,18,58,41.7,16.28,-97.97,5.3,4
2004,7,25,23,14,55.5,15.973,-97.815,5,4
2004,7,26,16,56,11.6,15.952,-97.596,16.3,3.9
2004,7,27,10,39,58.4,16.094,-97.617,20,3.7
2004,7,30,3,53,27.7,16.295,-98.049,5,4
2004,8,1,17,26,10.8,16.301,-98.446,35,4
2004,8,1,22,57,15.59,16.112,-97.092,27.8,4.2
2004,8,1,23,18,9.8,16.145,-97.154,20,4.2
2004,8,2,6,42,37,17.077,-101.222,17.4,3.8
2004,8,2,11,42,50.7,16.939,-100.247,44.1,3.9
2004,8,2,18,57,4,15.978,-97.178,57.7,4
2004,8,3,5,12,59.9,16.2,-98.115,9.6,4
2004,8,3,13,59,6.04,18.405,-102.289,18.9,4.1
2004,8,5,5,4,10.6,16.053,-98.419,5.4,4.1
2004,8,5,8,4,59.9,17.378,-101.731,10.7,4.1
2004,8,7,9,51,1.3,16.598,-99.777,20,3.8
2004,8,8,5,41,33.2,16.279,-98.23,4.7,3.8
2004,8,8,12,15,29.6,17.17,-96.889,70,3.9
2004,8,8,17,52,47.5,16.058,-97.139,10.2,3.7
2004,8,8,21,6,39.9,16.163,-98.229,8,3.8
2004,8,9,5,11,26.91,16.152,-97.131,7.9,4.4
2004,8,9,10,24,58.1,16.381,-98.135,14.3,4.3
2004,8,9,23,39,23.7,18.278,-100.938,64,3.8
2004,8,10,4,28,59.5,16.394,-98.028,9.4,4
2004,8,10,19,38,46.4,16.896,-100.232,10,3.7
2004,8,12,8,0,19.2,18.33,-100.782,17.2,3.8
2004,8,12,9,10,35.2,15.782,-97.533,9.8,4.1
2004,8,13,9,31,22.8,18.006,-98.837,20,3.9
2004,8,15,23,6,48.8,15.825,-98.927,21.3,4.3
2004,8,17,14,46,42.1,16.961,-98.116,16.1,4
2004,8,18,14,7,54.7,15.561,-98.253,8.4,4.3
2004,8,18,17,46,11.6,16.02,-98.119,16.1,4.2
2004,8,19,4,40,55.3,16.835,-101.177,16.1,3.9
2004,8,19,12,54,55.8,18.218,-103.167,13,4.4
2004,8,20,21,2,41.7,16.637,-100.357,5,4.1
2004,8,21,1,0,44,16.292,-98.299,25.9,3.9
2004,8,21,16,21,7.2,16.276,-98.204,23.3,3.9
2004,8,23,8,35,19.7,18.484,-103.356,5,4.3
2004,8,23,13,2,29.1,17.157,-101.612,5,3.8
2004,8,25,1,12,3.7,16.809,-98.906,16.1,3.9
2004,8,26,23,4,24.1,16.941,-98.225,18,3.3
2004,8,27,17,46,47.6,15.858,-96.569,17.3,3.4
2004,8,29,4,50,47.6,16.161,-97.987,2.6,3.9
2004,9,3,7,26,18.3,17.009,-100.225,20,3.6
2004,9,3,8,47,56.8,18.074,-100.275,66.5,3.7
2004,9,3,22,32,19.7,18.069,-100.53,60,3.6
2004,9,4,13,29,20.5,18.259,-98.13,67.3,3.6
2004,9,5,4,33,28.8,16.589,-96.704,26.9,3.9
2004,9,6,5,4,25.6,16.394,-99.812,20,3.9
2004,9,6,14,28,35.9,15.734,-97.528,20,4.4
2004,9,8,5,57,49.9,18.181,-103.481,8.2,3.9
2004,9,9,1,45,15.7,15.989,-96.967,20,3.9
2004,9,11,2,1,41.9,16.702,-99.201,29.3,4.2
2004,9,12,15,12,5.7,16.309,-99.316,7.3,4.1
2004,9,12,19,16,41.1,19.387,-102.577,99.9,3.7
2004,9,13,12,16,50.6,19.448,-102.636,99.4,3.9
2004,9,15,12,31,55.9,16.342,-98.359,10,3.9
2004,9,17,2,13,34.7,15.93,-98.138,9.2,4
2004,9,18,6,22,17,18.056,-99.606,67.8,3.7
2004,9,18,7,59,56.1,16.549,-98.471,20,3.8
2004,9,18,8,2,48.5,16.617,-98.469,17.7,3.8
2004,9,18,19,37,46.8,16.144,-98.225,14.5,3.9
2004,9,19,6,18,50.1,15.788,-98.099,10,3.9
2004,9,19,19,32,5,18.134,-103.472,9.6,4.2
2004,9,19,19,47,57.9,18.298,-103.347,33.5,4
2004,9,19,20,5,24.5,15.636,-98.948,15.9,4.1
2004,9,20,17,36,46.2,18.118,-103.476,12.8,4
2004,9,21,15,30,35,16.622,-98.675,20,3.9
2004,9,21,16,27,39.1,17.181,-100.538,7.3,3.8
2004,9,24,1,36,50.3,15.679,-98.58,16.1,4
2004,9,24,4,49,36.3,15.645,-97.031,45.4,3.8
2004,9,24,23,5,18.3,19.313,-102.647,74.9,3.6
2004,9,25,9,32,56.7,16.751,-100.394,14,3.8
2004,9,25,19,19,22.4,18.796,-99.039,56.1,3.7
2004,9,27,12,32,3.8,16.037,-98.314,27.3,3.6
2004,9,28,8,47,7.4,16.65,-99.074,16.3,4.2
2004,9,29,7,1,24.6,17.703,-98.407,65.1,3.8
2004,9,29,8,14,52.4,17.166,-100.502,6.9,4.1
2004,10,17,5,34,18.86,17.029,-99.714,50.6,3.5
2004,10,23,15,37,58.3,15.937,-97.442,8,3.8
2004,10,23,16,35,43.99,18.702,-101.882,78.2,4.3
2004,10,23,18,44,25.2,15.865,-97.448,10,4
2004,10,23,22,23,45.2,15.867,-97.457,33.4,3.8
2004,10,25,11,2,0,16.686,-96.413,69.4,4.5
2004,10,26,1,52,39.6,16.829,-99.996,21.2,3.5
2004,10,28,3,33,11.3,17.782,-102.978,15.1,4.2
2004,10,28,12,14,58.3,16.757,-96.426,60.4,3.7
2004,10,28,19,22,38.38,16.353,-98.939,23.1,4.4
2004,10,28,20,30,1.06,18.449,-99.766,60.7,4.7
2004,10,29,19,58,23.8,17.223,-101.319,1.6,3.7
2004,10,29,22,29,10.8,15.768,-97.362,16.1,3.7
2004,10,29,23,18,13,16.105,-99.205,4.8,3.4
2004,11,2,21,3,52.1,16.881,-100.2,8.4,4
2004,11,3,11,13,8,16.296,-99.054,12.3,3.7
2004,11,3,12,10,43.2,16.635,-99.677,7.4,3.9
2004,11,5,7,54,32.4,16.525,-99.8,10,3.9
2004,11,5,9,42,56.9,16.033,-98.021,13.2,3.9
2004,11,5,19,7,29.1,16.189,-98.393,7.1,3.9
2004,11,6,5,45,45.6,15.73,-99.396,20,4
2004,11,6,6,21,58,16.96,-100.064,10.3,3.6
2004,11,7,18,13,57.9,16.394,-98.147,12.3,3.6
2004,11,8,2,18,58.4,16.848,-100.383,13.9,3.5
2004,11,8,9,46,45.5,15.891,-99.036,12,4
2004,11,8,11,47,7.1,15.877,-99.117,16.1,3.9
2004,11,9,0,43,59.4,18.157,-100.219,56.3,4.2
2004,11,9,17,16,28,16.975,-100.151,8.6,3.6
2004,11,10,5,55,42.7,16.312,-98.044,5.1,3.9
2004,11,10,20,51,9.1,18.227,-101.397,84.4,3.8
2004,11,12,6,42,22,18.201,-100.898,46.7,3.9
2004,11,13,19,37,11.7,15.976,-99.016,14,4.1
2004,11,14,4,1,43,15.847,-98.671,10.6,3.9
2004,11,14,5,14,48.01,15.847,-105.003,10,4
2004,11,14,12,38,34.2,15.925,-98.479,10,3.7
2004,11,14,13,39,32.4,15.874,-98.473,10,3.7
2004,11,14,15,20,31.9,16.043,-98.741,6.9,4.1
2004,11,14,22,39,44.3,16.024,-98.624,5,4.2
2004,11,15,0,25,1.4,16.038,-98.577,5.1,4.2
2004,11,15,0,31,11.42,16.16,-98.488,10,4.3
2004,11,15,2,38,44.48,16.377,-98.34,30.7,5.3
2004,11,15,2,45,23,15.939,-98.382,0,4.1
2004,11,15,2,49,46.04,16.448,-98.335,28.1,4.6
2004,11,15,2,51,23.64,16.222,-98.396,29.8,5.2
2004,11,15,3,15,48.1,15.986,-98.588,1.9,4.2
2004,11,15,3,26,6.11,16.281,-98.34,38.3,4.7
2004,11,15,3,40,20.6,15.772,-98.512,24.8,3.8
2004,11,15,3,48,26.94,15.896,-98.466,10,4.4
2004,11,15,4,57,55,15.815,-98.551,18.2,3.9
2004,11,15,5,51,49.7,16.031,-98.638,14.5,3.9
2004,11,15,23,36,5.7,15.897,-98.632,14.9,4
2004,11,16,17,20,29.9,15.916,-98.601,8.6,4.1
2004,11,17,3,31,16.6,15.935,-98.651,16.4,3.8
2004,11,18,14,20,45.8,17.478,-101.361,26.7,3.6
2004,11,19,12,16,49.3,17.883,-99.069,43.8,3.6
2004,11,20,12,3,16.1,18.024,-101.6,16,4
2004,11,21,14,34,40,17.277,-100.352,39,3.7
2004,11,22,3,49,25.9,17.986,-99.551,59.2,4.1
2004,11,22,22,24,54.5,16.02,-98.505,5.4,3.8
2004,11,23,11,58,55.7,16.209,-97.973,20,3.8
2004,11,24,3,46,16.5,17.968,-100.657,67.6,3.7
2004,11,25,22,31,44.4,16.035,-98.539,12,3.9
2004,11,26,4,27,14.4,16.939,-98.89,24.8,4.4
2004,11,28,6,40,20,16.738,-101.342,20,3.6
2004,11,29,23,14,10.4,17.927,-96.997,67.5,3.8
2004,11,30,6,7,34,17.963,-99.547,71,3.8
2004,12,2,0,44,54.5,18.59,-104.334,16.1,3.8
2004,12,2,21,12,48.5,16.812,-100.479,10,3.9
2004,12,2,21,14,35.2,16.824,-100.882,16.1,3.6
2004,12,2,22,2,39.4,16.614,-100.439,15,4
2004,12,3,5,5,59.2,16.272,-98.379,8.7,3.6
2004,12,3,14,45,40.5,16.637,-100.496,5.4,4
2004,12,4,4,59,44.5,16.26,-99.14,6.8,3.7
2004,12,4,5,25,24.1,16.047,-99.458,15,3.7
2004,12,4,17,44,53.2,16.003,-98.245,15,3.7
2004,12,4,17,49,43,16.033,-98.369,3.3,3.7
2004,12,5,0,24,42.9,16.77,-99.724,10,3.6
2004,12,6,1,15,28,18.2,-103.653,8.9,4.3
2004,12,6,8,50,20.8,15.973,-98.587,8.3,4.4
2004,12,6,9,11,9.7,15.944,-98.635,16.4,4.2
2004,12,6,11,52,11.9,18.409,-100.489,21.7,4.2
2004,12,6,18,19,6.6,15.975,-98.544,10,4.6
2004,12,6,19,46,39.2,15.987,-98.577,15,4.3
2004,12,7,7,38,13.6,16.511,-99.295,16.5,4
2004,12,8,0,24,43.2,15.757,-98.615,18.2,3.9
2004,12,8,1,49,21,16.985,-100.488,1.4,3.8
2004,12,8,3,15,56.5,16.907,-100.474,5,4.1
2004,12,8,6,39,18.7,17.197,-100.627,20,3.9
2004,12,8,8,43,1.1,16.715,-99.496,5,4
2004,12,8,9,48,13.3,16.125,-97.139,52.5,4.1
2004,12,8,16,31,24.3,17.515,-101.063,7.9,4
2004,12,9,21,24,6.9,16.094,-97.581,29.8,3.8
2004,12,10,9,30,1.4,16.585,-96.357,155.4,4.2
2004,12,11,7,5,14.4,17.233,-101.441,15,3.6
2004,12,11,15,1,24.2,16.707,-100.482,15,4.1
2004,12,12,21,5,38,15.825,-98.453,19.6,4
2004,12,13,0,37,23.43,16.921,-100.049,12.3,4.4
2004,12,13,5,32,51.6,17.058,-99.809,16.1,3.8
2004,12,13,21,35,41.4,16.897,-100.148,16.2,3.6
2004,12,15,6,10,34.1,16.553,-99.952,9.2,3.8
2004,12,16,6,15,5,16.986,-100.434,12.2,3.7
2004,12,16,9,49,49.2,17.044,-100.489,5.7,3.6
2004,12,18,10,19,58.5,15.641,-96.691,52,4.2
2004,12,18,14,10,8.8,18.492,-102.022,73.8,4.2
2004,12,19,9,55,57.9,18.003,-97.702,67.8,4.1
2004,12,19,10,2,12.6,17.181,-101.012,13.4,4.1
2004,12,19,23,9,24.2,15.67,-99.012,15.6,4.1
2004,12,19,23,48,11.6,15.821,-98.913,10,4
2004,12,20,3,1,54.6,19.228,-98.858,11,3
2004,12,20,16,16,51.9,18.622,-104.836,15.7,4.1
2004,12,20,16,50,13.4,18.63,-104.835,16,4
2004,12,22,1,7,4.7,15.92,-97.603,20.5,4.1
2004,12,23,11,44,38.9,17.437,-101.581,7.5,4.1
2004,12,24,14,43,56.9,18.039,-100.645,60.5,3.5
2004,12,25,17,49,56.3,17.286,-100.347,22.3,4.3
2004,12,25,18,0,57.7,19.234,-98.935,5,3.1
2004,12,27,14,30,49.8,16.665,-100.604,10,4
2004,12,27,19,58,32.2,15.965,-97.888,17.9,4
2004,12,28,14,11,27.4,18.019,-100.479,60,4
2004,12,30,18,0,14,15.974,-100.542,15,3.8
2005,1,9,12,10,21.7,15.88,-98.178,10,4.1
2005,1,10,11,20,56.4,17.027,-101.3,20,4
2005,1,11,2,45,22,17.829,-101.876,43,4.2
2005,1,11,4,40,12.5,16.661,-99.878,10,3.8
2005,1,11,14,10,32.2,16.96,-100.171,7.6,3.6
2005,1,11,23,5,27.2,16.016,-97.626,17.2,3.7
2005,1,12,23,36,48.9,16.682,-98.192,2.4,3.4
2005,1,16,17,32,58.1,15.92,-98.123,2.6,3.9
2005,1,17,2,55,44.7,16.67,-99.913,5.1,3.8
2005,1,18,15,36,18.1,18.268,-100.635,68.5,3.7
2005,1,19,6,4,54.3,16.55,-100.586,21.1,3.9
2005,1,20,15,15,52.5,16.035,-99.078,16.5,4
2005,1,21,3,48,46.7,16.047,-97.389,37.9,4
2005,1,22,4,51,13.8,16.293,-97.406,70,4
2005,1,22,4,54,45.1,16.219,-97.332,8.6,3.8
2005,1,22,5,36,24.4,16.28,-97.363,31.5,3.6
2005,1,23,20,50,8.1,17.114,-101.103,12.6,4.1
2005,1,25,7,3,40,16.55,-99.595,4.8,3.8
2005,1,25,8,38,8.7,18.519,-103.659,15,3.7
2005,1,25,17,8,36.1,16.461,-99.599,1.6,3.9
2005,1,25,22,21,27.3,16.323,-99.566,18.2,3.9
2005,1,26,1,36,55.4,16.464,-99.672,2.9,3.7
2005,1,28,4,33,10,17.412,-101.744,23.2,3.7
2005,1,28,9,20,59.8,16.622,-98.035,27,3.7
2005,1,28,17,56,58.85,16.107,-98.331,13.1,3.8
2005,1,29,2,32,1.9,16.81,-99.165,22.5,3.7
2005,1,30,1,52,51.7,16.211,-97.592,5,3.7
2005,1,30,21,17,1.1,17.308,-100.75,13.5,3.5
2005,2,2,1,39,45.3,15.771,-98.524,0,3.8
2005,2,2,7,17,43.7,18.8,-104.253,18.1,3.7
2005,2,6,5,32,16.2,16.638,-100.55,4.1,4
2005,2,6,16,54,42.5,18.042,-102.113,61.6,4.2
2005,2,7,16,46,8.1,19.269,-98.91,10.3,3.3
2005,2,7,21,21,28.8,17.859,-100.551,16,3.7
2005,2,8,19,13,4.1,16.774,-100.09,8.1,3.8
2005,2,9,5,0,14.3,16.03,-97.126,45.2,3.7
2005,2,10,5,54,19,18.286,-103.293,27,4.1
2005,2,11,1,2,6.9,17.748,-101.491,75.1,3.8
2005,2,11,21,42,58.6,17.551,-97.585,65.3,4.1
2005,2,13,0,38,25.7,17.983,-97.046,66,3.9
2005,2,13,5,31,49.2,16.29,-98.525,11.1,4
2005,2,13,17,38,51.6,17.238,-96.598,70.3,3.7
2005,2,14,5,4,27.4,16.532,-100.559,16.1,4.3
2005,2,16,20,28,28.4,17.856,-101.53,37.9,4.2
2005,2,17,8,7,15.2,16.154,-97.97,10.6,3.9
2005,2,17,18,46,54.6,18.289,-103.232,15,4
2005,2,18,11,8,5.7,16.01,-97.181,54.7,4.3
2005,2,18,12,59,16.2,17.761,-103.187,27,3.8
2005,2,19,15,38,45.2,16.894,-100.261,10,3.8
2005,2,21,2,53,41.8,16.872,-100.456,5,3.5
2005,2,21,20,38,3.3,18.1,-103.144,16.2,3.9
2005,2,22,1,16,55.3,18.275,-101.032,50,3.7
2005,2,23,17,24,9.3,16.889,-100.09,8.2,3.7
2005,2,24,20,31,37.5,16.973,-100.21,5,3.5
2005,2,25,0,43,17.2,17.437,-101.411,42,4.3
2005,2,25,9,43,13,16.054,-98.226,5,3.9
2005,2,26,0,31,38.6,16.981,-100.202,5,3.6
2005,2,26,10,56,38.2,16.724,-101.058,16.1,4.6
2005,2,27,4,10,28.1,17.663,-101.112,0.1,3.8
2005,2,28,1,5,59.3,18.764,-104.592,10,5.6
2005,2,28,1,15,43.7,18.596,-104.665,16,4
2005,2,28,1,48,53.2,16.219,-98.704,6.1,3.9
2005,2,28,3,6,56.5,16.065,-98.636,10.1,4.1
2005,2,28,12,35,0.8,16.943,-100.186,10.2,3.7
2005,3,1,1,24,24.4,16.894,-100.626,2.2,3.5
2005,3,1,1,54,6.4,16.88,-100.626,5,3.7
2005,3,2,1,41,13.4,18.125,-103.499,14.7,4
2005,3,2,7,29,1.8,16.19,-98.425,3.6,4.1
2005,3,2,8,13,19.8,16.016,-97.11,10.5,3.8
2005,3,2,8,46,39.6,16.651,-100.534,4.7,4
2005,3,3,3,47,55.7,15.99,-96.386,53.2,3.7
2005,3,3,7,17,31.1,16.233,-98.288,5.6,3.8
2005,3,3,16,45,50,16.131,-97.549,13.8,3.6
2005,3,3,21,19,58.7,16.194,-98.21,3.2,3.8
2005,3,4,7,42,41.1,17.608,-101.692,34.4,3.9
2005,3,5,13,36,31.2,16.743,-100.037,8.9,4.2
2005,3,6,0,20,23.2,15.931,-98.122,20,3.7
2005,3,6,11,1,49.7,16.825,-100.407,7.4,4.2
2005,3,6,12,35,33.2,17.488,-101.097,11.6,4
2005,3,6,18,12,57.9,16.864,-100.41,10.7,3.8
2005,3,14,2,38,46.3,16.245,-98.095,5,4.1
2005,3,14,13,18,25.1,16.598,-99.084,10.1,3.6
2005,3,14,16,29,5.1,17.265,-101.301,5,4.2
2005,3,17,17,16,56.7,15.697,-97.095,11.3,3.7
2005,3,21,12,0,8.2,18.509,-100.91,67.8,4
2005,3,23,21,56,27.4,18.276,-100.169,75.6,3.7
2005,3,25,1,36,29.6,16.265,-98.076,10.1,3.5
2005,3,26,13,50,19.5,16.593,-100.046,5,4
2005,3,27,2,44,21,16.315,-97.403,64.4,3.7
2005,3,29,15,59,45.8,16.073,-98.393,7.7,3.9
2005,3,29,16,18,17,16.121,-98.418,5.3,3.9
2005,3,30,1,26,21.9,16.631,-101.083,16,3.6
2005,3,30,17,21,34.2,16.972,-100.149,43.9,3.9
2005,3,31,6,16,52.6,16.566,-98.774,20,3.7
2005,3,31,14,34,41.3,16.335,-98.414,6.1,4.1
2005,3,31,14,43,37,16.287,-98.399,10,4.2
2005,3,31,15,39,54,16.331,-98.106,25,4.6
2005,4,2,4,38,22.3,16.722,-100.845,16.1,3.9
2005,4,2,11,57,52.2,17.072,-99.6,55.5,3.8
2005,4,3,3,54,48.7,16.457,-101.144,15.9,3.9
2005,4,3,8,16,9.2,17.947,-101.241,48,4
2005,4,3,21,43,41.5,16.882,-99.568,45.5,3.7
2005,4,4,13,25,19.9,17.146,-101.333,47.2,3.6
2005,4,6,12,9,32.3,17.073,-101.396,14.9,4.5
2005,4,7,6,52,24.6,18.257,-103.331,6,3.9
2005,4,7,19,39,7.3,16.827,-99.84,37,3.6
2005,4,8,17,50,7.2,16.763,-98.148,16.9,3.6
2005,4,8,20,20,7.3,16.852,-98.423,43.8,4.1
2005,4,9,9,4,0.1,18.27,-101.874,45.4,4.1
2005,4,9,16,43,17.5,15.572,-97.701,20,4.5
2005,4,10,6,45,35.1,16.207,-97.648,38.1,4.1
2005,4,12,0,27,13.1,16.957,-100.093,5.8,3.5
2005,4,13,7,24,24.5,17.098,-100.069,36.1,3.8
2005,4,14,3,19,2.4,16.24,-97.683,45.6,3.8
2005,4,14,10,38,40.5,18.915,-103.554,5,4.3
2005,4,15,11,11,22.7,16.004,-97.56,16.1,3.8
2005,4,16,13,27,38.8,15.681,-98.779,10,3.8
2005,4,16,22,55,24.8,19.426,-98.97,12.5,3.8
2005,4,17,3,46,47.7,18.371,-102.938,28,4
2005,4,18,8,12,0.2,19.101,-102.887,10.7,3.7
2005,4,19,4,23,18.8,16.576,-98.397,67.2,3.6
2005,4,20,13,29,27.1,18.034,-100.834,66.1,3.7
2005,4,20,17,17,29.6,16.304,-98.247,6.7,3.8
2005,4,21,0,37,48.5,17.804,-101.897,13,3.8
2005,4,21,0,39,21.8,17.697,-101.937,16.1,3.7
2005,4,21,0,50,57.4,17.606,-101.956,7.3,3.8
2005,4,21,6,51,19.4,17.465,-101.339,31.4,3.7
2005,4,25,14,13,36.6,16.099,-97.426,17.2,3.6
2005,4,27,22,46,35.3,17.185,-101.554,5,4.3
2005,4,28,5,43,59.8,15.658,-96.384,39,4.3
2005,4,28,8,28,2.4,16.794,-99.821,30.5,4.2
2005,4,30,23,20,43.4,17.737,-99.839,68.8,3.8
2005,5,3,13,40,47.7,16.43,-98.033,5,4.4
2005,5,7,0,6,5.4,16.036,-99.373,16.5,3.9
2005,5,7,3,39,57.4,16.214,-98.472,13.6,3.5
2005,5,8,16,39,39.2,16.714,-99.066,14.3,4.1
2005,5,8,18,58,24.5,16.121,-96.538,58.3,3.8
2005,5,9,1,0,5.6,19.181,-102.92,6,3.9
2005,5,9,12,44,15.7,15.626,-96.584,20,3.7
2005,5,12,8,6,24.4,19.435,-98.905,15,3.4
2005,5,12,14,15,30,17.277,-100.779,16,3.6
2005,5,12,19,12,18.41,16.249,-98.766,22.6,4.5
2005,5,13,4,19,34.5,19.48,-102.583,22.1,3.7
2005,5,15,10,25,15.4,15.939,-98.525,23.3,3.8
2005,5,15,15,21,38.6,15.942,-97.282,16.1,3.8
2005,5,15,22,33,22.7,16.255,-98.908,15.6,3.7
2005,5,16,2,1,30.8,17.937,-103.523,10,4.3
2005,5,17,3,18,47.8,17.294,-100.451,38.1,3.7
2005,5,19,5,13,47.6,16.97,-98.239,46.2,4.4
2005,5,19,8,1,1.3,17.963,-101.887,10,4
2005,5,20,5,31,43.5,15.505,-96.762,35.1,4.2
2005,5,20,10,9,52.3,17.448,-99.361,53.3,4
2005,5,21,8,40,13.3,16.88,-99.594,22.6,4
2005,5,22,1,29,26.4,16.109,-98.62,21.4,3.5
2005,5,24,7,20,51.8,18.201,-103.453,9.2,4
2005,5,24,13,31,32.9,15.966,-97.613,20,3.9
2005,5,24,13,33,59.3,15.935,-97.604,20.5,4.2
2005,5,24,17,17,33,16.141,-97.991,18.1,4.1
2005,5,24,21,16,26.2,16.581,-98.328,10,4
2005,5,26,15,56,0.09,18.219,-99.593,93.2,4.7
2005,5,27,6,59,32.1,18.064,-101.976,20,3.8
2005,5,27,19,37,5.3,18.344,-101.181,81.1,3.9
2005,5,28,22,30,55.2,16.179,-98.121,11,4.2
2005,5,29,12,10,30.8,17.209,-99.327,6.4,3.7
2005,5,29,13,12,13.3,16.95,-100.185,10,4.2
2005,5,30,8,27,3.8,19.475,-103.68,9.4,4.5
2005,5,30,22,44,28.2,18.842,-104.497,10.3,3.8
2005,6,2,4,50,7.8,19.48,-103.572,7,4.1
2005,6,3,16,24,39.8,16.924,-100.147,13.7,3.7
2005,6,3,20,33,0.7,16.262,-98.239,8,3.8
2005,6,4,15,53,51.7,15.968,-97.625,16.1,3.6
2005,6,4,21,53,12,16.3,-98.472,26.6,4.2
2005,6,5,19,20,49.6,19.455,-103.545,5.2,4.2
2005,6,6,5,16,38.4,16.533,-98.443,59.8,4.2
2005,6,6,5,27,15.6,16.461,-98.327,62.6,4
2005,6,7,17,4,30.4,17.363,-101.492,17.9,3.7
2005,6,8,18,56,30.9,18.951,-103.493,7.7,4
2005,6,9,8,41,51.2,16.177,-98.531,7.2,3.8
2005,6,11,10,26,47.7,15.758,-98.937,17.9,4.2
2005,6,12,4,54,40.5,16.149,-98.208,7.9,3.6
2005,6,12,13,43,59.4,16.936,-100.161,6,4.1
2005,6,13,3,49,59.8,15.982,-99.28,5.7,4.2
2005,6,14,17,28,48.5,18.287,-102.968,14.3,3.9
2005,6,14,22,48,20.9,16.049,-97.204,16.5,3.8
2005,6,16,2,47,7.9,18.919,-100,112.2,3.7
2005,6,17,17,0,8.6,17.377,-101.01,24.6,4.2
2005,6,17,23,59,52.5,16.036,-97.13,8.2,4
2005,6,18,19,0,56.2,16.666,-99.913,8.3,3.8
2005,6,18,22,27,38.1,15.846,-97.335,26.7,3.7
2005,6,19,19,8,28.8,16.095,-97.215,10,3.8
2005,6,19,20,19,38.6,15.742,-96.464,12.4,4
2005,6,20,7,10,23.8,18.194,-100.889,62,4.1
2005,6,20,10,4,49.1,16.205,-99.515,14.2,4.1
2005,6,23,1,40,19.6,16.931,-102.42,10,3.5
2005,6,23,4,1,25.5,19.438,-98.938,1.4,3.7
2005,6,23,17,42,32.8,16.377,-98.439,36.2,4
2005,6,26,4,15,33.9,17.255,-100.225,46.2,3.6
2005,6,26,10,21,38.5,15.761,-99.063,13.9,4.2
2005,6,29,6,35,37.5,19.062,-98.686,5,3.2
2005,6,29,11,58,33.5,16.177,-97.579,13,3.9
2005,6,30,14,11,8.5,16.208,-97.614,30,3.8
2005,6,30,19,3,50.7,15.603,-98.551,14.2,3.7
2005,7,2,7,39,15.8,16.241,-99.59,17,4.1
2005,7,2,7,46,7.3,16.194,-99.447,17.5,4.2
2005,7,2,11,14,45.6,16.471,-98.427,5,3.7
2005,7,5,16,10,49.9,18.063,-96.824,75.1,3.7
2005,7,5,19,10,22.8,16.181,-98.381,11.1,3.8
2005,7,6,17,7,39,17.764,-100.845,80.1,3.7
2005,7,7,2,15,8.3,17.058,-99.902,48.7,3.8
2005,7,8,22,38,34.2,15.985,-97.659,10,3.6
2005,7,12,9,19,27.3,18.236,-100.299,62.7,3.9
2005,7,13,10,5,25.2,18.752,-103.039,73.6,4.1
2005,7,14,7,33,11.7,17.24,-100.152,32.1,3.6
2005,7,14,16,13,40,16.896,-99.951,13.1,4
2005,7,19,2,58,2.1,16.278,-98.357,19.1,3.7
2005,7,19,8,6,10.9,16.255,-99.431,29.3,4.2
2005,7,19,10,19,45.6,18.138,-102.574,16.1,4.2
2005,7,22,3,54,27.5,16.119,-98.269,21.4,3.8
2005,7,23,6,12,9.4,16.017,-97.492,3.4,3.8
2005,7,23,10,51,7.9,15.971,-99.244,20.2,4.2
2005,7,25,13,40,3.9,16.12,-98.237,5,3.9
2005,7,26,14,20,21.1,16.7,-99.65,5.1,3.7
2005,7,26,14,22,3.7,16.725,-99.641,5.5,3.6
2005,7,29,17,16,8.9,17.455,-100.965,20,3.9
2005,7,30,6,32,9.2,16.271,-98.021,5,4.1
2005,8,3,23,23,36.7,16.095,-97.534,20.7,3.8
2005,8,4,10,13,33.5,16.334,-97.895,20,4.2
2005,8,4,11,40,23.6,16.155,-97.964,8.9,3.7
2005,8,4,13,25,19.5,16.579,-100.037,6.5,4
2005,8,5,3,2,58.7,16.257,-98.103,20.5,4.2
2005,8,6,16,49,46.6,18.394,-101.196,33.2,4.6
2005,8,7,11,6,50.9,16.039,-98.178,5,4
2005,8,10,14,28,51.5,18.189,-100.83,60,3.7
2005,8,10,20,13,6.4,15.861,-97.596,16.7,3.5
2005,8,11,7,17,28.3,17.446,-101.356,22.6,3.8
2005,8,12,7,48,20.3,16.617,-98.888,16.4,3.7
2005,8,12,23,52,16.7,18.058,-103.643,29.5,4.1
2005,8,13,7,31,29.4,18.412,-103.597,12.2,4.2
2005,8,14,2,51,59.61,16.207,-98.139,18.6,5.4
2005,8,14,20,12,48,16.151,-98.951,11.7,4
2005,8,15,19,18,56,18.073,-99.883,55.6,3.5
2005,8,16,16,27,21.4,18.457,-102.938,13.9,4.2
2005,8,17,17,48,36.9,16.137,-98.183,20,4
2005,8,18,20,51,36.6,16.085,-97.262,33.6,3.9
2005,8,18,21,48,50.6,16.085,-97.265,20.7,3.9
2005,8,20,11,45,58.4,17.22,-101.283,18.7,3.6
2005,8,20,13,25,34.1,16.856,-100.829,16.9,3.6
2005,8,21,6,36,51.5,17.493,-100.942,17.2,4.1
2005,8,21,16,28,53.3,16.25,-97.645,38.9,3.8
2005,8,21,23,49,32.4,17.022,-96.806,67.1,3.7
2005,8,22,1,14,55.9,16.091,-98.699,27.1,3.9
2005,8,22,3,43,17.4,16.037,-98.663,16.1,4
2005,8,22,12,51,14.5,15.634,-97.111,20,3.7
2005,8,23,22,37,51.2,17.896,-101.622,57.2,3.7
2005,8,25,5,8,55.2,16.146,-97.638,31.5,3.7
2005,8,25,12,5,34.5,16.24,-98.752,16.9,4.1
2005,8,25,22,7,7.4,17.167,-100.924,15,4.1
2005,8,25,23,43,53.5,16.163,-99.09,20,3.9
2005,8,26,14,46,21.8,15.718,-96.497,27.1,3.9
2005,8,26,20,43,52.5,16.051,-99.126,16,3.5
2005,8,27,6,4,43.5,16.409,-98.47,11.1,3.8
2005,8,28,18,35,43.7,16.249,-98.216,10,3.7
2005,8,29,21,55,46.4,15.65,-96.782,17.2,3.7
2005,8,29,22,13,50.5,17.768,-101.555,37.8,3.6
2005,8,31,2,20,55.8,15.986,-97.596,16,3.7
2005,8,31,7,18,49.1,17.133,-100.221,41.1,3.7
2005,9,3,6,10,39,15.976,-97.594,16.1,4.1
2005,9,3,17,11,29.2,16.462,-98.941,18.7,3.9
2005,9,4,17,34,13.4,16.446,-100.407,20,3.8
2005,9,6,18,45,35.1,16.798,-99.734,3.9,3.9
2005,9,7,11,57,43.2,16.138,-101.579,19.9,4.5
2005,9,7,22,2,5.6,17.826,-97.486,72.8,4.4
2005,9,8,8,15,55.1,16.521,-98.423,18.2,3.8
2005,9,8,16,2,1.84,17.267,-101.304,29,4.4
2005,9,8,16,5,34,17.306,-101.476,37.3,4.3
2005,9,8,22,17,43.1,16.974,-100.059,10,3.7
2005,9,8,23,50,2.85,17.322,-97.129,69.5,4.4
2005,9,9,15,42,7.4,16.678,-99.545,17.4,4.1
2005,9,10,9,20,1.9,16.092,-97.382,15.5,3.9
2005,9,10,9,21,42.5,16.11,-97.285,12.6,3.8
2005,9,10,18,55,4.7,16.056,-98.638,15,3.9
2005,9,11,4,20,6.3,16.092,-97.862,18.7,3.6
2005,9,11,9,10,46,15.82,-97.593,24.3,3.9
2005,9,12,1,55,46.7,17.196,-102.356,16.1,3.8
2005,9,12,15,45,14.8,18.186,-101.006,59.8,3.6
2005,9,14,16,5,57.1,16.236,-99.537,16.5,4
2005,9,16,19,48,11.8,19.352,-104.769,120,4.2
2005,9,18,11,25,53.1,17.045,-100.019,7.8,4.4
2005,9,22,5,33,39.2,17.964,-99.206,70.3,3.7
2005,9,23,21,50,55,18.409,-103.232,127.8,4.3
2005,9,24,1,14,3.31,18.154,-96.835,70,5
2005,9,28,9,54,21.8,17.128,-99.606,33.4,4.1
2005,9,28,10,14,18.2,16.008,-97.24,27.3,3.9
2005,9,28,18,52,54.1,17.865,-99.815,61.1,3.6
2005,10,1,4,40,19.1,16.417,-98.487,8.8,3.6
2005,10,1,19,53,56.4,16.01,-99.246,16,4.5
2005,10,1,21,27,19.6,17.867,-102.416,14.1,4.3
2005,10,2,8,53,35.4,16.049,-98.882,16.1,3.9
2005,10,3,14,1,10.8,17.008,-98.558,41.9,4
2005,10,5,10,31,53.5,15.928,-98.22,14.7,4.1
2005,10,11,4,17,5.69,15.533,-98.796,60.4,4.1
2005,10,11,4,28,10.3,15.83,-97.839,1,4.4
2005,10,11,6,19,9.5,16.037,-98.403,15,3.7
2005,10,12,3,12,44.5,17.042,-100.198,10,3.7
2005,10,12,23,37,33.1,15.951,-97.251,14.9,4.2
2005,10,13,10,5,25.5,16.211,-98.042,6.7,4.4
2005,10,14,4,42,38.9,17.209,-101.354,15,3.6
2005,10,14,10,2,8.2,16.514,-98.411,15,3.7
2005,10,14,14,30,12.1,15.971,-96.929,12.7,4.1
2005,10,14,15,18,25.3,17.727,-101.441,29.3,3.9
2005,10,16,1,52,26.8,17.296,-100.956,9.9,4.2
2005,10,16,14,12,36.2,19.283,-99.206,13,3.6
2005,10,16,14,35,9.3,19.326,-99.172,16.6,3.2
2005,10,17,22,39,14.2,16.044,-97.565,22.6,3.6
2005,10,19,16,59,55.5,17.179,-100.187,38.6,3.7
2005,10,19,22,35,0.4,16.126,-97.681,33.6,3.8
2005,10,24,21,54,48.8,15.996,-97.321,6,4
2005,10,25,2,11,31.7,16.436,-97.066,60,3.9
2005,10,27,15,42,34.5,16.958,-100.026,27.6,3.8
2005,10,28,3,16,29,15.88,-96.899,11.3,4.5
2005,10,28,11,15,12.3,16.403,-99.348,12.4,4.2
2005,10,28,23,21,33.4,16.044,-98.59,5.5,3.9
2005,10,29,0,17,9.3,17.329,-100.73,6.9,3.8
2005,10,29,22,22,11.6,17.208,-100.958,16.1,4
2005,10,30,9,59,59.1,16.267,-98.491,5,3.7
2005,11,6,3,4,12.9,16.909,-99.483,35.8,3.9
2005,11,6,6,53,32.1,16.427,-98.802,2.4,3.9
2005,11,7,17,14,38.1,16.032,-97.587,12.7,3.7
2005,11,7,18,42,6.9,16.486,-98.468,52.4,4.2
2005,11,8,5,12,27,17.179,-100.939,5.5,4
2005,11,10,2,59,23.6,18.156,-102.106,23.3,3.8
2005,11,11,8,31,47.3,17.891,-101.867,71.9,3.8
2005,11,11,17,42,55.3,17.209,-100.931,16,3.7
2005,11,11,23,26,1.6,16.37,-99.087,16.4,3.6
2005,11,14,22,40,14.2,17.059,-100.112,10.3,3.5
2005,11,15,2,6,49.5,16.543,-100.247,9.2,4
2005,11,15,11,9,23.8,17.096,-100.668,20,3.7
2005,11,15,23,55,2.1,17.67,-100.909,56.7,4
2005,11,18,20,49,46.7,15.882,-96.475,41.5,3.7
2005,11,21,1,25,17.9,16.082,-97.43,13,4.6
2005,11,21,11,17,4.3,17.021,-98.03,24.9,3.6
2005,11,21,14,50,43.6,17.925,-100.295,62.5,4.2
2005,11,21,17,30,16.3,15.924,-97.658,26.1,4.6
2005,11,21,20,40,42.6,17.783,-102.092,5.2,4.3
2005,11,22,19,31,23.3,15.783,-98.675,20,3.6
2005,11,24,3,8,56.4,16.019,-97.912,20,3.9
2005,11,25,13,20,42.5,17.344,-101.257,10.1,3.8
2005,11,27,6,42,25.5,16.99,-100.166,2.1,4.1
2005,11,27,15,45,25.2,16.46,-98.2,20,3.9
2005,11,28,0,2,15.5,16.728,-99.866,7.7,3.6
2005,11,28,8,48,29.8,18.213,-100.49,47.9,3.8
2005,11,28,10,53,34.7,18.028,-101.065,37.8,3.7
2005,11,29,10,52,30.4,17.284,-100.829,16,3.7
2005,11,29,12,53,1.3,18.974,-103.539,15.1,3.8
2005,11,30,4,26,0.6,16.391,-99.114,16.1,4.2
2005,11,30,5,28,14.7,16.036,-97.136,8.3,3.9
2005,11,30,6,17,39.8,16.973,-99.842,19.1,3.6
2005,11,30,15,59,24.9,17.601,-101.733,20,4
2005,11,30,20,22,52.8,17.008,-99.489,40.6,3.9
2005,12,1,10,21,36.5,16.222,-98.072,5.8,3.9
2005,12,2,12,33,53.2,18.952,-104.168,3.1,4.1
2005,12,2,17,58,13.7,16.233,-98.534,20,5
2005,12,2,18,50,15.6,16.044,-97.085,16.1,4.1
2005,12,3,16,42,20,15.936,-98.626,18.5,3.8
2005,12,5,17,27,39.99,16.489,-98.53,26.7,4.8
2005,12,6,5,29,50.9,16.929,-100.513,5.4,4.2
2005,12,6,16,37,38.5,17.112,-100.254,40.2,3.7
2005,12,6,23,37,48.3,16.349,-98.444,20,3.6
2005,12,7,2,18,56.2,16.221,-98.378,10.7,3.8
2005,12,7,14,53,10.6,18.305,-101.918,16,3.9
2005,12,7,18,21,18.1,16.101,-98.607,27.9,3.9
2005,12,8,10,52,47.8,18.104,-102.963,24.4,3.8
2005,12,8,20,8,35.2,16.858,-100.112,8.1,4
2005,12,10,7,12,50.6,17.109,-100.485,30,3.9
2005,12,11,0,52,28,17.228,-101.323,16,3.8
2005,12,14,1,23,6.1,16.493,-99.392,10.8,3.6
2005,12,14,21,22,37.94,18.661,-100.973,81.9,4.9
2005,12,15,0,11,31.4,18.427,-101.185,66.6,3.9
2005,12,16,20,0,56.7,18.143,-102.838,6.1,4.2
2005,12,17,9,5,21.1,17.085,-99.543,51.7,4
2005,12,17,22,8,58.2,16.446,-99.43,14,3.9
2005,12,18,20,35,55.5,17.679,-100.838,58.5,3.9
2005,12,18,20,58,11.3,17.006,-100.11,10,3.9
2005,12,21,14,8,34.9,16.085,-98.345,5.1,3.8
2005,12,21,15,42,9.5,16,-98.384,5.7,3.9
2005,12,23,8,50,47.5,16.026,-97.103,35.9,3.8
2005,12,24,20,0,32.1,17.65,-99.163,54.7,3.7
2005,12,26,0,23,41.4,16.78,-100.185,11.1,3.8
2005,12,26,1,13,52.1,16.556,-98.443,17.5,3.8
2005,12,26,19,23,43.3,17.328,-101.301,8.4,3.6
2005,12,27,0,24,59.2,16.059,-97.137,8.1,3.7
2005,12,28,21,27,50.8,16.58,-98.424,11.2,4.3
2005,12,30,3,35,19.9,15.957,-97.251,16.7,3.6
2005,12,30,12,19,12.6,16.027,-98.299,5.8,4
2006,1,1,0,3,17.3,15.994,-97.606,16,4
2006,1,1,6,53,41.4,16.037,-97.268,26.8,4.1
2006,1,1,14,53,8.7,17.299,-102.252,19.8,3.8
2006,1,2,2,46,44,16.095,-97.559,15.6,3.9
2006,1,3,10,3,2.7,18.134,-99.589,56.3,3.8
2006,1,6,14,22,32.7,16.776,-99.698,4.9,4
2006,1,8,7,10,5.5,18.555,-101.349,58.1,4.3
2006,1,11,1,59,46.8,15.729,-96.953,16.1,3.6
2006,1,11,4,29,9,16.004,-97.185,21.4,3.8
2006,1,11,12,6,39.5,16.195,-97.083,3.3,3.8
2006,1,13,3,25,9.7,16.769,-101.162,10.9,4.4
2006,1,14,5,54,5.9,17.957,-101.883,22.2,4.1
2006,1,16,11,5,36.4,16.3,-98.507,6,4.3
2006,1,18,4,26,20,18.199,-100.816,15.9,3.7
2006,1,18,14,5,4,16.084,-97.68,26.4,3.8
2006,1,18,16,23,17,16.32,-98.169,15.4,3.9
2006,1,18,17,16,32.7,16.998,-100.156,11.2,3.7
2006,1,19,15,29,48.5,15.639,-96.448,19,4
2006,1,19,16,34,39.4,17.132,-96.742,65.3,4
2006,1,20,7,25,52.5,16.266,-99.386,16,4.4
2006,1,20,7,47,31.4,16.14,-99.516,16.1,4.2
2006,1,20,9,49,6.1,16.306,-99.401,16.1,4.1
2006,1,20,10,30,14.7,15.944,-98.299,27.4,4
2006,1,20,10,43,17.5,17.188,-100.052,41.3,4.1
2006,1,21,9,55,34.2,16.317,-99.715,5,4.2
2006,1,21,18,1,40.1,17.125,-97.247,70.5,3.6
2006,1,22,9,5,22.6,17.099,-102.461,16.1,3.7
2006,1,23,7,46,8.8,16.064,-97.12,15.8,3.8
2006,1,23,8,42,28.1,17.788,-101.85,10,3.9
2006,1,23,9,4,42.8,18.558,-101.934,66.6,4.1
2006,1,23,12,18,9.8,16.039,-97.129,21,4
2006,1,23,22,57,5.4,16.705,-99.515,4.1,3.7
2006,1,26,4,33,40.1,17.917,-103.548,19.2,4.1
2006,1,27,18,38,18.7,16.993,-100.074,12.8,4
2006,1,28,2,18,25,16.16,-98.155,13,3.7
2006,1,28,5,25,49.8,16.828,-99.278,29,3.8
2006,1,31,21,33,35.2,17.327,-101.231,25.7,4
2006,2,9,18,11,39.3,18.328,-100.979,60,4.1
2006,2,12,12,11,22.6,15.93,-97.49,25,3.7
2006,2,12,15,12,48.7,15.964,-98.291,5,3.8
2006,2,16,20,27,58.8,17.325,-101.168,25,3.8
2006,2,17,11,44,3.9,17.955,-101.964,5,4
2006,2,17,19,54,14,18.364,-102.508,37.2,4.3
2006,2,18,6,43,59.2,16.576,-100.194,7,4.1
2006,2,18,14,6,7,16.23,-98.029,7.2,4.2
2006,2,18,23,17,28.9,17.803,-98.252,55.8,3.9
2006,2,20,10,54,23.7,18.145,-100.754,51.1,5.2
2006,2,20,11,32,33.3,16,-98.371,5.9,4.1
2006,2,20,20,22,38.6,16.971,-100.618,4.2,4.1
2006,2,21,16,16,34.2,17.086,-100.018,49,4
2006,2,21,22,35,35.8,16.788,-100.167,28.3,3.8
2006,2,22,15,14,22.7,17.159,-99.731,10,3.8
2006,2,24,14,42,49.7,18.099,-99.688,5,3.8
2006,2,25,15,56,49.4,16.152,-99.143,15.1,3.7
2006,2,25,21,52,0.9,17.271,-101.444,20,4.5
2006,2,26,0,36,0.9,16.929,-100.309,33.4,3.7
2006,2,26,1,14,9.1,18.15,-100.779,62.1,4.6
2006,2,26,5,7,54.9,16.864,-100.491,5.3,4.1
2006,2,27,1,8,54.2,15.797,-96.94,19.3,3.6
2006,2,27,2,10,51.1,15.861,-97.27,16.5,3.6
2006,2,28,23,58,46.9,19.377,-99.109,2,3.4
2006,3,20,23,37,4.3,18.653,-101.73,67.7,4.9
2006,3,25,14,42,42.69,16.385,-98.71,25,4.4
2006,4,1,6,36,52.3,16.937,-99.515,20,4.4
2006,4,1,21,33,33.6,15.778,-97.2,28.3,4.1
2006,4,2,5,59,30.5,15.992,-97.124,16.5,3.9
2006,4,2,16,10,2.8,15.758,-97.398,19.7,4.4
2006,4,3,21,34,2.7,18.233,-103.65,4.4,4.4
2006,4,5,6,10,54.2,16.526,-99.625,3.9,3.7
2006,4,5,20,29,52.8,15.887,-99.034,20.6,4.2
2006,4,5,23,23,32.8,16.025,-98.666,18.4,4.1
2006,4,8,22,55,29.1,18.513,-100.869,47.6,3.8
2006,4,10,9,14,19.6,17.473,-101.577,20,3.9
2006,4,10,16,30,50.5,16.06,-99.199,27.2,3.7
2006,4,10,21,58,27.2,18.445,-101.093,48.3,4
2006,4,11,7,23,23.7,16.09,-98.109,5,4.3
2006,4,11,12,49,46.6,15.724,-99.002,16.1,4
2006,4,11,20,0,1,16.219,-98.261,5.4,3.7
2006,4,13,8,24,16.8,16.923,-98.919,26.5,3.6
2006,4,14,18,46,46.1,15.843,-97.195,17.6,3.7
2006,4,15,0,31,46.2,19.346,-96.392,41.6,3.9
2006,4,15,9,28,41.6,16.805,-97.001,42.8,3.8
2006,4,15,10,19,2.7,16.588,-100.07,15,3.7
2006,4,16,19,9,52.9,18.517,-102.087,30,3.9
2006,4,17,17,27,2.9,16.224,-99.738,15,3.7
2006,4,19,2,48,11.2,17.444,-101.118,20,3.6
2006,4,19,4,56,53.1,16.05,-98.275,5,3.8
2006,4,20,10,50,57,15.542,-96.525,20,3.7
2006,4,21,3,28,28.3,17.326,-101.441,5,4
2006,4,21,11,48,49.5,15.938,-98.318,10,4.3
2006,4,22,17,41,42.6,16.248,-98.195,3.1,4.3
2006,4,22,19,57,36.3,18.219,-101.938,20,4.1
2006,4,26,17,40,5.6,16.328,-98.743,27.2,3.6
2006,4,27,16,29,51.1,16.782,-99.764,23.9,4.1
2006,4,28,3,49,31.2,16.322,-98.809,30.8,3.8
2006,4,29,1,32,11,16.717,-99.834,14.4,3.7
2006,4,29,12,34,38.9,17.137,-100.435,45.4,3.7
2006,5,1,3,17,40.1,15.916,-98.82,22.7,5
2006,5,1,3,21,59.9,16.269,-98.814,29.3,4.1
2006,5,1,3,30,51.5,15.803,-98.697,15.7,3.9
2006,5,1,3,43,31.7,15.862,-98.71,13.1,3.7
2006,5,1,11,17,57,15.758,-98.944,19.4,4.1
2006,5,1,12,29,20.8,15.588,-98.773,20,3.7
2006,5,1,22,40,54,18.649,-104.789,23.6,4.3
2006,5,2,22,16,33.6,16.914,-98.689,16.2,3.5
2006,5,3,6,59,50.2,17.023,-100.252,4,3.7
2006,5,3,16,18,8,18.326,-103.124,5.4,4
2006,5,4,3,22,57,17.706,-100.923,55.4,3.9
2006,5,4,5,37,37.4,15.979,-98.338,1.6,4
2006,5,4,7,2,33.7,18.24,-101.539,53.2,3.8
2006,5,5,15,24,6.2,19.169,-98.954,1,3.5
2006,5,6,0,14,56.7,17.106,-100.916,18.4,3.5
2006,5,7,6,54,55,16.692,-99.769,8.4,3.4
2006,5,7,7,39,53.4,16.241,-98.39,5,3.7
2006,5,7,14,3,47.2,16.195,-97.632,16,3.6
2006,5,7,18,34,23.9,16.092,-98.365,4.3,4.1
2006,5,8,11,1,13.8,16.1,-98.791,11.7,4
2006,5,9,11,30,21.2,15.995,-97.623,22.7,4
2006,5,9,11,45,53.6,18.128,-102.953,15,4.1
2006,5,9,11,55,45.2,17.543,-103.482,16.7,3.9
2006,5,10,4,53,30.2,17.075,-99.985,38.9,4.1
2006,5,11,8,29,37,18.219,-102.536,16.3,4.1
2006,5,12,13,27,17.1,18.064,-97.816,61.2,3.8
2006,5,13,3,30,53.6,15.859,-98.582,12.8,4.2
2006,5,13,6,3,25.8,16.801,-100.265,2.6,3.9
2006,5,13,12,54,47.7,16.752,-100.999,14.4,4
2006,5,16,13,32,7.8,16.596,-99.006,16,3.7
2006,5,16,18,57,54.5,17.733,-101.541,39.3,4.1
2006,5,18,17,32,7.8,17.304,-101.394,20,3.8
2006,5,18,23,51,21,18.774,-103.746,20,4.6
2006,5,19,6,16,20.8,19.196,-102.731,44.2,4
2006,5,20,3,43,24.9,16.803,-100.551,5.1,3.7
2006,5,20,9,42,16.2,16.568,-98.868,16,3.6
2006,5,22,1,5,33.6,17.325,-100.938,10,3.7
2006,5,24,1,17,31,16.568,-98.317,7.7,3.6
2006,5,24,22,39,38.6,16.554,-98.443,20,3.8
2006,5,29,12,58,4.9,16.199,-97.654,9,3.6
2006,5,30,0,23,2.5,17.992,-101.891,49.2,3.7
2006,6,1,16,33,27,16.487,-100.78,22.1,4.4
2006,6,1,18,17,19.9,17.153,-100.615,12.7,4.1
2006,6,2,1,21,9.8,18.978,-104.744,13.2,4.3
2006,6,2,2,0,31.6,15.949,-97.696,18.6,3.4
2006,6,3,13,38,5.1,17.056,-98.081,34.9,3.8
2006,6,3,14,56,15.1,15.994,-97.619,24.5,3.9
2006,6,6,17,18,34.3,16.256,-97.895,10.2,4
2006,6,6,21,35,41.3,17.015,-99.812,41,3.9
2006,6,6,23,15,41.1,17.916,-101.596,42,4
2006,6,7,15,12,19.7,18.534,-101.497,67.3,4.2
2006,6,8,8,40,14.6,17.237,-96.657,74.9,4.2
2006,6,9,9,42,15.8,18.038,-98.117,53.8,4
2006,6,10,22,22,47.9,17.64,-101.297,67.6,4.1
2006,6,11,2,35,18.2,17.304,-100.54,50.9,4.1
2006,6,13,4,18,50.2,15.889,-98.194,16.1,4.5
2006,6,14,0,26,9.9,17.989,-99.571,4.7,3.6
2006,6,15,8,47,2.6,18.118,-100.837,19.9,4.1
2006,6,16,3,50,55,15.664,-98.782,21.5,3.8
2006,6,17,1,46,16.1,15.968,-96.6,7.9,4.1
2006,6,17,14,9,9.6,17.573,-101.474,41.6,3.9
2006,6,21,7,44,13.2,15.974,-97.714,20,3.8
2006,6,21,12,32,13.4,16.644,-100.593,10,3.4
2006,6,21,15,19,10.6,16.751,-99.717,5.4,3.6
2006,6,23,7,56,53.1,17.337,-96.459,76.9,3.4
2006,6,25,12,17,12.4,16.725,-99.577,10.3,3.8
2006,6,25,13,16,53.3,16.601,-99.358,11,3.6
2006,6,25,16,14,46.9,18.086,-99.811,49.3,3.9
2006,6,26,15,49,20.1,18.029,-100.022,54.3,4.3
2006,6,26,22,11,54.4,15.954,-97.499,23.2,3.9
2006,6,27,5,37,37,16.062,-97.185,10.8,4
2006,6,27,23,50,10.5,16.201,-97.753,29,3.7
2006,6,29,2,27,11.3,15.96,-98.858,22.8,3.7
2006,6,29,10,25,48.6,18.007,-101.978,29.4,3.8
2006,7,1,9,18,33.2,16.796,-100.135,10,4.2
2006,7,1,14,39,22.3,16.542,-99.416,16.1,3.7
2006,7,1,23,29,18,17.396,-101.385,11.4,3.9
2006,7,2,3,45,54.6,16.326,-98.431,10,4.1
2006,7,5,20,28,43.4,16.283,-98.257,9.1,3.9
2006,7,10,8,29,43.84,17.686,-99.466,98.3,3.8
2006,7,10,9,6,25.75,15.557,-104.273,69.8,4.2
2006,7,17,19,46,23.3,18.313,-102.655,9.5,4.2
2006,7,18,5,11,9.5,16.956,-101.673,34.6,3.8
2006,7,18,9,52,21,16.875,-99.395,10,4.1
2006,7,18,10,43,8.5,16.94,-101.614,18.4,4
2006,7,18,13,20,14.2,16.659,-99.638,15,3.8
2006,7,19,6,22,14,15.822,-98.308,21.5,4
2006,7,19,16,5,48.2,16.994,-100.334,17.2,4
2006,7,19,18,9,48.6,15.602,-98.381,10,4.4
2006,7,19,18,56,32.9,15.82,-98.272,12.1,4.3
2006,7,20,18,33,14.6,17.847,-96.781,77.2,3.7
2006,7,21,5,24,34.3,16.11,-96.767,20,3.8
2006,7,21,15,15,1.4,17.935,-98.977,62,3.6
2006,7,24,19,39,28.7,17.533,-97.984,60.8,4.1
2006,7,25,17,43,36.4,15.993,-97.231,17,3.6
2006,7,26,1,48,23.8,17.317,-100.464,29.6,4
2006,7,26,2,58,3.6,16.881,-98.329,22.8,3.9
2006,7,31,9,53,40.6,17.062,-96.414,70.5,3.9
2006,7,31,12,32,8.45,16.7,-101.718,1.9,4.4
2006,7,31,17,54,45.55,18.076,-104.461,10,4.4
2006,7,31,18,25,15.28,18.623,-103.896,10,5.3
2006,8,2,18,17,15.7,15.67,-96.448,20,3.8
2006,8,2,22,29,52.5,16.716,-97.735,25,3.6
2006,8,3,0,49,52.2,16.484,-99.727,10.4,3.8
2006,8,3,1,4,32,18.3,-104.829,15,4.3
2006,8,3,2,40,47.9,15.832,-98.399,15.9,3.9
2006,8,3,8,11,11.8,16.853,-100.471,5,3.5
2006,8,5,0,43,55.6,18.99,-103.794,14,4
2006,8,5,17,55,24.5,17.846,-98.846,75.5,3.7
2006,8,7,0,42,0.1,16.902,-99.265,20,4
2006,8,8,22,46,45.9,17.942,-99.548,5,3.7
2006,8,10,20,17,41.4,16.294,-98.466,11.8,3.9
2006,8,11,2,58,48.4,17.094,-101.156,16,3.9
2006,8,11,14,30,40.15,18.541,-101.048,56,6.1
2006,8,11,14,38,37.28,18.508,-101.169,64.2,5.4
2006,8,11,16,46,25.2,18.482,-101.175,64.9,4.9
2006,8,12,16,27,24.7,16.141,-97.925,16,3.8
2006,8,13,15,14,25.06,18.458,-103.476,21.4,5.3
2006,8,14,0,28,4.1,16.161,-98.686,16.6,3.7
2006,8,15,1,45,59.4,15.899,-97.674,20,4.1
2006,8,16,5,15,57.9,15.711,-96.388,20,3.8
2006,8,16,23,52,34.2,16.08,-98.382,5,4.7
2006,8,17,22,55,20,15.673,-98.667,1.8,4
2006,8,17,23,34,53,18.717,-102.466,60.2,4.6
2006,8,19,5,41,28.5,16.231,-97.257,32.2,5.6
2006,8,19,5,55,12.7,16.055,-97.375,39.2,4.2
2006,8,19,6,7,2.1,15.964,-97.402,20,4.1
2006,8,19,16,33,58.7,18.191,-103.611,10,4.2
2006,8,19,17,4,50.2,16.116,-97.765,44.1,3.8
2006,8,19,22,18,21.2,16.07,-97.055,30,3.7
2006,8,19,23,21,38.1,17.035,-100.066,36.9,4.1
2006,8,20,6,6,12.4,16.777,-96.549,61.8,3.8
2006,8,20,15,49,5.3,18.364,-101.114,69,3.9
2006,8,21,0,57,45.9,15.915,-97.522,15,4.1
2006,8,21,5,28,20.6,16.896,-98.515,119.9,3.7
2006,8,21,14,44,49.2,15.965,-96.745,82.5,4
2006,8,22,15,30,21.6,17.72,-99.814,20,4.1
2006,8,22,16,6,42.7,16.335,-99.635,10,4
2006,8,24,5,49,58.6,15.993,-97.208,12.5,4.1
2006,8,24,23,19,58.8,17.373,-101.214,15,3.6
2006,8,26,21,33,4.6,19.17,-104.991,15,4.3
2006,8,31,9,11,40.4,17.078,-99.199,1.8,3.6
2006,9,1,21,15,19.4,17.852,-99.161,48.9,3.9
2006,9,1,22,41,5.2,15.653,-97.781,20,4
2006,9,2,8,0,16,15.966,-96.657,45.7,3.7
2006,9,2,18,34,26.8,17.019,-100.19,14.4,3.6
2006,9,6,18,51,44.8,17.101,-101.084,14.5,4
2006,9,7,10,59,33.5,18.065,-98.637,50.4,4.1
2006,9,8,3,0,29.3,16.662,-100.571,4.9,4.1
2006,9,8,6,32,20.8,16.111,-97.539,34.9,4
2006,9,8,7,47,39.5,16.88,-100.432,5.6,4
2006,9,8,9,38,18.1,16.859,-100.482,5,3.6
2006,9,8,9,40,3.8,16.945,-100.474,5,4.1
2006,9,8,9,53,41.2,16.875,-100.475,5,4.1
2006,9,9,6,56,47,15.842,-96.773,16,4.1
2006,9,9,17,7,43.6,16.665,-100.374,5,4.2
2006,9,10,4,12,56.4,17.45,-101.793,15,4.2
2006,9,12,13,7,11.4,16.541,-98.405,15,3.9
2006,9,17,14,38,41.3,16.668,-99.694,3.1,3.7
2006,9,18,9,56,35.2,17.634,-101.748,29.7,3.7
2006,9,18,10,33,55,17.56,-97.43,72.9,4.1
2006,9,18,16,13,52.6,15.936,-97.693,16.1,4
2006,9,20,17,44,13.9,16.533,-100.156,3.9,3.8
2006,9,21,1,16,21.7,16.834,-99.66,5,3.5
2006,9,21,8,34,47.5,16.557,-98.478,21.3,4
2006,9,21,14,32,18,15.685,-98.007,9.7,3.9
2006,9,22,17,18,44.3,17.773,-98.986,68.5,3.9
2006,9,24,1,3,17,15.68,-96.62,20,4.2
2006,9,24,11,14,55.2,16.719,-99.667,7.8,4.3
2006,9,24,15,36,38.6,16.857,-99.758,13.7,3.8
2006,9,25,11,50,50.1,17.266,-100.802,21.1,3.6
2006,9,25,22,54,50.1,16.094,-97.601,16.1,3.7
2006,9,26,7,33,57.8,16.326,-99.31,21.6,4
2006,9,26,9,41,32.8,15.488,-96.361,12.8,4
2006,9,26,9,43,50.7,15.666,-96.47,15.7,4
2006,9,26,14,36,19.3,15.51,-96.6,15.1,4
2006,9,26,15,36,48.4,15.483,-96.361,16,4.1
2006,9,27,22,54,48.5,16.345,-99.355,8.3,4.1
2006,9,27,23,22,44.1,16.473,-99.345,19.2,4.4
2006,9,27,23,42,50.3,16.436,-99.334,16.4,4
2006,9,28,5,7,33,17.863,-98.731,54.3,3.8
2006,9,28,6,54,22.9,16.516,-99.39,16.7,3.8
2006,9,28,8,58,22.6,16.431,-99.373,16.2,3.8
2006,9,28,19,24,27.2,16.063,-99.238,16.1,4.1
2006,9,29,11,11,19.6,17.171,-100.654,26.2,4.2
2006,9,30,1,43,5,16.199,-99.17,16.3,3.7
2006,9,30,3,50,7.7,17.385,-100.92,27.5,3.8
2006,10,1,21,51,48.4,16.778,-99.757,5,3.9
2006,10,3,1,48,55.4,16.191,-98.232,5,4
2006,10,3,3,24,8.6,15.998,-97.512,16.5,3.9
2006,10,6,3,19,56.3,16.899,-99.941,31.6,4.1
2006,10,6,4,47,54.5,15.937,-98.4,2.3,4.3
2006,10,8,5,24,17.9,16.828,-100.179,5.1,4.4
2006,10,8,16,42,36.9,16.947,-99.689,36.1,4
2006,10,9,15,53,21,17.542,-101.319,48.8,3.6
2006,10,9,15,55,11.9,16.667,-99.196,15.9,3.5
2006,10,9,18,32,41.6,16.735,-99.72,10,3.7
2006,10,9,18,34,6.7,16.717,-99.762,7.2,3.8
2006,10,11,6,11,48.8,17.229,-99.599,53.2,3.8
2006,10,11,18,41,51.2,16.654,-98.13,20,3.8
2006,10,12,10,33,53.9,15.905,-97.643,27.1,3.7
2006,10,12,18,54,52.59,16.669,-100.383,14.4,4.2
2006,10,13,23,32,52.7,19.292,-104.499,20,4.2
2006,10,14,2,35,1.1,19.342,-103.502,43.5,4
2006,10,17,0,37,24.5,18.215,-100.266,35.8,3.4
2006,10,17,18,14,8.8,19.018,-103.048,22,4
2006,10,17,23,58,43.7,17.134,-101.209,7.4,3.6
2006,10,19,2,19,4.7,18.905,-102.651,20,4
2006,10,19,7,4,30.2,17.417,-97.065,75,3.9
2006,10,19,17,2,7.6,16.75,-99.771,29,3.9
2006,10,20,6,21,39.3,15.57,-97.302,9.8,4.7
2006,10,20,8,34,43.6,15.557,-97.364,15.2,4.1
2006,10,21,19,1,32.1,18.235,-103.532,5,4.2
2006,10,22,3,34,32.5,16.925,-100.148,29.1,3.7
2006,10,25,9,42,35.6,15.541,-97.313,20,4.4
2006,10,25,10,57,42.1,15.722,-97.294,20,3.7
2006,10,25,10,59,31.2,15.537,-97.276,34.9,3.7
2006,10,25,14,4,55.7,15.582,-97.328,4.7,3.8
2006,10,26,11,16,43.4,16.75,-99.721,4.2,3.6
2006,10,26,23,9,12.8,17.02,-100.314,34.2,3.5
2006,10,27,5,44,43.8,16.831,-99.76,27.7,3.8
2006,10,29,5,23,48.8,17.944,-99.675,51.5,3.7
2006,10,29,13,54,27.3,18.242,-97.544,64.8,3.8
2006,10,30,7,57,43.8,16.933,-100.183,10.7,3.8
2006,10,30,8,37,32.8,18.66,-102.068,54,4.3
2006,10,30,23,4,20.1,17.029,-100.277,7.6,3.6
2006,11,3,7,12,56.6,18.208,-101.031,79.9,3.8
2006,11,5,19,2,0.1,16.203,-98.05,24.7,3.8
2006,11,6,20,17,53.1,15.633,-96.458,16.2,3.7
2006,11,6,23,4,4.9,17.306,-101.172,10,3.8
2006,11,6,23,8,29.9,16.986,-99.853,15,3.5
2006,11,7,8,34,10.9,17.244,-101.257,23.1,4.5
2006,11,8,17,18,47.3,16.03,-96.566,46.3,5.1
2006,11,8,22,36,0.8,16.105,-96.407,58.5,4
2006,11,9,4,4,42,15.881,-96.916,16.5,3.8
2006,11,9,10,3,38.7,16.022,-98.17,1.3,3.5
2006,11,9,14,36,46.5,17.989,-101.442,11.9,4.2
2006,11,10,6,33,7.2,15.46,-97.478,21.4,4.8
2006,11,10,9,49,30.9,18.361,-99.618,20,3.6
2006,11,10,17,16,4.6,16.386,-98.607,10,3.6
2006,11,11,6,24,30.5,16.027,-98.037,11.4,3.7
2006,11,12,6,58,36.4,19.26,-104.307,28.4,4.2
2006,11,12,15,32,20.4,17.727,-98.562,83.4,4
2006,11,13,3,53,47.4,16.417,-97.938,27.8,3.8
2006,11,13,4,2,0.7,18.359,-101.856,66.7,3.7
2006,11,13,4,3,35.5,15.738,-97.323,10,4.4
2006,11,14,15,32,23.5,16.938,-100.883,10.1,4.4
2006,11,15,11,33,35.3,16.332,-99.126,12.3,4
2006,11,15,13,3,57.7,17.202,-100.283,36.3,4
2006,11,15,17,3,14.8,19.018,-98.607,1,3.5
2006,11,16,20,18,14.1,16.087,-96.918,23.2,3.9
2006,11,17,6,13,39.3,15.589,-98.332,15.1,3.7
2006,11,17,8,2,52,15.642,-96.44,13.5,3.8
2006,11,18,7,11,32.5,17.637,-101.429,40,4
2006,11,18,13,7,34.22,16.288,-98.905,35,4.9
2006,11,18,13,26,14.5,15.797,-99.286,20,4.4
2006,11,18,17,31,27,16.449,-98.488,20,3.8
2006,11,18,22,16,19.9,15.996,-99.241,19.1,4.1
2006,11,19,6,27,40,15.885,-98.881,20.8,4.2
2006,11,19,6,59,7.5,18.463,-104.489,18,5.5
2006,11,20,2,33,28,15.784,-98.733,9.6,4.1
2006,11,21,7,44,47.5,18.601,-101.894,59.5,4.3
2006,11,22,18,16,13.3,16.697,-99.558,10,3.9
2006,11,23,5,30,11,15.946,-97.129,16.8,3.8
2006,11,23,5,57,31.8,15.977,-97.899,17.2,3.8
2006,11,24,18,27,49.4,17.759,-102.473,16.1,4.1
2006,11,25,6,12,51.2,18.218,-103.439,6,4
2006,11,25,23,40,36.2,17.248,-101.066,9.5,3.8
2006,11,26,7,3,10.7,17.989,-100.342,20,3.7
2006,11,27,3,13,8.3,16.309,-97.483,65.2,3.6
2006,11,28,0,34,33.9,16.282,-97.427,39.7,3.7
2006,11,28,2,55,23.9,16.255,-97.443,34.1,4
2006,11,28,16,41,25.3,18.537,-101.373,76.1,3.9
2006,11,29,14,32,28.9,17.104,-99.837,39.4,3.9
2006,11,30,4,19,49,18.184,-100.36,62,4
2006,11,30,9,8,3.7,16.899,-98.509,62.3,4.1
2006,12,1,5,59,30.4,16.122,-97.284,10.3,3.7
2006,12,1,8,55,17.4,17.244,-100.559,10.9,3.7
2006,12,2,14,31,41.3,16.23,-98.066,5,4
2006,12,3,13,39,55.62,15.829,-98.63,10,4.1
2006,12,4,5,47,58.5,16.388,-99.054,5.6,3.8
2006,12,5,5,14,54.9,16.045,-97.084,9.6,3.6
2006,12,5,19,34,26.39,15.963,-98.547,10,4.4
2006,12,6,6,19,21.5,16.918,-100.06,17.9,3.8
2006,12,6,16,46,28.9,17.451,-100.928,9.6,3.7
2006,12,7,2,37,57.5,16.186,-97.976,5,3.9
2006,12,8,12,17,45.5,16.906,-100.171,14.7,3.6
2006,12,8,17,18,0.6,16.666,-98.847,14,4.1
2006,12,9,2,51,33.4,15.937,-99.011,20,4
2006,12,9,4,38,18.1,17.186,-100.756,5,3.4
2006,12,9,14,16,46.1,16.084,-96.927,15,4
2006,12,10,19,40,32.4,18.307,-103.439,7.2,4.5
2006,12,11,14,19,54.7,16.764,-100.158,4.8,3.6
2006,12,11,22,31,16.5,15.967,-99.059,15.5,3.6
2006,12,12,15,53,28.3,16.059,-96.528,55.1,3.6
2006,12,13,9,41,2.3,16.976,-100.117,5.7,3.8
2006,12,15,12,0,47.2,16.785,-98.64,34.2,3.9
2006,12,15,15,37,24.8,17.381,-100.962,47.5,4
2006,12,16,14,17,17.9,16.191,-99.15,8.8,4.1
2006,12,17,3,17,50.8,17.912,-101.314,60.4,4.9
2006,12,17,4,7,56.5,17.969,-101.31,56.5,4
2006,12,17,21,6,26.8,17.602,-101.623,45.8,3.8
2006,12,18,2,58,20,15.875,-97.316,19.3,3.7
2006,12,18,10,16,43.9,16.681,-100.524,8.9,4
2006,12,18,18,24,49.3,17.212,-100.733,20,3.9
2006,12,19,5,49,6,15.985,-97.503,22.7,3.7
2006,12,19,16,11,43,15.5,-96.794,16.5,3.7
2006,12,20,9,43,35.6,18.172,-100.46,66.4,3.9
2006,12,20,15,27,54.2,17.641,-101.345,40.1,3.8
2006,12,21,18,23,2.5,16.123,-96.397,66.7,3.6
2006,12,22,10,53,56.8,16.046,-97.063,16.1,3.8
2006,12,24,0,4,33.1,17.323,-101.44,5,3.7
2006,12,24,23,18,6.6,17.049,-101.091,8.1,4.3
2006,12,26,6,52,15.6,15.6,-98.791,16.1,4.1
2006,12,26,12,6,29.4,15.876,-98.911,19.5,4.2
2006,12,26,12,48,14.9,16.137,-97.724,15,3.7
2006,12,26,13,55,29.2,15.777,-98.828,5,4.1
2006,12,26,19,22,41.7,15.965,-98.683,10,3.9
2006,12,27,1,6,59.2,18.509,-103.147,25,4
2006,12,30,1,35,13.3,15.906,-98.81,17,4.2
2006,12,30,2,49,20.3,16.905,-96.398,62.6,3.7
2006,12,31,9,11,46.8,17.135,-101.032,13.7,4.5
2007,1,1,8,24,49.4,16.782,-100.333,15,4.1
2007,1,1,18,41,39.5,17.329,-100.805,10,4.3
2007,1,2,2,17,4.8,16.786,-101.247,20,4.3
2007,1,2,7,27,46.4,16.952,-99.74,71.2,4
2007,1,2,19,1,11.4,17.003,-100.071,5,4
2007,1,3,2,13,55.8,15.767,-98.883,13.7,4.3
2007,1,3,6,55,18.9,16.069,-97.55,10,4.6
2007,1,4,1,0,49.2,18.211,-103.274,10,4.1
2007,1,5,3,17,35.4,18.27,-103.274,10,4.3
2007,1,5,20,48,17.4,16.47,-100.469,15,4.1
2007,1,7,17,41,19.5,15.876,-98.941,28,4.2
2007,1,9,2,40,37.1,16.061,-97.122,39.1,3.8
2007,1,10,21,5,57.4,15.546,-97.307,16.5,3.8
2007,1,11,23,16,17.5,18.074,-101.661,20,3.9
2007,1,12,8,2,57.1,17.267,-101.223,20,4.2
2007,1,12,12,5,46.9,16.1,-97.538,21.5,4
2007,1,15,8,59,32.9,17.112,-101.072,20,3.6
2007,1,18,0,22,38.3,15.883,-98.789,30.5,4
2007,1,19,0,40,10,16.317,-96.574,52.9,3.4
2007,1,20,2,23,48.6,17.981,-101.657,30.1,3.6
2007,1,21,0,15,41.4,16.176,-99.487,20,4.1
2007,1,21,9,14,59.6,17.023,-99.859,22.3,4.3
2007,1,21,20,41,58,18.179,-99.965,49.8,3.7
2007,1,23,10,11,20.2,16.228,-98.099,19.4,4
2007,1,24,9,5,3.3,17.289,-101.553,6.8,3.8
2007,1,24,9,5,45.7,15.637,-97.197,22.8,3.9
2007,1,25,4,23,15.1,16.162,-97.128,2.2,4.3
2007,1,25,7,6,49.1,16.962,-102.508,16,4.2
2007,1,25,9,58,41.3,17.257,-101.201,10.1,4
2007,1,25,14,38,21.8,19.173,-99.161,32.1,3.7
2007,1,26,0,41,2.8,15.908,-98.294,22.6,4.4
2007,1,26,0,44,59.7,15.896,-98.486,19.6,4.1
2007,1,26,16,57,47.1,16.174,-97.533,20,4
2007,1,27,2,24,45,18.151,-100.952,63.6,3.9
2007,1,27,11,22,10.6,18.065,-102.132,20,4.4
2007,1,27,13,54,41.7,16.147,-97.585,20,3.7
2007,1,29,2,4,29.4,16.833,-99.396,17.6,4.1
2007,1,29,11,39,51.3,15.976,-98.254,6.3,4.2
2007,1,29,14,34,31,16.003,-98.234,10,3.9
2007,1,30,17,17,58.9,16.882,-100.242,14.8,4.1
2007,1,30,19,20,18.1,18.018,-100.568,37.2,3.6
2007,1,30,21,32,7.6,15.891,-98.75,5,4.1
2007,1,31,0,33,39,15.698,-98.952,16,3.9
2007,1,31,4,55,19.4,17.06,-99.654,4.4,3.8
2007,1,31,11,19,43.9,15.753,-96.451,13,4.1
2007,2,1,8,17,46.3,18.172,-100.001,45.4,3.7
2007,2,1,12,8,2.6,16.492,-99.15,16,3.9
2007,2,2,3,12,16,16.71,-99.943,20,3.7
2007,2,2,7,52,33.2,18.086,-101.595,30,4.3
2007,2,3,1,34,57.9,16.689,-99.197,10,3.5
2007,2,3,8,8,21.1,16.217,-97.657,20,3.8
2007,2,3,23,39,17.9,18.608,-101.484,72.1,4.3
2007,2,5,17,47,56.1,17.517,-98.992,54.8,3.8
2007,2,6,6,46,45.5,18.193,-100.684,61.7,3.8
2007,2,6,10,55,31,18.127,-100.836,57.4,4.6
2007,2,7,13,55,8,17.918,-99.587,58.5,3.6
2007,2,7,16,7,19.5,16.603,-99.526,25,3.7
2007,2,7,21,17,11.3,16.881,-99.77,10,3.4
2007,2,8,14,8,20.2,15.759,-99.015,10,4.1
2007,2,9,5,19,2.1,17.984,-97.503,70.6,4.1
2007,2,9,9,55,27.4,16.382,-99.506,10,3.7
2007,2,10,5,22,5,17.93,-97.639,59.5,3.9
2007,2,10,10,0,30.5,17.004,-100.279,6.1,3.6
2007,2,10,11,6,23.5,17.108,-101.197,16.2,4.2
2007,2,11,7,42,8.1,16.955,-99.43,28.7,3.9
2007,2,11,11,36,13.7,15.818,-98.919,16.1,4.5
2007,2,11,16,43,2,16.935,-100.072,10,4.2
2007,2,11,20,22,51.3,16.914,-99.249,16.1,4.3
2007,2,12,19,3,57.3,16.861,-100.489,5.9,4
2007,2,12,20,12,39.3,15.993,-96.82,8.9,4.1
2007,2,13,3,31,41.8,17.053,-100.211,6.1,4
2007,2,13,3,41,29.4,16.979,-100.311,10.5,3.7
2007,2,14,2,16,16.2,18.299,-99.387,50.6,3.5
2007,2,14,3,56,20.5,18.361,-99.52,52.3,3.7
2007,2,14,17,35,38.3,16.056,-98.663,20,4.3
2007,2,14,20,40,3.8,18.467,-101.046,91.2,4
2007,2,15,14,9,14.3,16.015,-97.506,16.1,4
2007,2,17,9,8,13.9,16.334,-98.308,10.2,3.7
2007,2,17,17,39,51.4,16.946,-100.158,9.3,4.4
2007,2,17,19,46,12,16.165,-97.292,16.1,3.7
2007,2,18,6,18,27.2,16.471,-98.89,16.1,3.6
2007,2,19,2,50,33.3,17.002,-100.234,6.5,3.9
2007,2,19,3,15,45.8,17.015,-100.223,6.8,3.8
2007,2,19,14,37,48.8,17.013,-100.276,13,4
2007,2,19,18,57,23.3,16.988,-100.244,8.2,3.8
2007,2,21,8,47,53.9,17.037,-100.213,5.9,3.8
2007,2,21,9,32,51.2,16.397,-99.013,16.1,4
2007,2,21,13,3,14.5,16.999,-100.219,4.8,3.9
2007,2,22,12,51,10.2,18.088,-102.029,10,4
2007,2,23,14,21,54.6,16.87,-100.34,10,3.6
2007,2,23,15,58,27.9,16.433,-98.365,38.9,3.9
2007,2,23,17,41,8.3,15.95,-98.907,5,4.1
2007,2,25,4,27,6,18.022,-100.659,53.5,4.1
2007,2,25,7,10,16.1,16.678,-99.729,5.6,3.6
2007,2,26,3,53,49.4,16.663,-99.191,13.2,4
2007,2,26,6,39,15.4,16.329,-99.128,16.1,4.5
2007,2,26,16,24,53.91,16.305,-99.21,10,4.3
2007,2,26,19,53,49.15,15.823,-96.412,13.8,4.4
2007,2,27,6,44,29,16.533,-100.356,10,4.1
2007,2,27,8,6,17.8,16.952,-100.264,10,3.1
2007,2,28,6,10,56.3,16.011,-97.573,16.1,4
2007,3,1,6,45,20.1,16.333,-99.154,3.4,4.7
2007,3,1,7,10,39.5,16.281,-99.191,16.8,3.8
2007,3,1,10,37,37.1,16.496,-99.052,17,4
2007,3,2,6,31,32.4,16.053,-98.16,5,4
2007,3,2,15,16,31.2,15.953,-96.865,15,3.9
2007,3,2,18,56,0.6,18.241,-100.274,54.5,3.9
2007,3,3,13,28,58,16.583,-98.921,10.9,3.7
2007,3,3,15,23,34.5,16.666,-99.762,1.2,4.2
2007,3,4,3,50,43,16.981,-100.17,25.4,3.6
2007,3,4,5,41,35.8,17.132,-100.959,26.3,4.4
2007,3,4,8,36,36.7,16.788,-99.827,6.8,4.3
2007,3,4,8,55,1.8,16.716,-99.839,9.3,3.5
2007,3,4,9,36,4.8,16.568,-98.262,20,4.1
2007,3,4,15,8,11.7,16.375,-100.067,25.4,4.2
2007,3,5,11,47,24.7,16.278,-98.283,5,3.9
2007,3,5,12,6,44.8,16.753,-99.834,10,4
2007,3,6,9,16,15.1,17.334,-101.696,5,4.5
2007,3,6,10,29,30,17.024,-100.282,10,4
2007,3,6,22,36,41.6,17.154,-101.466,6.3,3.8
2007,3,7,21,12,10.9,17.708,-103.296,16.2,4
2007,3,8,16,40,54.7,19.085,-102.3,78.8,4.1
2007,3,9,5,34,50.3,17.272,-101.73,5,4
2007,3,10,3,4,24.7,18.235,-103.261,15,4.1
2007,3,10,3,24,27.9,16.879,-99.847,12.1,3.8
2007,3,10,4,54,4.2,16.934,-99.898,5.8,3.7
2007,3,10,7,8,31.9,16.442,-98.171,31.7,3.6
2007,3,11,11,0,12.9,18.233,-100.873,54.8,4.1
2007,3,12,23,52,58.7,15.846,-98.697,17,4
2007,3,13,4,19,32.9,18.703,-101.588,29.9,4.3
2007,3,14,3,19,17.4,16.412,-99.053,16,3.8
2007,3,14,6,32,42.7,15.921,-98.555,10.4,3.9
2007,3,14,9,9,54.2,16.215,-98.173,15.2,3.7
2007,3,14,11,25,5.1,17.393,-100.984,8.6,3.6
2007,3,14,18,7,16.8,16.872,-100.117,25.6,3.8
2007,3,15,4,0,13,16.205,-98.144,12,3.8
2007,3,15,13,13,0.4,16.071,-97.242,12.7,5.3
2007,3,15,13,37,4.5,16.109,-97.241,27.7,4.1
2007,3,15,14,36,43.2,16.187,-97.2,18.7,3.9
2007,3,15,14,57,53.4,16.137,-97.266,16.9,3.9
2007,3,16,0,4,45,16.596,-100.434,5,3.8
2007,3,16,22,3,39.9,17.078,-99.514,38.8,3.9
2007,3,17,16,28,17.9,16.12,-98.441,3.9,4
2007,3,18,17,18,22.8,18.609,-104.677,13,4
2007,3,18,17,48,6.3,18.486,-104.795,16.2,4.2
2007,3,19,13,9,23.3,16.194,-98.199,5,3.7
2007,3,19,16,33,38.7,16.067,-97.233,16,3.7
2007,3,20,6,14,20.5,16.168,-98.355,5,3.7
2007,3,20,10,10,0.9,18.477,-101.399,45.9,4
2007,3,21,2,6,36.2,16.092,-97.553,16.1,3.8
2007,3,22,3,25,48.6,17.317,-100.879,13.3,3.8
2007,3,22,20,28,57.6,17.057,-100.79,18.4,3.9
2007,3,24,4,30,11.6,17.509,-101.715,8.2,3.7
2007,3,24,5,26,40.8,16.091,-98.812,16,3.9
2007,3,24,13,58,55.1,17.323,-100.479,47.5,3.7
2007,3,24,23,24,0,17.381,-101.225,23.8,3.5
2007,3,25,12,47,7.9,17.875,-101.482,20,3.7
2007,3,25,14,2,0.8,16.037,-97.156,16,3.8
2007,3,28,20,40,21.6,15.586,-98.75,10,4
2007,3,29,20,58,18.3,15.46,-96.689,2.3,4
2007,3,29,22,22,55.7,16.647,-98.499,1.2,4.2
2007,3,30,13,28,19.1,17.721,-99.555,51.7,3.8
2007,3,30,14,16,54.3,16.121,-97.62,16,4.1
2007,3,30,19,0,37.7,15.897,-99.051,22.5,5.3
2007,3,30,19,8,20.2,15.775,-99.009,23.4,4.5
2007,3,30,19,51,10.3,15.984,-99.053,25.3,4.3
2007,3,30,20,33,6.9,15.973,-99.119,28.4,4
2007,3,31,3,26,9.2,15.793,-99.035,20,4.1
2007,3,31,6,18,56.3,16.895,-99.908,44.6,4.5
2007,3,31,8,45,53.5,16.926,-99.823,38.2,3.9
2007,3,31,13,6,36,15.751,-96.707,23.3,4.3
2007,3,31,16,11,59,17.883,-101.828,46.8,3.4
2007,4,1,18,15,14.05,16.267,-97.292,36.7,4
2007,4,1,19,5,57.5,15.929,-99.013,16.1,4.2
2007,4,1,19,38,41.6,15.793,-97.875,20,4.3
2007,4,1,19,45,45.55,16.079,-97.659,10,4.4
2007,4,1,19,58,3.6,15.724,-97.909,12,4.2
2007,4,1,20,19,5.9,15.707,-97.978,20,4.2
2007,4,2,6,23,9.5,16.03,-99.202,12.1,4
2007,4,2,7,4,32.2,17.302,-100.812,27.2,4.1
2007,4,4,3,9,1.8,16.426,-99.178,28.8,3.8
2007,4,5,3,40,18.2,17.019,-100.058,8.6,3.7
2007,4,5,7,18,24.8,17.381,-101.342,19.4,3.5
2007,4,6,18,5,41.2,15.577,-96.759,5,3.8
2007,4,7,8,54,35.8,18.182,-99.427,58.7,3.7
2007,4,9,4,32,42.8,16.97,-99.178,16.1,3.7
2007,4,9,11,15,2.9,17.985,-101.857,15,3.9
2007,4,11,21,35,35.7,16.997,-99.146,42.7,3.9
2007,4,13,5,42,23.03,17.302,-100.198,34,6
2007,4,13,6,32,13,17.2,-100.552,27.9,3.9
2007,4,13,8,3,2.5,17.116,-100.392,31.5,4
2007,4,13,8,14,58.2,17.202,-100.59,27.5,3.8
2007,4,13,8,32,28.9,17.16,-100.31,35.3,3.5
2007,4,13,8,43,47.5,17.135,-100.31,33.9,5.3
2007,4,13,9,20,41,17.164,-100.481,31.3,3.7
2007,4,13,9,26,53.3,17.245,-100.507,12.6,4.1
2007,4,13,14,42,26.6,18.177,-102.735,10,5
2007,4,13,16,44,1.8,17.042,-100.311,47.9,3.7
2007,4,13,19,59,56.4,17.188,-100.315,27.8,4.3
2007,4,13,20,29,0.2,17.183,-100.3,32,3.6
2007,4,13,22,20,15,17.232,-100.322,27.4,4.5
2007,4,14,2,39,9.7,17.215,-100.377,35.8,4.2
2007,4,14,3,58,3.5,17.203,-100.286,31.4,4.5
2007,4,14,4,53,21.8,17.141,-100.436,42.3,3.8
2007,4,14,12,7,1.2,17.187,-100.381,38,4.2
2007,4,14,12,22,19.7,17.192,-100.364,24.2,4.3
2007,4,14,13,53,40.6,17.161,-100.341,34.7,3.9
2007,4,14,20,5,19.7,17.05,-100.321,40.5,3.7
2007,4,14,21,5,24.1,17.014,-100.271,20,3.9
2007,4,14,23,43,33.9,17.205,-100.367,40.3,4
2007,4,15,16,51,26.4,17.173,-100.441,41.5,3.9
2007,4,15,21,36,38.3,17.815,-100.025,67.7,3.6
2007,4,16,15,43,17,18.911,-102.462,13.5,4.2
2007,4,17,8,38,26.3,17.447,-102.263,24.4,4
2007,4,17,23,29,52.9,17.2,-100.33,25.2,4
2007,4,18,4,27,45.8,16.897,-101.214,15.3,3.7
2007,4,18,16,37,19.5,16.208,-97.647,30,3.5
2007,4,19,1,32,28.8,16.903,-99.514,4,4.2
2007,4,19,10,2,10.9,17.247,-101.296,23.8,5.3
2007,4,19,10,7,51.5,17.297,-101.271,20,3.8
2007,4,20,1,8,41.7,17.206,-100.436,36.1,3.7
2007,4,20,17,28,6.5,17.278,-100.857,15.2,3.7
2007,4,21,2,54,51.3,17.212,-100.485,26.8,3.8
2007,4,21,6,49,32.3,16.082,-97.554,16.1,3.9
2007,4,21,15,8,31.7,18.369,-97.265,72.3,3.9
2007,4,21,22,58,33,16.341,-99.387,16,3.9
2007,4,22,9,26,38.2,16.957,-99.962,9.3,3.8
2007,4,22,14,0,8.2,17.035,-99.842,20,3.6
2007,4,22,22,56,32.2,16.375,-100.759,20.2,4
2007,4,23,17,11,13.1,16.064,-97.544,18.4,3.8
2007,4,25,4,4,56.2,16.154,-96.481,53.2,3.5
2007,4,25,13,17,30.7,17.176,-100.31,36.1,3.8
2007,4,25,14,57,57.3,16.337,-98.085,11.5,4.1
2007,4,28,0,13,36.1,15.493,-97.172,19,3.7
2007,4,28,2,13,2.4,17.168,-100.423,35.5,4
2007,4,28,13,56,36,16.945,-99.825,10.1,5.1
2007,4,28,14,5,12.4,16.927,-99.83,10.1,4.1
2007,4,30,23,13,25.4,16.949,-99.826,27.2,4
2007,5,1,9,44,22.8,17.058,-102.098,10.4,4
2007,5,2,0,58,58.8,16.816,-101.47,20,4.2
2007,5,4,10,21,10.7,17.201,-96.842,70.5,5
2007,5,5,0,4,14.7,16.889,-100.646,1.5,3.5
2007,5,7,11,0,45.9,16.299,-98.244,10,3.6
2007,5,7,12,34,5.4,18.014,-101.405,28.3,4.4
2007,5,8,3,53,28,17.194,-100.387,38.8,3.6
2007,5,8,11,17,54.1,16.562,-99.611,6.9,3.5
2007,5,10,13,32,23.8,15.919,-98.48,2.6,3.8
2007,5,12,23,45,23.1,16.036,-97.55,16.1,4.5
2007,5,13,8,36,19.8,15.909,-98.999,17.9,3.9
2007,5,14,0,10,24.7,16.336,-98.264,8.1,4.1
2007,5,16,2,28,48.7,16.077,-97.424,13.9,3.7
2007,5,16,2,29,46.2,17.355,-101.316,24.2,4
2007,5,16,6,27,9.3,16.239,-98.707,16,3.7
2007,5,17,5,4,6.5,18.2,-103.212,13.4,4
2007,5,17,19,51,54.1,18.244,-101.054,60.2,3.9
2007,5,18,10,47,57,18.128,-99.176,85,3.7
2007,5,19,2,10,15.8,16.336,-98.328,13.8,3.9
2007,5,19,17,14,13.9,16.111,-97.535,16,3.6
2007,5,21,9,52,26,15.568,-98.929,9.7,4.3
2007,5,22,14,3,5.4,16.913,-101.3,5,3.9
2007,5,23,1,4,19.7,17.015,-101.036,5.4,4
2007,5,23,10,10,39.4,15.674,-97.236,5.6,4.2
2007,5,25,8,52,16.7,16.299,-99.676,19,4.2
2007,5,25,22,57,41.6,16.322,-99.735,2.3,3.8
2007,5,26,0,36,54.4,16.762,-99.171,9.8,3.6
2007,5,26,4,34,11,16.021,-98.637,16.8,4.2
2007,5,26,4,56,5.4,16.378,-99.331,16.3,3.9
2007,5,26,5,47,32.2,17.199,-100.315,47.7,3.6
2007,5,26,6,1,28.6,15.85,-98.43,28.2,4.2
2007,5,26,15,34,20.9,16.751,-96.363,63.6,3.9
2007,5,26,21,36,15.8,16.305,-98.262,5,3.9
2007,5,27,20,14,53.2,16.831,-101.721,19.4,4.1
2007,5,28,7,12,52.6,16.692,-99.446,9.8,3.9
2007,5,28,18,32,24.2,17.623,-103.067,15.6,3.9
2007,5,28,20,36,12,18.476,-100.045,55.3,4.1
2007,5,30,9,3,5.3,15.642,-98.388,20,3.9
2007,5,30,19,29,38.7,17.851,-101.538,5,4
2007,5,30,20,42,31,19.202,-99.263,14.9,4
2007,5,30,22,51,22.5,17.36,-100.894,26.5,4.3
2007,5,31,10,11,11.2,18.655,-104.137,11.2,5.1
2007,6,1,19,50,20.91,18.85,-103.91,59.8,4.1
2007,6,2,2,50,47.5,17.043,-99.984,42.8,4.1
2007,6,5,9,8,47.2,16.752,-98.998,16.3,3.7
2007,6,5,13,49,27.5,17.691,-97.455,76.1,4.2
2007,6,6,2,3,47.8,18.625,-102.072,34.7,4.3
2007,6,7,1,28,53.1,15.613,-97.843,13.2,3.6
2007,6,7,3,53,41.5,16.051,-97.938,16.1,3.7
2007,6,7,22,14,32.5,16.738,-99.591,24,4.3
2007,6,8,18,39,59.5,15.839,-98.751,21.9,4.2
2007,6,9,0,56,56.7,17.072,-100.165,28.7,3.8
2007,6,9,4,58,21.9,17.043,-100.131,10,3.8
2007,6,9,7,0,38.8,16.3,-98.274,8.2,3.8
2007,6,10,10,38,51,17.856,-101.473,36,4
2007,6,12,6,42,59.3,15.811,-98.327,16.1,4.1
2007,6,12,8,20,20,16.264,-98.515,19,4
2007,6,12,20,34,15.9,16.74,-99.907,13.1,3.8
2007,6,12,23,40,32.5,17.255,-100.8,37.8,4.6
2007,6,13,6,9,7.9,16.148,-97.065,20,4.1
2007,6,13,15,51,33.8,16.121,-97.027,10,3.8
2007,6,16,19,10,7.5,18.868,-103.529,3.9,4.1
2007,6,16,22,8,48.1,18.09,-98.612,59.5,4.6
2007,6,17,2,36,25.2,18.216,-103.444,12.5,4.4
2007,6,18,8,9,2,17.076,-99.966,42.6,4.3
2007,6,19,3,17,5.7,17.217,-100.494,38.3,3.5
2007,6,19,11,7,54.1,18.343,-102.414,27.1,4.3
2007,6,19,12,57,45.8,17.535,-101.266,26.5,4
2007,6,19,17,43,27.7,16.624,-98.255,12.8,4
2007,6,20,6,13,56.2,18.853,-98.807,1.5,3.7
2007,6,20,12,55,47.9,15.896,-98.044,13.8,4.1
2007,6,22,10,29,49.5,18.519,-102.349,32.9,3.9
2007,6,23,15,53,42.3,16.403,-98.562,13.7,3.6
2007,6,24,2,36,1.3,17.002,-100.06,10,3.5
2007,6,25,9,58,40.9,17.149,-100.41,41,3.7
2007,6,27,9,29,10.7,18.752,-104.07,8.8,4.3
2007,6,27,9,45,42.4,16.388,-97.125,107,3.9
2007,6,27,13,46,2.9,16.286,-96.612,98.4,4.4
2007,6,28,8,26,43.1,17.542,-96.976,88.8,3.9
2007,6,29,15,7,48.8,15.807,-97.745,10,4.2
2007,6,29,20,24,6.8,17.208,-100.373,35.4,3.8
2007,7,3,2,5,24.6,15.731,-98.483,15,4
2007,7,3,7,22,17.1,16.297,-99.755,10,4
2007,7,3,21,16,31.1,17.74,-101.545,52.7,4.1
2007,7,4,21,18,43.4,18.017,-100.442,73.3,3.5
2007,7,5,12,10,23.3,18.193,-103.438,5.7,4.1
2007,7,7,16,34,43.2,16.021,-98.147,25,4
2007,7,8,11,56,40.2,15.861,-98.801,16.7,4.1
2007,7,8,14,25,22.3,18.159,-102.83,16,4.2
2007,7,8,18,3,56.4,17.527,-102.02,9,4
2007,7,9,5,27,11.7,17.595,-98.975,58,3.9
2007,7,9,7,52,59.2,17.182,-100.278,31.8,3.8
2007,7,10,14,15,8.5,16.127,-97.981,30,3.9
2007,7,10,15,20,49.8,15.599,-98.333,11.4,4
2007,7,11,23,33,4.2,15.497,-99.236,16.1,4.2
2007,7,13,7,32,52,16.991,-100.133,5,3.8
2007,7,13,7,36,12.8,16.232,-98.404,0,3.6
2007,7,14,2,20,13,16.446,-98.475,25.2,4
2007,7,14,6,57,3.1,17.063,-99.651,41.7,3.3
2007,7,15,5,57,12.6,19.431,-99.527,3.4,3.3
2007,7,15,5,59,4.3,19.423,-99.525,6,3.5
2007,7,15,9,45,9.5,16.704,-99.915,10.3,3.7
2007,7,15,9,59,1.4,17.293,-100.427,20,3.9
2007,7,15,17,42,39.2,16.352,-99.445,16.3,3.9
2007,7,16,11,31,37.6,16.605,-99.876,29.8,4.2
2007,7,16,12,27,41.2,16.717,-99.779,10.8,3.9
2007,7,17,1,0,32.2,18.631,-100.77,36.8,4.3
2007,7,17,7,28,20.3,15.567,-98.321,9.5,4.2
2007,7,17,21,8,44.5,15.925,-98.698,25.3,4.1
2007,7,17,23,27,40.8,16.41,-98.447,35.4,4.1
2007,7,18,1,7,54.2,17.229,-99.953,20,3.7
2007,7,18,2,11,39,16.946,-99.9,13.7,4.1
2007,7,18,15,13,36.01,17.984,-101.141,43.6,4.9
2007,7,18,21,10,20.2,16.152,-97.487,61.9,3.9
2007,7,19,2,57,33.9,17.02,-100.554,3.4,3.6
2007,7,19,16,17,12.27,16.026,-97.956,11.2,4.6
2007,7,19,19,40,43.8,17.319,-101.25,20,4.2
2007,7,19,20,58,43.3,17.344,-101.229,17,3.9
2007,7,20,6,49,42.9,16.554,-99.08,16.7,3.7
2007,7,20,7,8,11.8,16.066,-97.018,16.1,4
2007,7,20,21,43,35.7,16.987,-100.116,15,3.4
2007,7,21,4,38,59.6,19.471,-100.368,6,3.9
2007,7,21,13,4,0.3,17.296,-101.267,5,4.1
2007,7,22,21,54,29.3,16.71,-99.843,13.7,3.6
2007,7,23,2,1,7.8,17.005,-99.943,15,3.5
2007,7,23,8,54,3.7,17.177,-100.856,16.1,3.4
2007,7,23,15,42,14.5,16.795,-99.704,7.1,3.4
2007,7,24,22,5,25.2,15.907,-98.292,22.4,3.8
2007,7,25,2,29,9.9,16.977,-99.468,14.6,3.8
2007,7,25,10,55,15.7,18.647,-101.589,23.9,4
2007,7,26,19,56,13.8,17,-100.239,25.4,3.2
2007,7,27,12,15,33.5,16.318,-98.979,16.1,3.5
2007,7,27,20,55,14.4,16.264,-98.116,10,3.8
2007,7,28,13,45,24.3,18.052,-100.843,48.6,5.1
2007,7,31,0,4,4.1,18.369,-101.961,18.5,4
2007,7,31,6,26,55.6,16.951,-100.256,6,3.7
2007,7,31,9,48,39,16.109,-98.155,3.6,3.8
2007,7,31,23,31,5,17.591,-100.823,58,3.9
2007,8,1,6,5,29,15.647,-96.548,20,4
2007,8,1,11,6,37.7,16.062,-99.162,16.1,3.8
2007,8,1,14,37,2.5,16.096,-97.598,20,3.9
2007,8,2,7,47,24.9,17.665,-101.343,57.5,4.5
2007,8,4,8,23,18.8,16.718,-99.764,9.4,3.9
2007,8,4,8,41,39.1,17.225,-100.323,20,3.5
2007,8,4,9,18,52.2,16.563,-99.455,10,3.6
2007,8,4,12,42,18,18.112,-103.911,17,4
2007,8,4,22,0,35.4,17.2,-99.921,50.1,4
2007,8,6,2,3,34.9,16.394,-98.975,15.9,3.9
2007,8,6,20,18,35.6,16.995,-100.597,20,3.9
2007,8,7,12,10,35.6,16.946,-100.089,16.3,3.7
2007,8,8,9,29,59.5,16.929,-100.205,4.8,4.2
2007,8,9,3,1,28.6,17.169,-101.191,6.5,3.9
2007,8,10,3,42,26.7,15.686,-97.043,9.9,3.6
2007,8,11,4,49,45.8,17.149,-100.751,16.7,3.5
2007,8,12,1,16,6.7,15.925,-98.893,20.5,4.1
2007,8,12,1,19,36.9,15.654,-98.961,21.7,4.4
2007,8,12,13,36,51.4,16.106,-99.686,10.6,4.3
2007,8,13,19,21,19.9,17.901,-101.526,35.9,4
2007,8,14,2,6,9.7,15.588,-96.701,10,3.1
2007,8,14,18,56,43.7,16.049,-97.164,8.5,3.8
2007,8,16,2,5,31.2,17.72,-101.903,5,3.9
2007,8,18,6,48,5.1,16.166,-97.973,10,3.8
2007,8,18,21,33,46.9,17.113,-99.728,49,3.9
2007,8,18,21,45,10,17.624,-100.842,57.2,3.8
2007,8,19,23,30,3.6,16.024,-97.583,22.1,4
2007,8,21,17,17,8.8,16.286,-99.422,20,4.3
2007,8,22,21,30,2.4,16.862,-99.993,29.4,4.1
2007,8,23,3,43,29.39,18.075,-103.473,8,4
2007,8,23,9,43,16.1,17.106,-100.198,30.5,4.1
2007,8,25,7,24,17.1,17.074,-99.838,26.9,3.9
2007,8,25,22,26,49.9,16.101,-98.008,7.1,3.9
2007,8,26,0,40,40.7,18.215,-100.561,61.9,4.3
2007,8,26,5,15,57.4,17.196,-99.391,20,3.8
2007,8,26,17,18,51.42,16.425,-97.732,36.7,5.1
2007,8,26,18,28,15,16.386,-97.974,6.6,3.9
2007,8,26,23,19,43.2,16.198,-98.049,7.9,3.9
2007,8,29,7,57,15,17.095,-100.824,19.8,3.8
2007,8,29,17,39,59.8,17.485,-101.412,18.8,3.9
2007,8,29,19,18,4.5,16.512,-98.967,12.5,3.5
2007,8,31,1,35,53.1,16.464,-98.444,13.2,3.8
2007,9,1,12,58,16.8,16.469,-98.976,16.1,3.8
2007,9,3,1,41,18.8,17.064,-100.738,10,3.8
2007,9,3,2,15,36.1,15.936,-96.904,20,3.9
2007,9,3,17,51,1.9,16.812,-100.092,5.5,3.7
2007,9,4,17,42,0.7,16.909,-100.935,13.4,3.6
2007,9,4,23,3,59.5,16.983,-99.483,40.1,3.6
2007,9,5,5,5,32.5,16.793,-99.649,7.4,3.5
2007,9,5,18,49,35.7,15.982,-96.694,12.6,4.2
2007,9,8,11,45,2.6,16.725,-99.736,6.6,4.1
2007,9,11,15,21,14.9,18.008,-99.678,109.7,3.8
2007,9,11,21,15,50.6,17.268,-100.671,10.8,4
2007,9,13,5,32,9.6,16.801,-98.518,5,4
2007,9,13,7,55,24.5,16.795,-99.676,3.2,3.9
2007,9,17,5,43,40.5,16.133,-98.041,13.5,4.3
2007,9,18,21,48,27.7,17.234,-100.533,8.9,4.1
2007,9,19,8,25,40.5,16.319,-99.659,5,4.4
2007,9,19,8,35,35.8,16.368,-99.581,5,4.2
2007,9,19,14,7,39.7,17.716,-99.037,41.2,4
2007,9,19,22,31,41.3,16.821,-100.135,5,3.5
2007,9,21,19,34,50.6,17.905,-100.045,64.4,3.8
2007,9,26,5,36,8.3,16.854,-100.211,5,3.9
2007,9,26,5,43,39.3,16.831,-99.671,10,4.2
2007,9,28,8,41,41.1,16.89,-100.376,11.4,3.5
2007,9,30,4,34,23,15.53,-98.976,20,4
2007,9,30,5,55,16.3,18.807,-104.128,8.8,4.1
2007,9,30,6,6,34.4,17.197,-99.998,44.6,4
2007,10,1,8,2,1,16.191,-97.401,25.4,3.9
2007,10,1,19,52,48.9,16.202,-98.409,7.2,4.5
2007,10,2,12,42,45.17,17.567,-98.704,52.6,4.7
2007,10,2,16,6,2.4,16.182,-98.862,17.5,4.1
2007,10,3,5,35,0.7,16.985,-100.021,30.9,3.6
2007,10,3,6,11,5.4,16.972,-99.13,33.4,3.7
2007,10,3,10,19,11.1,17.083,-100.174,5,3.6
2007,10,3,17,47,57.59,18.416,-101.358,65.4,4.7
2007,10,4,10,9,48.3,16.463,-98.462,24.9,4
2007,10,5,22,26,45.5,17.943,-101.778,6.1,4.1
2007,10,6,19,56,54.9,18.382,-101.837,32.7,4
2007,10,7,22,17,46.7,16.703,-99.753,11.7,3.8
2007,10,8,7,17,31.9,18.855,-104.644,10,4.3
2007,10,8,18,43,19.8,17.928,-98.939,54.8,3.9
2007,10,9,16,23,40,15.912,-96.731,6.4,4.3
2007,10,12,3,32,25.9,18.089,-99.848,45.9,4.5
2007,10,12,14,2,41.2,16.727,-98.983,16,3.5
2007,10,13,3,27,57.1,16.032,-98.507,0.3,3.8
2007,10,15,13,18,12.7,17.941,-100.484,25.2,3.9
2007,10,15,13,59,16.6,16.386,-99.419,16.7,3.8
2007,10,16,3,10,48.7,16.962,-98.726,16.1,3.7
2007,10,16,4,22,35,16.03,-97.557,16.1,3.8
2007,10,17,11,29,42.3,16.966,-96.64,65,3.8
2007,10,17,11,57,1.4,16.282,-98.153,6.7,4.2
2007,10,17,14,6,22.1,15.875,-98.103,20,3.8
2007,10,17,17,48,13.4,16.877,-100.292,3.8,3.6
2007,10,17,20,21,33.9,16.01,-97.668,31.9,3.7
2007,10,18,9,39,27.2,16.689,-99.812,2.4,3.7
2007,10,19,1,40,50.6,17.59,-100.54,16.1,3.8
2007,10,19,6,31,15.7,17.292,-101.426,19.1,3.8
2007,10,19,20,3,47.9,17.829,-97.581,72.1,3.9
2007,10,20,14,32,28.7,17.948,-100.403,66.4,4.1
2007,10,23,7,12,25.5,15.904,-97.508,16.1,3.9
2007,10,24,5,56,41.3,16.278,-99.362,20,3.9
2007,10,25,2,11,4.1,17.784,-100.444,60.8,4
2007,10,25,9,50,16,17.983,-99.565,67.2,3.8
2007,10,25,17,30,48.3,15.922,-98.303,5,4.1
2007,10,26,4,14,41.4,16.865,-100.507,5,3.5
2007,10,27,17,12,23.5,15.78,-96.589,24.7,3.8
2007,10,27,20,25,42.3,16.688,-100.036,6.3,3.5
2007,10,27,20,31,5.3,17.664,-103.484,5,4.3
2007,10,30,1,39,52.2,16.141,-98.404,24.8,3.7
2007,10,30,7,14,54.1,17.182,-100.386,35.1,3.6
2007,10,30,9,9,11.5,18.368,-102.877,20,4.1
2007,11,1,14,36,40.4,16.555,-99.561,3.5,3.8
2007,11,1,21,54,7.9,16.599,-99.039,9,4.1
2007,11,2,7,24,54.2,16.991,-100.555,5,4
2007,11,2,22,17,49.3,16.695,-99.828,14.4,3.4
2007,11,3,7,51,47.8,17.591,-99.284,63.9,3.6
2007,11,3,21,48,8.8,17.415,-100.414,3.7,3.6
2007,11,4,15,50,5.4,18.422,-101.41,55.7,3.8
2007,11,5,18,52,46.8,16.977,-100.111,5,3.7
2007,11,6,2,50,49,16.672,-100.516,4.3,3.9
2007,11,6,6,35,43.39,17.108,-99.894,29.9,5.4
2007,11,7,14,28,11,18.977,-102.954,10,4
2007,11,7,23,41,48.5,16.101,-99.866,16.1,4.2
2007,11,8,14,24,0.9,16.006,-98.192,3.8,3.7
2007,11,8,14,40,23.8,16.54,-98.44,8.3,3.9
2007,11,9,3,36,43.7,16.867,-100.272,5,3.5
2007,11,10,5,50,12.5,18.495,-98.593,2,3.4
2007,11,10,6,57,20.1,16.493,-98.044,23.6,3.9
2007,11,10,7,40,28.3,17.887,-101.742,15,4.2
2007,11,10,8,2,20.2,16.989,-100.133,10.6,4
2007,11,10,8,40,15.6,17.031,-100.142,10.6,3.6
2007,11,10,11,15,10.1,16.033,-97.559,15.9,3.6
2007,11,11,13,59,22,18.372,-102.929,10,4.3
2007,11,12,0,23,5.6,18.64,-101.409,28,4.2
2007,11,12,21,58,58,17.459,-97.088,84.7,4.2
2007,11,13,4,49,39.5,17.011,-100.117,4,4
2007,11,13,8,44,13.7,16.257,-97.932,9.5,3.8
2007,11,13,9,17,0.2,16.141,-98.04,5,4.1
2007,11,13,22,42,33.2,16.259,-97.947,7.9,3.6
2007,11,14,6,17,1.8,16.163,-98.417,3.1,4.1
2007,11,14,12,27,51.2,16.231,-98.38,8.7,3.9
2007,11,14,13,4,30.9,16.228,-98.363,10,3.8
2007,11,14,21,8,1.6,16.319,-98.478,6.1,3.6
2007,11,15,17,25,27.4,18.3,-100.238,57.9,3.7
2007,11,16,5,52,29.6,15.874,-99.176,15,3.5
2007,11,17,8,58,18.2,16.337,-99.407,9.7,3.7
2007,11,17,21,35,15.5,17.29,-100.06,10.6,3.4
2007,11,18,10,50,48.4,16.596,-98.942,4.4,3.5
2007,11,18,22,12,3.8,17.187,-100.419,20,3.4
2007,11,19,10,44,58.1,15.93,-96.583,23.9,4.4
2007,11,19,21,33,30.1,17.91,-99.039,62.5,3.7
2007,11,20,0,49,16.3,16.914,-100.456,5,4
2007,11,20,14,22,36.8,16.812,-100.248,12.5,3.7
2007,11,20,15,58,35.9,18.287,-102.511,10,4.2
2007,11,20,19,52,27.3,16.677,-99.689,5.7,3.7
2007,11,20,23,17,39.8,16.723,-99.713,5.7,3.5
2007,11,20,23,26,29.7,16.336,-99.893,3.7,3.8
2007,11,21,2,45,11.7,16.27,-99.549,25.5,3.6
2007,11,21,15,0,12.4,16.145,-97.195,11.9,4.6
2007,11,22,0,22,0.3,16.934,-100.19,2.4,3.4
2007,11,22,0,44,53,17.09,-100.089,2.5,3.3
2007,11,23,1,52,30,17.146,-101.147,13.6,4.2
2007,11,23,7,36,39.3,17.581,-101.301,38.6,4.1
2007,11,23,9,4,53.6,16.919,-100.189,5,3.8
2007,11,23,23,8,12.4,16.072,-99.237,17.4,4.4
2007,11,23,23,14,12.4,16.09,-99.213,16.1,4.2
2007,11,24,3,54,31.1,15.86,-98.685,17.2,3.7
2007,11,24,17,30,31.4,17.318,-100.732,45.4,3.7
2007,11,24,17,57,40.8,16.061,-98.128,10,4
2007,11,25,2,27,41.3,16.985,-100.143,9.3,4
2007,11,25,10,41,39.6,16.294,-97.939,12.6,4
2007,11,26,1,7,29.2,18.729,-99.344,2.2,3.8
2007,11,26,2,58,41.4,16.612,-101.053,15.1,3.9
2007,11,26,11,24,12.2,15.696,-96.531,16.4,3.6
2007,11,26,14,24,25.1,17.535,-101.808,6.3,4
2007,11,26,21,56,12.8,18.654,-101.703,53,5.8
2007,11,26,22,4,33.9,18.665,-101.743,66.2,4.5
2007,11,27,0,50,9.6,17.912,-101.655,36.9,4.5
2007,11,27,4,40,21.6,18.653,-101.76,33.9,4.2
2007,11,27,12,49,22.5,16.487,-99.968,16.1,4.1
2007,11,28,10,0,16,17.201,-96.868,70.3,4
2007,11,28,19,36,3.1,16.119,-97.214,22.6,3.9
2007,11,29,6,42,41.9,16.082,-98.929,7,4
2007,12,2,16,3,22.8,16.098,-100.458,16,4
2007,12,4,3,44,36.9,17.069,-100.262,3.6,3.9
2007,12,4,7,53,22.5,17.049,-100.25,4.3,3.8
2007,12,4,19,23,12.7,17.238,-101.261,1.6,4.1
2007,12,5,18,47,19,18.641,-102.218,4.9,4.1
2007,12,6,7,43,41.1,16.736,-99.723,11.7,3.5
2007,12,7,6,0,2.4,16.569,-98.406,13.5,4.9
2007,12,8,15,5,10,18.15,-100.674,60.5,3.7
2007,12,8,18,31,37.4,17.329,-100.552,17.2,3.4
2007,12,8,18,32,29.6,17.08,-100.248,4.6,3.4
2007,12,9,11,50,14.8,16.324,-98.441,9.9,4.2
2007,12,9,14,39,35.3,16.961,-99.965,28.5,4.2
2007,12,9,16,31,47,17.065,-100.279,7.9,3.5
2007,12,9,20,54,9.5,16.302,-98.169,12.4,3.9
2007,12,10,0,5,34.4,17.86,-101.401,40,3.8
2007,12,10,2,38,19.9,16.293,-98.085,13.8,3.9
2007,12,10,3,8,30.7,16.203,-97.36,18.6,3.7
2007,12,10,23,13,2.8,17.472,-97.773,65.2,3.6
2007,12,11,1,28,53.2,15.703,-96.889,16.1,4.9
2007,12,11,5,31,11,16.964,-100.18,10,3.6
2007,12,11,9,38,36.9,17.173,-101.368,10,3.9
2007,12,13,2,36,44.1,16.009,-98.294,6.3,4.1
2007,12,13,2,44,37.7,16.069,-98.244,21,3.8
2007,12,13,2,48,49.6,16.119,-98.418,3.8,3.7
2007,12,13,3,25,34.3,16.506,-100.578,10,4
2007,12,13,8,10,40.9,17.328,-101.323,9.9,3.9
2007,12,13,10,7,26.7,17.433,-101.664,6,4.1
2007,12,13,17,8,54.73,17.292,-96.69,70.7,4
2007,12,14,5,2,31.2,18.104,-100.829,66,4
2007,12,16,8,10,28.2,16.713,-100.722,1.3,4
2007,12,16,10,35,48.7,18.296,-103.521,5,4.1
2007,12,16,19,7,51.6,15.979,-98.17,5,3.9
2007,12,17,1,2,21,18.122,-100.005,63.4,3.7
2007,12,18,20,50,40.7,18.411,-101.669,40,4
2007,12,19,8,37,20.1,17.69,-101.41,39.9,3.8
2007,12,19,12,5,33.8,16.902,-100.568,5,3.9
2007,12,20,1,2,19.6,16.283,-98.252,5,3.6
2007,12,20,5,57,19.2,16.387,-98.243,5,3.7
2007,12,20,6,11,49.2,16.336,-98.236,8.6,3.8
2007,12,20,20,42,56.2,15.863,-96.953,15,3.7
2007,12,21,13,47,53.9,17.251,-100.332,27,3.8
2007,12,21,23,13,43.1,15.891,-96.406,20,3.7
2007,12,22,11,14,47,16.586,-99.367,16.5,3.5
2007,12,22,22,48,41.9,16.225,-98.318,5.9,3.9
2007,12,24,21,54,44.1,18.145,-101.159,60.8,4.2
2007,12,26,19,59,40.3,15.913,-97.287,16.2,3.8
2007,12,27,5,50,17.9,16.921,-100.202,5.4,3.8
2007,12,27,8,27,50.4,17.348,-100.348,45.1,3.6
2007,12,27,13,56,52.2,16.052,-98.277,7.5,3.7
2007,12,28,13,4,11,18.673,-101.672,75.2,3.9
2007,12,29,17,26,41.3,16.977,-99.849,5,4
2007,12,29,21,28,1.2,16,-98.07,5,4.1
2007,12,30,0,3,5,16.785,-99.764,22.4,3.5
2007,12,31,2,13,33.5,16.883,-100.211,13.2,3.5
2007,12,31,2,32,51.4,15.943,-97.541,23.7,3.6
2007,12,31,6,5,58.5,17.95,-100.462,52.1,3.8
2008,1,1,6,39,16.2,15.968,-98.334,3.6,4.2
2008,1,1,10,39,40.9,16.354,-97.66,41,3.9
2008,1,1,14,41,31.9,17.091,-100.145,40.1,3.9
2008,1,1,16,16,59.4,16.911,-100.315,8.2,3.6
2008,1,1,20,7,14,16.82,-100.187,5,3.4
2008,1,2,11,0,37.5,16.932,-100.155,5,3.7
2008,1,2,12,28,16.8,16.927,-100.159,6.1,4.2
2008,1,2,17,26,51.5,16.407,-99.701,10,3.6
2008,1,3,17,20,55.1,16.408,-98.087,5,3.9
2008,1,3,22,51,43.9,16.09,-98.359,5,4
2008,1,4,22,25,43.2,19.175,-104.756,45.3,4.1
2008,1,5,1,6,54.8,16.456,-98.055,15.6,3.9
2008,1,5,4,0,29.4,16.495,-98.355,25.2,3.9
2008,1,7,3,1,21.1,16.162,-99.783,20,3.6
2008,1,8,1,50,51.9,15.735,-99.071,13.5,3.7
2008,1,8,18,7,30.3,15.687,-96.458,8.9,3.8
2008,1,9,0,44,49.1,18.337,-99.573,5.1,3.7
2008,1,9,4,3,13.9,17.016,-96.377,68.7,4.1
2008,1,9,11,4,22.1,17.201,-101.282,17.3,4
2008,1,9,17,21,19.5,16.562,-98.589,37.3,4.2
2008,1,12,0,43,35.7,17.351,-101.055,15,3.9
2008,1,12,1,18,19.1,16.187,-97.89,5,4
2008,1,12,16,38,23.3,15.931,-97.648,24.6,3.9
2008,1,13,15,54,35.74,16.829,-99.489,22.5,4.2
2008,1,14,0,31,10.1,16.624,-98.36,18.8,3.8
2008,1,14,2,22,3.6,18.122,-103.696,10,3.8
2008,1,16,6,16,14.6,16.07,-97.525,16,4
2008,1,16,12,21,14.2,17.049,-100.284,20,3.8
2008,1,17,8,22,52,16.825,-98.717,55.8,3.7
2008,1,17,13,18,37.1,16.424,-98.349,38.5,3.7
2008,1,18,3,40,1.4,17.373,-100.829,4.1,3.6
2008,1,18,8,19,48.4,16.598,-99.067,25.1,3.9
2008,1,18,8,50,25.8,18.784,-99.578,5,3.5
2008,1,18,15,24,2.4,15.525,-96.355,8,3.6
2008,1,19,0,9,37.7,15.629,-96.405,6.4,3.7
2008,1,19,9,17,11.4,16.165,-98.087,18.6,3.6
2008,1,20,7,53,5,16.805,-99.714,22.9,3.5
2008,1,21,0,3,42.4,16.442,-99.299,16.4,4
2008,1,21,5,14,44.7,16.484,-98.483,21,3.8
2008,1,21,9,52,46.2,17.046,-100.498,8,4.2
2008,1,22,13,17,1.6,16.488,-100.086,4.3,3.8
2008,1,22,18,28,57.9,18.185,-103.358,13.3,4.3
2008,1,22,23,41,48.2,16.352,-98.386,9.4,4
2008,1,23,12,31,58.9,16.078,-97.146,10.9,3.5
2008,1,23,12,32,46.2,16.056,-97.133,32.1,3.7
2008,1,23,22,18,0.2,16.76,-99.721,9.3,3.5
2008,1,24,2,35,28.3,15.487,-99.305,20,3.7
2008,1,24,8,28,43,17.176,-100.508,35.2,3.6
2008,1,24,19,29,40.4,16.374,-96.427,63.3,3.7
2008,1,25,0,23,13.9,16.989,-100.268,15.4,3.6
2008,1,25,0,24,20.6,15.993,-97.556,27.7,3.7
2008,1,26,12,9,59.9,16.229,-97.931,13.2,3.9
2008,1,27,2,8,45,17.899,-101.654,16,4
2008,1,27,14,54,49.4,18.233,-100.898,50.7,4.1
2008,1,28,5,27,29.6,16.618,-98.436,8.8,4
2008,1,28,7,34,49.3,16.233,-98.013,22.8,3.3
2008,1,28,10,30,35,15.872,-98.929,15.1,3.8
2008,1,28,17,24,5.1,18.37,-99.557,0,3.4
2008,1,29,18,45,58.4,16.812,-99.876,21.8,3.6
2008,1,29,20,35,25.6,15.854,-97.764,22.3,3.9
2008,1,30,4,40,14.7,18.056,-101.691,25,4
2008,1,31,15,10,15.9,16.765,-98.649,10,4.5
2008,2,1,8,28,18.2,16.254,-97.631,5,4.3
2008,2,1,16,44,48.6,18.331,-100.446,17.7,3.8
2008,2,1,21,55,17.3,17.236,-100.353,44.4,3.8
2008,2,2,10,20,23.4,15.796,-96.418,40.4,3.7
2008,2,2,11,2,48.7,16.849,-100.074,13.7,3.9
2008,2,2,17,49,11.6,17.72,-99.193,46,3.5
2008,2,2,18,59,50.7,16.694,-99.748,10.6,3.9
2008,2,3,16,40,15.6,16.566,-101.418,19,3.7
2008,2,3,22,20,2.4,17.696,-101.126,25.5,3.8
2008,2,4,0,44,36.6,18.241,-102.894,54.8,4
2008,2,4,9,35,5.5,15.98,-97.567,17.1,3.9
2008,2,4,11,52,9.4,16.353,-99.285,13.1,3.6
2008,2,4,13,49,20,16.936,-99.402,47.6,3.7
2008,2,4,18,31,40.2,17.197,-101.635,21.3,4.1
2008,2,5,20,0,32.1,16.238,-97.246,25.2,4.1
2008,2,5,23,30,24.3,15.821,-98.812,19.4,4
2008,2,6,4,9,13.6,16.546,-99.485,20,3.9
2008,2,6,5,24,27.2,16.582,-100.596,14.5,4.1
2008,2,6,6,4,42.2,16.788,-100.686,4.6,3.6
2008,2,6,7,4,0.4,16.944,-100.859,13.6,3.6
2008,2,6,13,46,23.1,18.057,-102.489,16.1,4
2008,2,7,12,14,55.3,17.903,-99.064,65.2,3.7
2008,2,7,20,21,43.8,15.849,-98.978,14.2,3.9
2008,2,8,1,1,13.9,17.531,-102.047,16,3.8
2008,2,9,3,27,56.3,16.912,-100.027,7.9,3.8
2008,2,9,12,50,35,17.023,-100.301,5,4
2008,2,9,13,20,4.5,17.062,-100.31,5,3.6
2008,2,9,19,25,56.2,15.792,-98.93,16.5,4.2
2008,2,9,19,29,43.09,16.383,-98.53,19.5,4.5
2008,2,9,19,37,35.02,16.086,-98.557,22.3,4.2
2008,2,9,19,51,31.6,15.819,-98.921,20,4.1
2008,2,9,19,59,16.9,15.845,-98.875,16,4.1
2008,2,9,20,9,53.6,16.033,-98.284,15,3.8
2008,2,9,20,38,14.9,15.798,-98.882,16,4.1
2008,2,9,21,6,5.1,15.829,-98.843,23.8,4
2008,2,9,21,14,31.6,15.884,-98.724,15,4.1
2008,2,9,22,31,47.8,15.844,-98.894,27.8,4
2008,2,10,3,34,1.6,15.764,-98.825,5,4.5
2008,2,10,18,9,32.5,15.653,-104.36,32.9,5.2
2008,2,11,12,3,5.1,15.931,-98.897,15.9,4.1
2008,2,12,4,39,51.9,17.015,-100.041,12.7,3.4
2008,2,12,20,29,1.3,15.892,-98.881,21.7,4.2
2008,2,14,1,15,44.3,17.209,-100.411,35.3,3.7
2008,2,15,10,14,57.9,17.76,-99.267,55.6,3.7
2008,2,16,3,8,9.9,16.962,-100.273,17.4,3.6
2008,2,16,19,8,55.9,16.491,-99.195,18.1,3.5
2008,2,16,19,54,46.9,16.435,-99.794,6.7,4.1
2008,2,17,6,15,34.7,17.251,-101.16,6.5,3.9
2008,2,17,7,10,45.3,16.236,-98.466,21.1,4.3
2008,2,17,7,56,57.2,16.173,-98.367,5.2,4.6
2008,2,17,13,27,44.2,16.354,-98.426,6.1,4
2008,2,18,2,49,28.9,16.607,-100.528,20,4.1
2008,2,18,7,49,5.3,17.167,-99.75,30.3,3.7
2008,2,18,18,11,40.4,15.641,-97.413,20,3.7
2008,2,19,4,29,37.9,16.177,-98.405,19.9,3.8
2008,2,20,4,17,41.3,17.454,-101.113,14.1,3.7
2008,2,20,11,48,0.3,16.483,-99.335,26.4,3.8
2008,2,20,23,8,6.1,16.044,-97.167,45.7,3.6
2008,2,21,23,6,7.7,16.514,-99.058,20,3.6
2008,2,22,11,26,8.9,16.766,-99.66,7.4,3.5
2008,2,22,16,29,50.2,18.099,-101.98,30,4
2008,2,23,7,33,14.3,16.968,-100.223,5,3.6
2008,2,23,22,16,5.6,17.144,-99.917,10,3.8
2008,2,23,22,28,31.9,17.686,-100.206,70.1,4.3
2008,2,24,19,15,30.4,15.616,-99.329,14.5,4.1
2008,2,25,8,12,37,17.968,-100.779,67.6,3.8
2008,2,25,9,9,21.3,17.131,-99.976,45.7,3.8
2008,2,25,9,49,4,16.235,-98.186,6,3.7
2008,2,25,12,32,0.1,16.354,-98.215,5,3.8
2008,2,26,19,33,5.4,17.712,-101.476,40.7,4.1
2008,2,29,1,48,5,18.101,-103.529,25,3.8
2008,3,1,4,44,15.6,16.874,-100.2,9.1,4.6
2008,3,1,5,45,1.9,16.882,-100.207,5.4,4
2008,3,1,5,52,58.9,16.83,-100.249,8.3,3.6
2008,3,1,14,52,37.5,16.371,-98.493,7.1,3.8
2008,3,2,5,2,52.2,19.443,-100.406,19.1,3.9
2008,3,2,5,22,8.5,17.206,-101.31,15.5,3.9
2008,3,2,6,6,46.1,15.997,-97.645,26.2,4.1
2008,3,2,6,44,16.6,16.845,-100.138,13.1,3.7
2008,3,2,18,14,14.6,15.73,-96.539,37.7,3.7
2008,3,2,23,18,32.3,17.844,-101.788,33.3,3.8
2008,3,3,0,4,6.8,15.963,-98.309,4.3,4
2008,3,3,16,26,13.1,15.855,-98.769,16,3.7
2008,3,4,18,15,40.4,16.16,-98.368,8.6,3.5
2008,3,5,14,51,53.8,17.461,-101.258,20,3.8
2008,3,5,15,20,42.6,16.004,-98.856,11.7,3.7
2008,3,5,15,35,6,16.108,-98.819,10,3.6
2008,3,6,0,55,12.6,17.121,-100.014,52.4,3.6
2008,3,7,3,50,38.8,15.806,-99.287,16,3.9
2008,3,8,0,7,29.7,17.699,-98.819,58.5,4.1
2008,3,8,4,2,3.6,17.01,-100.021,5,4
2008,3,8,14,54,12.4,17.064,-100.546,0,3.4
2008,3,9,6,37,5.9,16.939,-100.219,13.2,3.6
2008,3,9,19,11,46.6,16.866,-100.085,5,3.7
2008,3,9,19,36,5.1,16.816,-100.112,7.5,3.5
2008,3,9,23,35,37.9,16.493,-98.262,5,3.5
2008,3,10,1,28,40.8,16.511,-98.246,10,3.6
2008,3,10,20,42,48.8,17.092,-100.462,24.8,3.8
2008,3,12,10,35,26.9,16.587,-99.458,5,4
2008,3,12,21,50,1.2,16.45,-98.9,10,3.6
2008,3,13,0,27,46.1,16.604,-100.162,10,3.5
2008,3,13,7,47,0.4,16.323,-99.311,26.7,4.1
2008,3,13,10,50,11,16.237,-98.43,5,3.8
2008,3,13,11,26,1.8,16.956,-99.685,15,3.8
2008,3,14,2,36,50.4,15.468,-96.694,2.4,4.1
2008,3,14,5,49,13.8,17.061,-100.251,2.1,3.5
2008,3,16,8,13,15.5,16.513,-98.122,25.8,4.1
2008,3,16,14,32,3.1,17.201,-100.104,42.7,4
2008,3,17,8,56,54.7,17.31,-100.685,14.9,4.1
2008,3,18,8,53,58,17.802,-97.032,81.9,4
2008,3,20,14,31,13,16.085,-98.275,5,4
2008,3,21,10,12,9.7,16.966,-100.048,5,3.4
2008,3,21,17,17,49.2,17.356,-99.912,52.4,3.2
2008,3,23,1,18,51,17.226,-100.4,28.7,3.5
2008,3,23,3,54,28.6,17.973,-100.776,43.8,3.7
2008,3,23,5,23,57.9,16.792,-100.265,9.3,3.5
2008,3,24,3,3,26.8,17.196,-101.444,16,3.6
2008,3,24,4,51,4.8,16.407,-97.471,16.6,3.7
2008,3,24,11,8,51.2,16.795,-99.831,20.1,3.6
2008,3,24,12,58,52.4,16.098,-97.203,6.6,3.7
2008,3,24,13,22,19.1,16.09,-97.222,23.3,3.7
2008,3,24,21,20,33.5,16.52,-97.542,8.6,3.9
2008,3,25,16,13,21.2,16.676,-99.764,6.9,3.5
2008,3,25,16,26,52.4,16.143,-96.923,80,3.4
2008,3,27,5,59,41.7,16.836,-99.764,8.9,3.5
2008,3,27,15,2,33.8,16.98,-100.203,23.6,3.8
2008,3,28,0,46,59.1,17.202,-100.181,20,3.4
2008,3,28,18,31,9.9,16.452,-99.265,16.1,3.8
2008,3,28,19,10,8.9,18.265,-100.284,54.4,3.5
2008,3,28,20,0,54.1,15.955,-99.245,18,4
2008,3,29,8,33,32.2,15.568,-97.598,11.3,3.9
2008,3,29,15,17,28,16.063,-97.618,6.7,3.5
2008,3,29,17,36,2.4,18.112,-101.789,23.7,4.2
2008,3,30,2,42,33.5,16.412,-99.316,19.7,4.3
2008,3,30,2,48,33,16.337,-99.371,18.6,3.5
2008,3,30,2,59,41,18.25,-100.64,57.4,3.7
2008,3,30,6,10,42.7,16.68,-99.806,9.6,3.5
2008,3,30,6,12,23.6,17.343,-100.825,29.8,3.6
2008,3,30,6,40,43.9,18.246,-100.604,60.5,3.6
2008,3,30,13,15,37.7,16.62,-98.982,15.9,3.5
2008,3,30,15,7,51.3,15.661,-97.535,13.6,3.7
2008,3,30,15,19,40.9,16.618,-99.513,17.4,3.5
2008,3,30,20,30,57.6,17.155,-99.804,31.8,3.5
2008,3,30,22,25,38.6,18.464,-101.138,39.5,3.8
2008,3,31,4,18,17.5,15.706,-96.398,36,3.5
2008,3,31,7,2,37.9,18.489,-101.558,43.7,3.6
2008,3,31,19,35,49.6,16.791,-98.419,79.2,3.6
2008,3,31,23,9,28.8,17.947,-99.908,40,3.6
2008,4,1,10,12,52.8,16.977,-100.131,9.6,3.5
2008,4,1,22,36,56.2,16.96,-100.564,5.3,3.6
2008,4,2,6,42,53.5,15.853,-96.407,50.3,3.9
2008,4,2,7,41,26,17.13,-100.499,26.7,3.5
2008,4,2,16,19,3.6,18.156,-100.461,64.3,3.6
2008,4,3,13,47,11.7,18.176,-99.829,49.2,3.7
2008,4,4,5,44,44.8,16.592,-100.623,9.7,3.8
2008,4,4,15,30,52.8,16.433,-100.042,5.4,4.4
2008,4,4,17,3,41.5,16.402,-100.028,11.6,4.3
2008,4,4,18,11,41.8,18.008,-101.73,45.5,3.6
2008,4,5,6,27,50.09,17.9,-97.9,55.9,4.1
2008,4,6,5,32,37.6,17.891,-100.271,55.7,3.7
2008,4,6,10,27,13.7,16.309,-98.174,5,3.8
2008,4,8,16,47,4.6,15.991,-96.883,15.8,3.8
2008,4,9,0,36,45.6,15.682,-98.913,16.5,3.6
2008,4,9,19,15,16.6,16.859,-99.679,6.2,3.5
2008,4,10,8,50,32.9,17.252,-100.328,21.8,3.1
2008,4,10,12,49,5.7,17.028,-100.119,5,3.3
2008,4,11,4,24,36.7,17.218,-99.808,7,3.4
2008,4,11,7,9,21.4,17.244,-99.878,5,3.3
2008,4,11,15,48,30.6,17.085,-100.885,20,3.5
2008,4,11,19,33,1.8,16.421,-99.401,23.2,3.8
2008,4,12,5,39,4.1,16.011,-98.465,5.2,3.8
2008,4,12,6,1,19.6,16.096,-98.591,18,3.8
2008,4,12,8,23,18,17.03,-100.843,0,4.5
2008,4,12,13,23,33.5,17.474,-100.948,19.6,3.8
2008,4,13,17,32,27.4,18.032,-99.514,67.5,3.6
2008,4,13,17,52,12,16.145,-98.049,9.1,3.8
2008,4,13,19,50,22.5,16.651,-97.577,41,3.8
2008,4,14,3,19,28.4,17.223,-100.85,20,3.6
2008,4,14,7,26,37.5,18.158,-100.804,46.5,3.8
2008,4,14,10,42,40.7,15.481,-98.626,33.4,4
2008,4,15,4,55,54.4,16.078,-97.622,18.3,3.9
2008,4,15,7,31,43.4,18.314,-101.005,65.7,4.7
2008,4,15,11,23,5.5,16.285,-99.602,16.2,3.8
2008,4,15,12,30,9.9,17.189,-100.882,17.7,3.5
2008,4,15,12,35,2.4,16.705,-99.704,5.7,3.5
2008,4,15,19,10,41.1,17,-100.117,6.4,3.6
2008,4,15,19,46,26.1,16.974,-100.024,15.3,3.5
2008,4,16,16,33,56.3,18.026,-97.957,90.7,3.9
2008,4,16,19,5,32.4,17.003,-99.843,9.5,3.6
2008,4,17,12,18,58,16.819,-100.177,5,4.1
2008,4,17,12,27,45.2,16.815,-100.173,4.1,4.2
2008,4,17,14,45,1,16.9,-100.142,9.5,3.7
2008,4,17,15,46,31.14,16.849,-100.081,17.8,4.1
2008,4,17,16,40,9.7,16.873,-100.157,12.7,3.7
2008,4,17,18,37,47.6,17.024,-99.129,20,3.6
2008,4,19,3,27,9.2,17.237,-101.287,5,4.1
2008,4,19,5,31,28.4,18.724,-99.374,5,3.3
2008,4,19,19,57,21.9,15.948,-97.717,15.8,3.6
2008,4,20,8,24,17,15.899,-96.373,13.9,3.8
2008,4,20,21,13,3.2,16.197,-97.547,8,3.7
2008,4,21,7,51,57.1,16.09,-99.126,17,3.5
2008,4,21,13,16,56.2,16.939,-100.067,5.4,3.4
2008,4,22,8,49,35.3,17.933,-100.733,67.8,3.6
2008,4,22,18,54,28.8,18.313,-100.579,62.1,3.8
2008,4,23,1,11,58.4,16.707,-99.737,9.4,3.7
2008,4,23,13,59,56.5,15.714,-98.662,3.5,4
2008,4,24,10,4,1,16.883,-98.526,77,3.6
2008,4,26,0,4,26.7,16.352,-99.302,13.6,3.5
2008,4,26,3,45,58.3,16.574,-99.281,15.9,3.5
2008,4,26,5,37,51,16.01,-99.782,15.6,3.5
2008,4,26,7,25,54.1,16.17,-97.315,20,4.1
2008,4,26,9,21,11.4,17.474,-101.593,13.6,4
2008,4,27,4,7,17.5,18.018,-100.441,57.7,3.9
2008,4,27,8,34,45.5,16.816,-99.686,7.1,3.8
2008,4,28,0,6,28.1,17.846,-100.171,56.9,5.8
2008,4,28,3,24,59.2,16.191,-97.568,19,4
2008,4,28,4,53,54.9,15.898,-97.808,20,3.9
2008,4,28,5,55,30,16.632,-100.474,16.6,4
2008,4,28,8,18,2,16.607,-100.386,7.1,4.2
2008,4,28,18,40,20.5,19.389,-102.855,70.7,3.9
2008,4,28,19,33,26.3,16.681,-100.64,18.2,3.6
2008,4,29,10,56,44.19,18.65,-101.083,75.7,5.3
2008,4,29,12,52,42.3,16.911,-100.19,14,3.7
2008,4,29,16,58,40.1,15.927,-98.737,16.1,4.1
2008,4,29,17,58,36.3,16.535,-98.944,20,4.2
2008,4,29,18,5,1.9,17.81,-100.166,54.1,3.7
2008,4,30,1,54,48.7,16.388,-98.94,14.1,3.6
2008,4,30,12,52,20.4,17.476,-101.45,52.8,3.9
2008,4,30,14,44,59.5,16.92,-100.299,8,3.8
2008,4,30,15,36,3.9,16.726,-99.746,12.2,4
2008,4,30,22,4,49.7,16.157,-98.264,4.6,4
2008,5,1,15,40,36.8,16.545,-99.317,11.1,3.5
2008,5,2,9,47,51.1,16.992,-99.464,16.2,3.5
2008,5,2,12,2,36.4,16.674,-98.28,18.6,3.5
2008,5,2,12,58,10.7,16.745,-100.939,16.9,3.6
2008,5,2,15,22,20,16.938,-100.547,10,3.7
2008,5,5,16,48,25.7,17.368,-99.874,30.2,3.6
2008,5,5,22,51,16.9,16.45,-99.635,5.4,3.8
2008,5,6,1,37,50.2,16.637,-99.242,16.1,3.8
2008,5,6,7,16,0.9,17.051,-98.894,16.1,3.7
2008,5,6,16,37,55.8,16.719,-100.225,9.4,3.5
2008,5,6,19,0,12.2,16.856,-99.262,48,3.6
2008,5,7,14,27,30.4,16.02,-99.217,16.1,4.4
2008,5,8,5,14,43.7,16.689,-98.197,30,4.2
2008,5,8,18,18,15.3,16.971,-100.536,12.1,3.7
2008,5,9,8,4,48.1,16.457,-98.485,15.2,3.8
2008,5,9,8,48,23.6,16.16,-97.592,28.9,3.5
2008,5,9,9,3,18,17.166,-100.722,16.5,3.5
2008,5,10,21,39,26.5,16.503,-99.259,16.1,3.8
2008,5,10,21,46,30.3,16.625,-99.229,16,3.6
2008,5,10,21,48,54.3,16.516,-99.286,17.7,3.9
2008,5,10,22,54,6.9,16.429,-99.317,16,3.8
2008,5,10,22,57,31.2,16.334,-99.361,8.9,3.6
2008,5,11,8,47,51.8,16.665,-100.587,13.7,3.6
2008,5,11,10,27,30.3,18.071,-99.934,50.4,3.8
2008,5,11,11,34,23.3,16.501,-98.371,22.4,3.5
2008,5,11,16,55,20.5,16.088,-98.284,5.5,4.2
2008,5,11,23,1,59.1,16.64,-100.537,5,4.1
2008,5,12,1,16,41,16.914,-100.155,7.4,3.7
2008,5,12,10,12,29.7,16.644,-100.226,18.3,3.5
2008,5,12,11,41,41.7,17,-99.669,38.6,3.5
2008,5,12,23,5,27,16.07,-98.563,13,4
2008,5,12,23,54,9.8,16.854,-99.741,20,3.6
2008,5,13,15,12,19.4,16.64,-99.825,8.6,3.8
2008,5,14,10,1,51.6,18.662,-102.172,16,4
2008,5,14,15,47,47.1,16.674,-100.621,6.5,3.8
2008,5,15,7,14,27.4,17.628,-101.587,15.6,3.6
2008,5,15,7,17,58.1,16.625,-100.796,12.9,3.9
2008,5,15,12,35,32.5,17.342,-99.734,47.7,3.6
2008,5,15,14,54,19.8,17.41,-100.356,23.5,3.7
2008,5,15,23,31,5.5,16.848,-99.03,39.7,3.5
2008,5,17,9,47,31.6,16.611,-99.524,2.1,4
2008,5,17,17,28,28.2,15.739,-98.779,10,3.9
2008,5,17,20,4,10.08,16.424,-97.827,29.7,5.2
2008,5,18,8,25,40.9,17.664,-99.82,32.3,4.2
2008,5,18,15,32,5.6,16.949,-100.225,1.6,3.7
2008,5,18,17,23,36.4,17.174,-101.355,5.7,3.7
2008,5,19,9,21,46.5,17.24,-101.332,5,4.1
2008,5,19,23,52,18.3,16.293,-98.07,10.1,4.3
2008,5,20,8,31,54.3,18.391,-99.309,4,3.4
2008,5,20,17,7,19.6,16.094,-98.784,5.4,3.7
2008,5,20,18,44,57.2,15.662,-96.532,23.9,3.8
2008,5,20,20,20,46,17.931,-101.882,28.3,4.1
2008,5,21,4,43,25.4,18.339,-103.677,20,4
2008,5,21,5,5,0.8,18.222,-98.552,62.1,3.5
2008,5,21,13,31,10.3,16.297,-98.258,10.3,3.6
2008,5,22,7,57,31.9,18.892,-102.375,78.3,4
2008,5,23,1,15,18.7,16.665,-99.734,8,3.8
2008,5,23,13,20,27.1,15.906,-97.473,16,3.6
2008,5,23,18,41,14.8,16.015,-99.196,10,3.8
2008,5,24,7,24,25.2,16.667,-100.119,16.3,3.5
2008,5,24,15,13,19.6,16.544,-98.243,26.5,3.7
2008,5,24,21,19,7.4,17.83,-100.164,54.2,3.8
2008,5,25,10,0,13.2,18.165,-100.553,58.3,3.6
2008,5,26,17,8,26,17.315,-99.536,31.9,3.7
2008,5,27,6,28,53.1,17.233,-100.002,27,3.8
2008,5,27,8,13,4.6,17.24,-99.999,43.5,3.7
2008,5,27,10,8,55.1,16.759,-99.789,20,3.6
2008,5,27,11,49,18.2,15.965,-99.255,15.2,3.7
2008,5,28,1,10,10.5,18.423,-100.391,17.3,3.7
2008,5,28,13,47,1.9,16.723,-99.927,11.2,3.8
2008,5,28,21,40,39.9,16.786,-99.908,12.1,3.7
2008,5,29,3,25,9.5,16.999,-100.34,8.1,3.5
2008,5,30,2,20,28.6,17.169,-100.522,6.1,3.5
2008,5,30,7,47,45.5,17.407,-101.524,9,4
2008,5,30,20,13,55.3,15.979,-99.094,20,3.6
2008,5,31,16,55,38.5,17.794,-99.428,53.5,3.9
2008,6,16,21,30,52,17.3,-100.45,30,4.2
2008,7,1,7,52,35.1,16.246,-97.618,3.1,3.9
2008,7,1,9,51,12.1,16.489,-98.339,28.8,4.1
2008,7,2,13,10,53.9,17.911,-99.594,5,3.7
2008,7,4,2,15,56.2,18.042,-100.679,51.9,4.3
2008,7,5,5,37,30.9,17.21,-102.166,16,3.9
2008,7,5,14,3,22.1,17.078,-100.135,41.1,3.8
2008,7,5,14,21,11,16.079,-99.671,16.6,3.7
2008,7,5,15,55,17.4,17.159,-102.125,18.4,4.3
2008,7,5,18,1,28.7,16.864,-99.726,7.4,3.5
2008,7,5,18,52,50.3,18.134,-103.395,12.9,4.1
2008,7,8,17,8,11.4,16.112,-97.23,16.1,3.4
2008,7,9,5,25,43.1,16.683,-99.763,7.9,3.5
2008,7,9,14,51,50.6,15.965,-98.516,12.9,4.4
2008,7,9,23,0,48.1,17.472,-101.189,9.6,4.1
2008,7,13,1,25,8.4,16.182,-98.921,16.1,3.6
2008,7,14,18,50,55,16.587,-98.029,46,3.7
2008,7,15,0,56,24.8,16.106,-97.539,16.3,3.6
2008,7,18,5,0,30.6,17.981,-97.446,61.3,4.1
2008,7,18,20,36,9,16.977,-99.466,42.2,3.3
2008,7,19,3,16,0,15.579,-97.228,25.2,3.6
2008,7,19,19,58,35.2,16.162,-96.792,30.5,3.8
2008,7,20,0,2,22,18.76,-102.95,64.6,4.4
2008,7,20,3,31,35.2,16.73,-98.615,27.4,4
2008,7,20,4,36,43.8,16.162,-97.33,28.6,3.9
2008,7,22,3,7,52.1,18.223,-101.616,79.3,3.9
2008,7,24,9,22,27.1,16.733,-99.058,30,3.3
2008,7,27,0,3,2.3,16.127,-97.961,21.8,4.3
2008,7,27,4,22,10.4,16.241,-98.5,27.2,4.3
2008,7,29,3,54,30.2,15.833,-98.854,16.1,3.8
2008,7,29,12,40,19.9,17.099,-100.032,23.8,3.6
2008,7,29,17,4,38.6,17.72,-101.81,8.7,3.4
2008,8,5,9,54,43,17.114,-101.384,17,3.8
2008,8,6,17,39,4.4,16.803,-100.171,5.4,3.7
2008,8,7,3,52,30.9,17.178,-96.774,56.5,3.5
2008,8,8,7,27,2.1,16.944,-100.369,10.8,3.6
2008,8,8,7,53,19,15.81,-98.444,16,3.8
2008,8,8,11,19,21.3,16.706,-99.766,8.1,3.6
2008,8,8,12,19,31.2,17.26,-100.578,20,3.5
2008,8,9,2,59,33.5,19.365,-98.371,5,3.4
2008,8,9,21,45,3.2,17.24,-100.359,35.7,3.8
2008,8,10,6,0,31.5,17.94,-101.458,16.1,3.8
2008,8,10,16,20,22,17.065,-99.994,2,3.5
2008,8,10,17,26,54.5,15.491,-96.396,6.6,4
2008,8,11,20,50,30.3,17.699,-101.106,63,4
2008,8,12,23,29,1.4,19.317,-98.348,3,3.8
2008,8,13,2,17,12.9,16.454,-99.404,16.1,3.3
2008,8,14,3,55,0.9,16.912,-100.179,15,3.7
2008,8,14,4,14,35.6,16.088,-98.14,5,3.6
2008,8,14,9,57,7.7,15.623,-98.625,22.2,3.8
2008,8,15,4,4,24.9,15.99,-96.863,20,3.6
2008,8,16,1,46,37.59,16.67,-98.74,16.1,3.5
2008,8,16,6,18,54,16.836,-100.302,8.3,3.5
2008,8,17,10,58,56,18.127,-100.317,36,3.6
2008,8,17,13,2,13.1,16.866,-99.983,9.8,3.8
2008,8,17,14,4,12.6,15.858,-98.914,7.5,3.6
2008,8,17,23,16,9.7,16.123,-97.703,20,3.7
2008,8,18,2,3,53.1,17.261,-101.017,25.7,3.6
2008,8,18,23,39,46.5,16.032,-97.73,20.4,3.7
2008,8,19,14,52,59.1,16.132,-98.369,2.2,3.7
2008,8,20,3,17,39.6,16.608,-99.5,16.1,3.6
2008,8,20,10,39,19.7,18.314,-102.397,22.9,4
2008,8,20,20,24,50.3,15.674,-96.909,16.1,3.5
2008,8,20,22,23,30.5,16.644,-99.386,12.2,3.8
2008,8,21,7,10,59.5,17.28,-101.199,16.2,3.6
2008,8,21,9,2,21.1,17.309,-100.765,14.6,4
2008,8,21,21,4,24.5,17.996,-99.262,52.5,4
2008,8,22,5,23,48.9,17.575,-101.987,18.6,3.8
2008,8,22,6,44,17.8,16.815,-100.363,15,3.6
2008,8,22,7,40,18.2,16.695,-100.249,17.9,4.4
2008,8,24,0,8,30.3,19.321,-103.468,101.2,4.5
2008,8,26,6,12,1.8,15.807,-96.496,34.5,3.7
2008,8,26,21,39,36.9,15.871,-98.84,16.1,4
2008,8,26,22,12,41.1,15.958,-98.879,16,3.8
2008,8,27,17,8,11.5,17.167,-99.816,28.6,3.7
2008,8,28,2,15,21.7,16.314,-99.366,13.6,3.5
2008,8,29,3,54,13.9,16.734,-99.727,10.3,3.4
2008,8,29,4,45,2.8,17.213,-100.408,27.2,3.5
2008,8,30,6,35,12.5,16.036,-97.053,27.9,3.8
2008,8,30,13,39,44.4,16.278,-98.034,15.1,3.7
2008,8,31,0,42,35.1,17.13,-101.21,15.4,3.7
2008,8,31,2,39,35.9,17.874,-101.533,50.6,3.8
2008,8,31,3,2,13.7,17.564,-100.647,20.8,3.7
2008,8,31,15,16,42,17.33,-101.36,5.5,3.5
2008,8,31,22,33,58,16.791,-99.765,16.1,3.6
2008,9,1,3,51,12.9,16.848,-99.961,7.5,3.5
2008,9,1,7,49,39.5,16.616,-97.182,30.9,3.5
2008,9,2,12,43,4.7,16.994,-101.115,23.1,4.2
2008,9,2,13,4,38.2,16.829,-100.659,16,3.6
2008,9,2,22,7,17.8,16.142,-98.42,7.7,3.5
2008,9,3,16,23,31.2,17.394,-100.959,36.7,4
2008,9,4,11,56,50.9,16.014,-97.566,16.1,3.9
2008,9,4,21,0,34.9,18.081,-101.485,71.3,3.9
2008,9,5,8,21,57.5,16.081,-97.562,15.2,3.9
2008,9,6,14,5,57.5,16.869,-100.309,24.2,3.6
2008,9,7,6,50,44.5,17.083,-100.034,10,3.4
2008,9,7,7,51,33.8,17.006,-100.102,10,3.3
2008,9,7,11,15,37.8,18.383,-102.016,16.1,3.6
2008,9,9,6,49,7.4,17.229,-100.411,18.9,3.2
2008,9,10,7,35,34.7,16.865,-100.159,5,3.5
2008,9,10,13,2,35.5,17.637,-99.52,7.7,3.4
2008,9,14,13,51,44.3,17.855,-103.169,2.6,4.1
2008,9,14,16,2,49.6,16.661,-99.645,20,3.4
2008,9,15,2,49,5.4,16.438,-98.236,12,3.8
2008,9,15,18,4,35.9,16.861,-100.031,12.8,3.6
2008,9,15,22,46,57.4,16.626,-99.448,12.3,3.8
2008,9,17,9,32,15.3,17.013,-99.394,20,3.4
2008,9,17,13,7,49.6,17.257,-100.101,33.4,3.5
2008,9,17,14,16,56.2,17.296,-100.332,10.8,3.5
2008,9,19,13,31,49.6,17.849,-99.209,48.6,3.5
2008,9,19,21,13,26.8,16.598,-98.824,16.1,4.1
2008,9,20,10,1,26.3,17.026,-100.154,10,3.4
2008,9,20,18,20,53.8,16.446,-100.148,16.1,3.6
2008,9,20,18,22,53.8,16.662,-100.133,5,3.8
2008,9,21,10,54,49.7,17.907,-101.378,12.6,4
2008,9,21,13,41,44.9,16.752,-99.257,13.6,3.7
2008,9,21,17,5,25.1,16.722,-99.579,5,3.4
2008,9,21,22,58,45.7,16.21,-98.329,5,3.5
2008,9,22,5,55,50.6,16.459,-100.148,6.8,4.7
2008,9,22,8,31,17.9,16.067,-97.556,16.5,3.9
2008,9,22,12,7,8.7,16.122,-97.268,29.2,3.5
2008,9,23,22,24,10.1,17.322,-99.788,17.7,3.7
2008,9,23,22,46,15.9,16.448,-100.111,9.6,5
2008,9,23,22,49,17.6,16.487,-100.13,9.2,3.6
2008,9,23,23,11,12.7,16.814,-99.899,5,3.4
2008,9,23,23,45,31.3,16.679,-100.234,5,3.7
2008,9,24,0,50,3.6,16.478,-100.212,10,3.5
2008,9,24,2,26,13.4,16.45,-100.19,10.4,3.6
2008,9,24,2,28,37.8,16.523,-100.242,3.7,3.5
2008,9,24,6,20,35.5,16.498,-100.042,14.4,4.2
2008,9,24,8,27,44.9,16.467,-100.276,16.1,3.7
2008,9,24,8,40,51.4,16.621,-100.166,5,3.8
2008,9,24,9,11,16.1,16.547,-100.231,4,3.6
2008,9,24,9,23,23.5,16.478,-100.266,15,3.5
2008,9,24,12,58,9.8,16.594,-100.202,1.5,3.6
2008,9,24,20,29,58.8,16.733,-100.155,5,3.6
2008,9,25,4,36,18.3,16.858,-100.181,5,3.7
2008,9,25,5,55,23.3,16.658,-99.724,6.1,3.8
2008,9,25,6,13,9.6,16.54,-100.258,5,3.5
2008,9,26,6,36,28.5,16.149,-98.023,8.4,3.6
2008,9,26,13,44,23.5,17.209,-99.738,57.3,3.5
2008,9,26,19,8,56.2,15.961,-96.801,30,3.8
2008,9,26,19,10,1.5,18.697,-103.352,16,4
2008,9,26,19,48,6.4,16.063,-99.248,15.5,3.7
2008,9,27,8,0,25.9,16.456,-100.189,13.3,3.7
2008,9,28,2,8,0.1,16.508,-99.319,17.4,3.7
2008,9,29,4,27,15.9,16.206,-98.208,4.4,3.9
2008,9,30,5,35,52.9,16.728,-99.709,10.9,3.5
2008,9,30,7,11,23.3,17.282,-100.047,13.6,3.5
2008,9,30,7,45,14.9,16.84,-100.098,4.1,3.6
2008,9,30,10,36,17.9,17.342,-100.941,17.2,3.8
2008,10,1,2,28,1.4,16.994,-100.866,20,3.7
2008,10,1,2,56,58.6,17.141,-100.821,20,3.6
2008,10,1,3,9,32.5,17.017,-100.85,12.4,3.6
2008,10,1,9,44,35.8,17.073,-100.212,18.4,3.6
2008,10,1,12,33,20.2,15.841,-99.508,16,3.7
2008,10,1,15,18,31.7,16.933,-100.532,20,4.1
2008,10,2,1,13,59.7,16.475,-100.303,13.4,3.5
2008,10,2,4,29,21.4,16.167,-98.41,20,3.8
2008,10,2,11,29,32.3,17.263,-100.108,20,3.6
2008,10,2,16,53,21.2,17.014,-100.137,12.4,3.8
2008,10,2,21,38,59.8,17.336,-101.789,4.9,4
2008,10,3,18,30,51.6,16.792,-99.972,5.5,3.4
2008,10,4,2,40,35.6,16.964,-101.021,17,3.8
2008,10,4,6,24,57,17.593,-101.594,36.8,4
2008,10,5,1,40,23.8,18.876,-98.846,2,3.2
2008,10,5,16,7,22.6,16.83,-100.148,13.8,3.4
2008,10,5,20,25,55.9,16.489,-100.15,20.7,4
2008,10,6,9,33,3.4,17.828,-102.307,10,4.3
2008,10,7,23,39,47.9,16.064,-99.427,6,3.6
2008,10,8,6,8,9.2,16.907,-100.546,5,3.2
2008,10,8,6,44,21.7,17.193,-100.138,39.3,4.3
2008,10,8,7,5,28.3,16.451,-100.183,13.2,4
2008,10,8,7,33,47.7,16.88,-100.559,5,3.7
2008,10,8,7,39,45,16.884,-100.561,5,3.7
2008,10,9,1,26,45.8,16.186,-98.065,8.2,3.6
2008,10,9,9,37,56.2,16.577,-100.602,8.7,4.1
2008,10,9,13,20,4.2,16.627,-100.735,15.1,4.1
2008,10,9,13,32,0.5,15.767,-99.291,5,4.2
2008,10,9,14,30,57.7,15.57,-99.386,10,4.2
2008,10,10,3,8,46.6,16.557,-99.582,4.7,3.6
2008,10,10,11,27,2.6,16.637,-99.673,20,3.9
2008,10,10,20,7,24.4,16.947,-98.537,16.8,3.6
2008,10,11,14,18,53.6,18.328,-101.866,19,3.7
2008,10,12,10,17,28,17.876,-101.519,29.6,3.9
2008,10,13,22,16,49.1,16.211,-97.621,66.3,3.7
2008,10,14,12,38,34,16.256,-98.339,7.5,3.8
2008,10,15,9,47,17.1,16.802,-100.165,8.6,3.7
2008,10,15,21,2,45.5,15.945,-97.381,13.2,3.7
2008,10,15,22,25,46.4,17.102,-98.607,36.2,3.8
2008,10,16,0,22,23.4,16.231,-97.326,18.5,3.6
2008,10,16,5,45,32.1,16.569,-96.479,59.9,3.6
2008,10,16,9,4,20.5,15.98,-97.14,16.5,3.6
2008,10,17,5,22,12.7,16.678,-100.149,12.4,4.3
2008,10,17,18,50,42.5,15.61,-96.724,10,3.5
2008,10,17,23,3,27.1,15.926,-96.72,30,3.4
2008,10,18,9,9,8.8,15.851,-98.422,16,3.6
2008,10,19,1,12,12.4,17.842,-98.065,53.8,3.7
2008,10,20,5,1,4.61,17.462,-101.003,26.2,5.2
2008,10,20,7,33,6.2,17.228,-101.262,10,4.2
2008,10,20,22,39,52,15.94,-98.191,5,4
2008,10,21,14,4,24,15.886,-97.724,23.8,3.7
2008,10,21,14,22,29.4,16.017,-97.756,15,3.8
2008,10,22,7,52,29.1,17.166,-101.332,15,4
2008,10,22,8,32,5.5,16.016,-98.264,5.1,3.5
2008,10,22,18,32,42.6,16.082,-97.671,6.8,3.5
2008,10,23,12,38,29.3,16.167,-97.717,30.3,3.6
2008,10,24,12,47,30.7,16.12,-98.716,16.1,3.8
2008,10,26,12,49,37.2,18.281,-103.914,19.8,4.4
2008,10,26,15,50,25.3,16.467,-98.489,20.2,3.8
2008,10,26,17,43,50.3,17.104,-99.764,22.5,3.8
2008,10,26,23,11,27.7,15.587,-97.582,20,3.9
2008,10,27,4,33,41.9,15.936,-98.47,10,3.8
2008,10,27,16,50,37,15.992,-97.258,16.6,3.8
2008,10,27,18,13,3.5,16.525,-98.362,30,3.7
2008,10,28,3,11,28.5,16.615,-98.155,25.3,3.8
2008,10,28,9,10,19,17.16,-100.07,25,4.2
2008,10,29,4,48,55.8,17.137,-100.375,29.6,3.5
2008,10,29,8,41,46.2,16.811,-99.61,16.4,3.7
2008,10,30,20,17,42.9,16.981,-100.662,15.8,3.9
2008,10,31,8,34,19.7,16.842,-96.598,64.3,3.8
2008,11,11,10,44,14.46,16.855,-99.922,10,4.3
2008,11,11,10,46,31.75,16.585,-99.89,10,4.2
2008,11,11,11,2,16.21,17.047,-99.782,10,4.9
2008,11,17,8,25,5,17.31,-100.77,1,4.2
2008,11,24,8,22,17.66,18.123,-102.427,99.8,4.2
2008,11,24,8,33,46.26,17.939,-102.6,35,4.5
2008,12,2,21,12,27.1,16.732,-99.705,15,3.3
2008,12,3,4,31,5.5,16.793,-99.667,6,3.3
2008,12,3,8,0,47.2,17.001,-96.392,80.4,3.8
2008,12,4,6,42,22,16.961,-100.315,13.4,3.3
2008,12,4,15,7,39.8,17.119,-101.055,11.4,3.9
2008,12,5,2,13,18.7,17.171,-99.933,30.5,3.3
2008,12,6,2,45,47.7,17.326,-100.793,20,4
2008,12,6,15,10,29.3,18.23,-103.44,12.7,4.2
2008,12,6,16,48,57.2,16.314,-97.63,56.2,3.7
2008,12,7,5,13,32.9,18.126,-100.238,61.1,3.4
2008,12,7,14,16,36.8,17.161,-100.578,9,3.6
2008,12,8,8,51,17.9,17.142,-100.35,27.2,3.5
2008,12,8,12,11,3.5,18.119,-103.483,5,4.2
2008,12,9,23,44,11,18.01,-98.48,80,4.5
2008,12,11,11,16,38,17.47,-97.4,67,4
2008,12,12,8,29,17.5,17.507,-100.788,20,3.6
2008,12,12,19,27,6.5,15.869,-97.136,16.1,3.7
2008,12,13,5,42,37.2,16.587,-99.768,1.3,3.5
2008,12,13,8,28,3,16.205,-98.395,5,3.7
2008,12,13,9,7,10.5,18.375,-102.074,20,3.7
2008,12,13,19,34,47.7,16.929,-100.125,5,3.3
2008,12,14,15,55,48.2,16.929,-99.649,15,3.2
2008,12,15,14,27,10.3,17.074,-97.005,65.3,4.4
2008,12,15,14,45,46.5,16.123,-97.137,11.9,3.7
2008,12,16,19,50,43.1,16.537,-98.15,10,3.9
2008,12,17,3,7,7.1,16,-98.307,2.6,3.6
2008,12,17,11,41,33.1,16.146,-97.603,21.5,3.7
2008,12,17,18,17,12.2,16.037,-97.72,23.1,3.7
2008,12,18,2,4,37,16.54,-98.08,33,4.2
2008,12,18,11,20,42.6,16.818,-99.744,5,3.5
2008,12,18,22,37,7.6,17.738,-102.241,8,3.9
2008,12,20,19,3,24.6,16.253,-96.71,12.8,3.9
2008,12,21,1,53,10.8,16.476,-100.191,11.6,3.5
2008,12,21,14,15,45.9,17.981,-101.697,11.4,3.9
2008,12,22,10,24,18.6,16.473,-100.772,5,4.2
2008,12,22,16,33,12.8,15.577,-98.887,35.7,3.7
2008,12,24,15,24,50.3,17.068,-101.02,16.1,3.7
2008,12,24,20,56,6.7,16.371,-98.042,5,3.8
2008,12,24,23,13,53.3,16.818,-100.207,2.5,3.2
2008,12,26,3,1,28,15.773,-98.632,16,3.8
2008,12,26,5,1,22.9,16.709,-99.318,16.4,3.4
2008,12,26,15,44,11.2,16.369,-98.11,4.2,3.9
2008,12,26,16,25,13.9,17.099,-99.694,42.4,3.4
2008,12,26,17,34,49.9,17.021,-100.072,10.1,3.1
2008,12,27,9,52,11.2,16.447,-98.965,16.3,3.4
2008,12,27,17,47,27.4,16.721,-99.346,15,3.5
2008,12,29,13,2,3.3,17.02,-100.102,19.3,3.4
2008,12,29,18,9,16.1,16.77,-100.166,13.4,3.2
2008,12,30,2,0,45.5,17.223,-100.344,28.5,3.5
2008,12,31,14,48,21.2,18.129,-99.916,44.5,3.7
2008,12,31,19,53,28.2,15.992,-97.102,27.3,4.1
2008,12,31,23,9,8.8,17.334,-100.151,28.9,3.6
2009,1,2,8,47,25.6,17.727,-101.146,42.3,4
2009,1,13,8,22,13.9,17.932,-102.675,11.6,4.2
2009,1,13,8,44,20.7,16.529,-101.368,15,4.2
2009,1,14,17,4,35.8,18.104,-100.073,51.2,4
2009,1,16,6,12,54.4,17.676,-101.437,44.5,4
2009,1,19,16,11,26.3,17.243,-101.406,5,4.3
2009,1,25,10,33,59.1,16.226,-98.516,8.1,4
2009,1,25,11,46,29.1,18.057,-100.835,74.1,4
2009,1,25,12,38,40,17.927,-101.867,23,3.8
2009,1,26,18,37,29.77,18.445,-102.636,50.3,4.5
2009,1,31,13,24,57.9,17.66,-101.939,4.5,5.1
2009,2,13,23,0,15,16.46,-99.64,19,4.2
2009,2,14,5,8,38.8,18.812,-104.034,5,3.8
2009,2,15,22,25,11,16.641,-100.614,5,4.5
2009,2,28,8,52,6.7,18.199,-101.819,4.9,4
2009,3,17,2,31,25.5,16.851,-100.337,17.4,4.6
2009,3,22,6,14,26.6,18.516,-104.12,8.2,4.1
2009,3,23,10,4,50,18.143,-100.387,53.4,4
2009,3,27,8,48,16.9,17.399,-100.8,22.4,5.3
2009,3,30,5,21,21.1,17.147,-99.915,39,4.2
2009,4,7,21,49,28,15.82,-96.65,20,4.7
2009,4,11,9,22,11.44,18.166,-102.135,29.5,5.1
2009,4,27,16,46,28.57,17.032,-99.446,35,5.8
2009,5,1,23,38,40.2,17.046,-99.683,44.3,4.5
2009,5,8,0,10,12.77,16.315,-98.056,21.7,4.7
2009,5,22,19,24,18.5,18.114,-98.457,62.3,5.6
2009,5,23,8,22,55.8,18.054,-98.478,56.5,4
2009,5,26,5,10,9.31,16.737,-100.471,27.4,4.3
2009,5,26,5,42,49.16,16.723,-100.577,10,4.4
2009,6,10,7,22,18.8,16.394,-98.464,4.9,4.1
2009,6,15,12,7,28.9,16.305,-98.486,10,4
2009,6,28,23,59,17.1,18.29,-101.04,54.8,4.4
2009,7,9,8,42,24.3,17.178,-100.429,31.9,4.1
2009,7,15,16,20,19.78,18.536,-103.169,45.5,4.8
2009,7,17,14,33,45.02,15.903,-98.835,40.7,4.4
2009,7,17,14,45,38.11,16.194,-98.853,10,4.6
2009,7,20,5,10,0.5,15.713,-97.776,19.2,4.5
2009,7,20,11,16,26.9,16.558,-101.217,15,4.1
2009,8,15,13,22,43.42,18.183,-100.366,56.9,5.5
2009,9,2,11,11,42.56,17.193,-101.166,22,4
2009,9,11,8,24,26.7,16.831,-98.681,54.8,4.1
2009,9,18,21,35,30.44,16.018,-97.149,43.1,4.9
2009,9,24,9,30,25.8,16.57,-99.207,6.8,4
2009,9,27,12,43,51.5,18.228,-100.676,45.9,4
2009,9,28,6,25,15.5,18.449,-101.254,69.5,4
2009,9,28,10,24,55,16.959,-100.931,8.3,4
2009,10,8,7,23,35.9,16.035,-96.884,21.6,4.4
2009,10,22,8,51,24.3,18.867,-104.245,53.4,5
2009,10,24,6,52,19.8,15.961,-96.958,5,4.2
2009,10,28,23,33,52.4,17.749,-103.083,12,4.6
2009,11,18,5,52,42.1,16.636,-100.423,5,4
2009,11,22,12,43,23,18.142,-100.312,56.8,4
2009,11,23,1,56,45.5,17.325,-101.658,5,4.9
2009,11,23,5,48,51.3,17.337,-101.633,2.6,4.1
2009,12,8,18,24,7.64,19.261,-104.901,27.9,5
2009,12,8,18,30,37.3,19.359,-104.659,11.3,4
2009,12,8,19,34,2,19.206,-104.916,39.8,5.1
2009,12,12,17,5,20.25,19.151,-104.938,35,5.2
2009,12,21,22,58,25,17.04,-99.73,30,4.2
2009,12,25,22,55,43.8,19.221,-104.814,57,4.8
2010,1,6,9,17,32.72,17.148,-100.634,11,4.6
2010,2,3,4,59,44.74,18.277,-97.941,88.2,4.9
2010,2,9,0,47,40.7,15.893,-96.861,39.8,5.7
2010,2,14,14,52,41.1,16.196,-98.654,9.6,4.2
2010,2,26,1,52,20.69,16.414,-96.538,49.8,4.3
2010,3,1,12,24,21.1,17.95,-101.589,46.6,4
2010,3,17,4,28,52.3,16.037,-96.977,16.1,4.1
2010,3,19,20,48,46.13,17.395,-100.985,20.4,5
2010,3,20,15,58,39.51,16.189,-98.62,25,4.4
2010,3,27,6,29,6.1,18.51,-101.073,55,4.1
2010,4,2,17,25,12.9,16.384,-99.536,16.1,4.1
2010,4,3,7,29,27.2,17.343,-100.918,11.6,4.1
2010,4,4,5,17,37.1,15.977,-98.105,5,4
2010,4,6,7,39,43.2,16.698,-99.239,14.4,4.4
2010,4,6,14,36,27,16.972,-100.838,13.4,4
2010,4,7,9,7,47.1,16.597,-100.367,2,4.6
2010,4,7,15,6,11.3,16.742,-100.118,5,4
2010,4,7,20,50,2,18.147,-97.227,75.5,4.1
2010,4,9,5,47,28.6,16.66,-99.515,15.5,4
2010,4,12,18,20,0.9,16.57,-96.528,44.1,4.2
2010,4,14,5,16,14.4,17.969,-101.735,42.6,5.2
2010,4,16,10,1,9.89,16.385,-98.179,25.7,5.3
2010,4,16,10,44,48.6,16.213,-98.434,5,4.2
2010,4,17,6,50,13.7,16.173,-98.362,11.3,4
2010,4,20,2,28,56.7,16.297,-98.234,21.2,5
2010,4,20,7,23,45.4,16.397,-99.344,4.2,4.2
2010,4,20,8,40,43.8,16.215,-98.374,5,4
2010,4,27,17,0,16.8,16.233,-98.413,5.3,4
2010,5,3,0,15,1.7,16.312,-98.179,8.2,4
2010,5,5,21,37,13.3,16.325,-98.286,5,4.1
2010,5,6,10,14,13.7,16.324,-98.458,11.5,4.4
2010,5,9,12,54,15.1,17.333,-100.416,12.4,4.1
2010,5,10,21,37,56.9,17.04,-100.495,5,4
2010,5,12,15,12,51.5,16.136,-98.283,5,4
2010,5,12,22,45,6.6,17.028,-99.949,10.6,4.2
2010,5,13,23,34,34,15.992,-97.18,20,4
2010,5,25,22,44,35.4,17.088,-100.574,22.6,4.3
2010,5,25,23,36,14.59,17.145,-101.159,4.4,5.1
2010,6,6,0,33,23,18.39,-103.07,55,4.5
2010,6,7,10,54,43.7,17.075,-101.147,16.1,4
2010,6,8,5,30,9.5,16.652,-96.913,43.6,4.3
2010,6,12,6,4,48.6,17.202,-101.454,4,4.1
2010,6,15,2,38,17.1,16.038,-96.597,12.6,4
2010,6,23,16,16,54.6,15.9,-98.738,20,4.1
2010,6,24,16,46,40.9,15.542,-96.542,6.5,4
2010,6,26,6,35,26.4,15.579,-96.439,7.6,4.1
2010,6,28,11,4,31.7,18.003,-101.894,32.1,4.1
2010,6,30,7,22,27.69,16.396,-97.782,20,6.3
2010,6,30,13,26,12.6,16.196,-97.951,4.4,4.1
2010,6,30,15,52,24.6,16.219,-97.967,8.8,4.1
2010,7,9,14,36,15.4,16.02,-98.126,3.1,4.1
2010,7,9,20,49,30.2,16.036,-98.15,10,4.1
2010,7,11,6,37,38.2,15.976,-97.689,16,4.3
2010,7,11,6,41,30.7,15.994,-97.693,16.1,4
2010,7,14,9,19,10.8,17.869,-97.5,63.6,4.6
2010,7,14,10,52,15.2,16.225,-98.129,4.8,4.3
2010,7,14,15,39,17.1,16.254,-97.877,7.7,4
2010,7,16,17,17,15.5,16.752,-99.293,16.4,4
2010,7,24,19,1,19.6,16.033,-97.73,10,4.1
2010,7,25,13,16,46.6,16.187,-98.622,9.5,4
2010,7,27,1,38,17.8,17.537,-101.29,30,4
2010,8,2,2,20,20.6,16.424,-99.341,16,4
2010,8,2,21,1,32.6,16.04,-98.627,16.1,4
2010,8,4,9,17,2.7,16.47,-98.299,8.8,4
2010,8,5,9,20,51.9,18.696,-101.328,50.1,4.2
2010,8,6,2,3,32.5,16.296,-98.973,14.7,4
2010,8,7,5,1,57.4,16.921,-96.663,69.1,4.3
2010,8,13,4,25,31.7,18.078,-101.099,66.8,4.1
2010,8,17,6,56,0.2,16.182,-98.025,5,4.2
2010,8,20,2,3,37,18.321,-101.119,79.1,4
2010,8,22,7,6,55.8,18.217,-100.909,58.1,4
2010,8,25,2,29,4.63,18.35,-104.883,10,4.1
2010,8,25,9,56,10.1,16,-98.089,5,4.2
2010,8,25,20,51,49.06,16.546,-98.974,12.3,4.1
2010,9,7,22,44,51.2,18.08,-98.579,51.2,4.5
2010,9,8,14,17,24.32,18.625,-101.478,78.7,4.6
2010,9,9,5,23,43.6,16.294,-97.934,18,4.1
2010,9,11,2,26,5.1,16.325,-98.728,23.1,4.3
2010,9,15,4,16,55,17.63,-102.9,16,4.1
2010,9,17,22,45,5.1,18.79,-103.396,7.7,4.1
2010,9,18,12,18,48.3,17.221,-99.847,46.2,4
2010,9,19,15,37,5.2,16.228,-97.917,9.7,4.1
2010,9,22,10,16,11.1,15.952,-97.501,21.9,4.1
2010,9,22,18,7,4.4,16.776,-97.637,10,4.1
2010,9,25,10,56,26.6,17.08,-99.991,10,4
2010,9,28,8,46,33.9,18.206,-102.384,57.6,4.2
2010,9,30,11,30,36.8,17.023,-99.26,42.5,4
2010,9,30,20,37,36.4,16.918,-96.676,76.5,4
2010,10,3,10,32,0.2,16.957,-100.404,18.5,4
2010,10,9,23,23,44.6,15.986,-97.587,16.6,4.1
2010,10,17,5,25,27.6,16.125,-96.593,16,4.3
2010,10,20,16,4,55.4,18.298,-101.073,71.4,4
2010,10,31,2,22,2.14,17.859,-102.181,61,4.1
2010,11,1,11,52,25.2,16.62,-99.909,17.7,4
2010,11,2,8,14,15.3,16.256,-98.181,5,4
2010,11,6,4,0,50.7,16.888,-100.365,3.7,4
2010,11,6,20,18,56,17.364,-100.579,39.2,4
2010,11,8,8,6,5.9,17.527,-101.101,12.4,4.1
2010,11,11,11,8,32.8,17.128,-102.398,16.1,4.2
2010,11,11,16,20,29.4,18.456,-100.887,48.3,4.1
2010,11,15,5,22,23.4,17.181,-101.117,21.2,4
2010,11,16,11,50,14.9,16.682,-98.079,28.6,4
2010,11,18,3,59,20,17.835,-102.67,16.1,4.1
2010,11,19,8,8,14.2,16.756,-99.703,16.1,4.2
2010,11,20,9,21,6.1,16.868,-101.609,5.5,4
2010,11,20,17,46,11.5,18.154,-100.62,37.5,4
2010,11,21,2,46,53.9,17.296,-101.063,16.8,4
2010,11,23,19,15,32.8,16.068,-98.69,9,4.1
2010,11,24,12,28,27,18.243,-100.023,53.2,4
2010,11,24,14,1,18.96,16.418,-98.628,22.9,5
2010,11,24,15,4,11.1,15.896,-98.958,16.1,4.2
2010,11,24,22,1,48.1,15.927,-98.974,16.1,4.1
2010,11,25,6,42,24.8,16.642,-99.297,16.5,4.1
2010,11,25,15,12,20.1,16.226,-98.311,5,4
2010,11,27,10,58,25.4,16.89,-98.718,25.1,4.1
2010,11,29,14,30,21.7,16.392,-98.204,2,4.3
2010,12,3,7,34,46.5,18.072,-97.625,65,4
2010,12,5,23,3,8.7,17.797,-101.426,27,4.3
2010,12,8,12,45,39,17.681,-101.365,39.6,4.3
2010,12,9,22,32,27.2,16.697,-98.462,12.1,4
2010,12,13,20,27,28.2,19.394,-105.053,20,4.2
2010,12,28,18,10,49.4,16.667,-101.084,16.1,4
2010,12,29,2,55,19.3,17.268,-99.756,35.9,4.1
2010,12,29,19,50,26.7,17.088,-99.985,29.8,4.1
2010,12,30,7,10,46.6,18.182,-103.544,5,4.1
2010,12,30,8,51,51.9,17.763,-101.482,35.4,4.3
2010,12,30,23,42,28.6,17.125,-101.247,20,4.1
2010,12,31,6,42,48.5,18.016,-102.529,55.7,4
2011,1,3,14,59,14.2,16.213,-97.918,10,4
2011,1,5,14,45,41.86,16.513,-97.918,33,4.5
2011,1,11,9,55,57.5,19.346,-103.744,94.4,4.3
2011,1,11,13,51,13.8,16.278,-99.475,17.1,4.2
2011,1,14,6,31,35.2,16.084,-97.6,16.1,4.2
2011,1,15,11,35,36.1,16.646,-100.717,15,4.2
2011,1,15,21,42,57,15.558,-97.405,16.1,4
2011,1,16,6,28,52.4,17.101,-101.212,25.4,4
2011,1,22,22,18,41.4,16.256,-98.088,9.3,4
2011,1,26,6,38,46.3,18.145,-101.999,22.1,4.2
2011,1,28,0,9,19.7,19.133,-102.037,95,4.1
2011,2,3,5,12,44.8,16.817,-99.887,37.4,4.1
2011,2,4,17,32,2.2,17.246,-96.558,76.3,4.1
2011,2,7,17,24,36.4,16.22,-99.107,20,4.4
2011,2,14,23,1,24.7,16.169,-98.673,6,4.1
2011,2,15,15,5,13,17.044,-99.838,38.6,4.1
2011,2,16,5,26,52.6,16.272,-98.609,21.3,4.1
2011,2,17,8,0,48,16.363,-100.046,25.2,4.2
2011,2,22,4,8,1.8,18.154,-100.088,58.5,4
2011,2,23,20,3,17.2,16.139,-96.918,24.9,4.3
2011,2,24,5,5,46.3,17.049,-100.608,30,4.1
2011,2,27,10,47,18.5,15.935,-98.234,1.1,4.1
2011,3,5,4,10,16.5,16.627,-99.724,7.4,4
2011,3,5,4,48,12.2,16.524,-99.028,16.4,4
2011,3,5,5,29,6.7,18.056,-101.821,34.8,4.1
2011,3,5,10,45,11.1,16.799,-98.603,15.6,4.2
2011,3,6,4,59,15.8,15.468,-96.396,16,4
2011,3,6,10,4,38.5,19.204,-104.548,48.8,4
2011,3,8,9,35,25.8,17.331,-101.286,13.2,4.3
2011,3,17,10,27,38.9,16.702,-99.967,5,4
2011,3,20,7,35,33.7,16.265,-98.265,5.7,4.2
2011,3,20,18,51,24.1,18.127,-103.667,7.5,4
2011,3,21,3,42,57.8,17.819,-97.508,62.8,4
2011,3,22,16,18,10.6,16.228,-97.834,9.1,4
2011,3,23,6,15,10.9,16.957,-100.224,28.2,4.1
2011,3,23,11,53,19.4,16.343,-98.01,5,4.1
2011,3,26,6,33,26,16.33,-96.371,54.2,4.2
2011,4,1,13,41,34.2,16.647,-99.723,5,4.2
2011,4,2,14,55,40.2,19.194,-102.259,114,4.2
2011,4,7,20,15,7,16.211,-99.31,18.3,4
2011,4,7,22,45,58.5,16.246,-99.409,11.5,4
2011,4,10,9,25,25.6,16.2,-99.433,16.6,4.2
2011,4,17,7,6,30.2,15.881,-98.872,16.1,4.2
2011,4,18,2,56,56.1,17.016,-99.993,3,4
2011,4,19,2,0,10.2,15.704,-99.262,18.6,4
2011,4,24,23,38,41,17.199,-99.795,46.5,4.2
2011,4,26,11,7,27.04,16.851,-99.471,11,5.5
2011,4,26,11,18,32.47,16.781,-99.499,12.6,4.6
2011,4,30,7,57,51.2,16.035,-97.141,12,4
2011,5,1,9,5,25,16.305,-97.535,20,4.1
2011,5,5,13,24,7.84,16.784,-98.618,24,5.7
2011,5,6,9,0,16.47,16.513,-98.932,15.1,4
2011,5,13,0,33,43.3,18.835,-96.433,27.4,4
2011,5,15,13,17,14.9,17.565,-101.102,38.1,4
2011,5,16,19,38,49.3,16.399,-98.462,3.4,4.3
2011,5,17,3,13,27.1,17.277,-101.244,11.6,4
2011,5,24,6,21,16.7,17.418,-99.458,38.8,4
2011,5,25,4,39,57.9,17.216,-99.786,40.5,4.1
2011,5,25,10,1,45.7,15.926,-96.858,22.4,4
2011,5,27,19,45,22.8,16.304,-99.37,16.4,4
2011,5,29,0,27,17,16.653,-98.914,24.4,4.1
2011,5,29,9,44,46.6,18.478,-101.475,64.5,4.2
2011,6,2,16,29,46.22,18.692,-101.319,81.8,5.3
2011,6,8,22,8,37,17.382,-101.324,14.2,4.2
2011,6,10,13,13,24,16,-98.54,10,4.8
2011,6,10,13,18,52.5,16.846,-98.282,2.9,4.1
2011,6,10,19,41,19.72,16.134,-98.386,25.4,4.5
2011,6,11,18,51,56.39,15.466,-104.782,10,4.3
2011,6,13,18,24,34.5,16.563,-98.469,3,4.1
2011,6,18,22,54,44,16.92,-99.6,26,4.8
2011,6,19,5,48,10.6,16.875,-100.084,2.6,4.3
2011,6,21,8,55,9.7,17.415,-101.447,20,4.1
2011,6,22,13,5,32.8,17.241,-100.189,50.1,4
2011,6,23,17,5,31.2,17.765,-102.141,20,4
2011,6,29,18,0,14.9,16.421,-98.461,5.4,4
2011,7,7,12,26,19.2,17.24,-100.996,8.9,4.1
2011,7,13,7,48,18.3,15.981,-97.035,20,4.1
2011,7,19,2,7,28,18.334,-102.957,18.4,4.1
2011,7,26,20,17,43.4,16.982,-100.018,35.2,4.1
2011,7,28,13,6,28,16.033,-98.057,5,4.3
2011,7,29,12,17,2.2,16.005,-98.514,4.7,4.1
2011,7,31,0,37,30.7,16.571,-98.937,20,4.2
2011,7,31,6,15,30.9,17.131,-101.346,17.9,4
2011,8,2,4,44,9.3,17.663,-97.567,51.9,4
2011,8,5,20,39,21.5,16.186,-98.863,6.6,4.1
2011,8,6,21,26,42.7,17.099,-101.231,16.7,4
2011,8,6,21,41,31.8,16.293,-98.475,24.9,4
2011,8,6,21,47,7.6,17.211,-101.192,7.6,4.2
2011,8,11,11,58,25.6,17.43,-101.389,11.8,4.1
2011,8,12,5,16,3.4,16.928,-100.456,7.7,4
2011,8,13,19,56,45.6,16.909,-99.605,36,4
2011,8,15,6,30,59.8,16.248,-98.384,2.1,4.1
2011,8,18,6,32,36.6,16.622,-99.343,16.1,4
2011,8,24,22,55,15.69,16.118,-98.879,5,4.1
2011,8,25,13,14,11.4,17.975,-100.25,51.2,4
2011,8,27,2,26,10.6,17.317,-101.06,14,4
2011,9,7,22,40,21.89,16.357,-98.855,12.1,4
2011,9,8,20,15,31.3,18.638,-102.258,64.4,4.1
2011,9,18,8,54,35.3,16.463,-98.544,5,4.1
2011,9,18,23,50,39.7,17.542,-101.205,26.5,4.1
2011,9,19,1,6,35.7,18.712,-102.747,5,4
2011,9,19,2,58,42.7,17.414,-99.272,58,4
2011,9,22,12,7,50.3,17.67,-101.203,44.4,4.1
2011,9,23,2,59,18.1,16.974,-100.13,5,4.6
2011,9,25,4,46,10.4,17.965,-104.172,15,4.1
2011,9,26,0,30,8.9,15.891,-98.582,12.8,4
2011,9,26,10,28,33.5,17.762,-97.599,67.7,4
2011,9,26,11,33,11,16.213,-99.397,21.1,4
2011,9,28,8,6,50.2,18.451,-101.683,54.5,4.1
2011,9,28,10,42,11.1,16.578,-98.397,7.9,4
2011,9,28,23,17,42.73,18.112,-101.481,40.6,4.8
2011,9,29,20,5,26.7,16.568,-98.424,16.1,4
2011,10,10,16,6,22.48,18.716,-100.927,104.6,4.2
2011,10,24,10,17,6.91,16.559,-99.133,47.1,4
2011,10,29,14,10,6.52,18.991,-104.102,35,4.4
2011,11,5,7,47,28.2,16.223,-98.01,3.5,4.1
2011,11,5,21,29,50,17.174,-99.842,30.3,4
2011,11,8,8,36,6.3,19.058,-104.149,5.5,4.1
2011,11,11,10,10,54.1,16.263,-99.475,32.9,4
2011,11,14,10,30,6.5,16.164,-98.714,5,4.1
2011,11,18,8,28,36.9,17.994,-99.992,55.8,4.2
2011,11,19,3,46,50.2,19.013,-102.867,60,4.4
2011,11,19,15,26,25.9,16.05,-98.622,10.1,4.5
2011,11,22,22,56,1.3,16.876,-100.266,2.3,4.1
2011,11,23,14,19,15.8,15.612,-96.791,11.9,4.2
2011,11,25,6,29,1,16.064,-96.496,16,4.4
2011,11,27,14,41,8.6,18.401,-101.566,57.1,4
2011,11,27,20,46,58.6,17.917,-101.484,36.9,4
2011,11,30,18,6,3,19.09,-104.15,6,4
2011,12,1,12,23,57.3,17.076,-98.876,16.5,4
2011,12,8,0,0,25.8,18.358,-101.026,40.8,4
2011,12,11,1,47,25.56,17.986,-99.789,59,6.5
2011,12,11,2,0,14.7,17.823,-99.959,56,4.1
2011,12,11,8,43,28.3,17.159,-99.612,34.8,4.1
2011,12,11,19,19,31.6,17.855,-99.899,63,4
2011,12,16,9,9,55.5,15.696,-98.247,16,4.1
2011,12,16,13,2,23.9,16.221,-98.304,5.8,4.8
2011,12,17,6,39,39.7,18.064,-103.857,15.9,4.2
2011,12,17,7,8,37.7,18.006,-103.854,20,4.5
2011,12,26,10,16,43.5,17.558,-102.554,16.1,4
2011,12,27,21,59,6.4,16.66,-100.423,10,4
2011,12,28,22,58,28,17.829,-99.938,56.7,4.1
2011,12,31,13,32,58.7,16.618,-100.551,5,4.1
2012,1,1,10,24,0.6,17.094,-101.255,13,4
2012,1,1,21,14,3.2,16.216,-97.986,2.7,4
2012,1,14,4,55,34.6,15.858,-97.235,16,4
2012,1,15,22,49,5,16.35,-97.83,5,4.7
2012,1,20,4,58,49.5,16.052,-97.711,13.8,4
2012,1,21,20,34,49.27,18.921,-104.687,35,4.4
2012,1,25,10,31,56.1,18.075,-99.981,51.8,4
2012,2,2,3,35,37.7,16.479,-100.734,15.7,4
2012,2,5,5,4,38.3,18.393,-101.444,60.2,4.2
2012,2,5,17,1,10.44,18.509,-101.296,59.1,4.8
2012,2,9,9,21,55.2,16.069,-97.191,11.3,4.6
2012,2,10,12,13,0,16.527,-99.373,20,4.3
2012,2,19,2,18,48.6,15.561,-96.448,3,4.2
2012,2,26,4,46,15.2,18.165,-100.333,55,4
2012,3,2,3,41,18.4,18.018,-103.237,1.8,4
2012,3,4,10,14,43.2,17.987,-102.026,5.9,4.1
2012,3,5,2,49,51.4,17.859,-103.256,5,4
2012,3,5,13,2,12.5,17.458,-101.614,29.2,4.1
2012,3,6,8,3,20.6,17.048,-99.658,44.3,4
2012,3,6,13,32,14.8,15.566,-97.919,20,4.3
2012,3,7,8,36,16,16.083,-98.31,3.7,4.2
2012,3,10,12,50,51.4,18.227,-102.396,23.3,4
2012,3,14,7,5,5.4,16.035,-96.361,6.1,4
2012,3,14,16,31,39.46,18.304,-102.121,35,4.3
2012,3,14,19,57,16.4,17.349,-101.774,3.4,4.2
2012,3,20,18,2,47.44,16.493,-98.231,20,7.4
2012,3,20,18,14,44.58,16.051,-97.792,10,4.9
2012,3,20,18,16,31.03,16.302,-98.069,10,4.9
2012,3,20,18,21,22.65,17.826,-97.201,10,4.6
2012,3,20,18,22,33.1,16.289,-98.172,10,5.3
2012,3,20,18,35,36.95,16.228,-98.22,10,5.1
2012,3,20,19,2,38.9,15.899,-98.715,3.9,5.2
2012,3,20,19,7,19,16.337,-98.343,13.4,4.5
2012,3,20,19,15,18.21,15.483,-98.491,10,4.4
2012,3,20,19,19,50.98,16.132,-98.338,10,4.7
2012,3,20,19,34,8.44,16.323,-98.128,11.7,4.8
2012,3,20,20,13,42.94,16.876,-98.458,10,4.4
2012,3,20,20,14,39.99,16.478,-97.987,24.6,5.1
2012,3,20,21,43,40,16.23,-98.32,15,4.6
2012,3,20,22,25,40.07,16.273,-98.694,10,5
2012,3,20,23,3,33.5,15.867,-98.53,15,4.2
2012,3,21,0,24,4,16.44,-98.3,12,4.2
2012,3,21,0,27,47,16.05,-98.36,15,4.3
2012,3,21,1,2,20,15.95,-98.469,16,4.2
2012,3,21,2,7,37,15.62,-99.05,10,4.6
2012,3,21,2,25,29,15.85,-98.67,15,4.9
2012,3,21,2,54,40,16.46,-98.4,15,5
2012,3,21,4,2,40,16.46,-98.47,15,4.6
2012,3,21,5,58,33.9,16.294,-98.276,15,4.2
2012,3,21,6,4,58.7,16.572,-98.471,2.4,4.2
2012,3,21,6,9,59.3,15.663,-98.221,18.1,4.1
2012,3,21,6,44,33.5,16.504,-98.568,6.7,4.1
2012,3,21,7,10,1.4,16.299,-98.478,5.2,4
2012,3,21,7,19,33.1,16.07,-98.377,2.6,4.1
2012,3,21,8,6,19.5,15.925,-98.84,16.5,4
2012,3,21,8,44,24.2,16.029,-98.39,15,4
2012,3,21,10,28,13,16.327,-98.465,3.9,4.4
2012,3,21,11,29,27.4,16.483,-98.567,20,4.3
2012,3,21,11,36,14.8,16.511,-98.504,20,5
2012,3,21,12,19,51.2,16.197,-98.36,10,4.2
2012,3,21,15,45,13.6,15.817,-98.843,10.8,4
2012,3,21,15,54,14.2,16.262,-98.281,1,4.4
2012,3,21,16,14,51.3,16.262,-98.412,2,4
2012,3,21,16,41,31.6,16.184,-98.397,6.6,4.3
2012,3,21,17,5,7.79,16.367,-98.455,4.4,4.2
2012,3,22,3,11,42.8,16.152,-98.366,9.7,4
2012,3,22,3,47,13.5,16.308,-98.088,12.3,4.1
2012,3,22,3,52,17.9,16.199,-98.355,2.3,4.1
2012,3,22,6,34,47.2,16.158,-98.394,17.6,4
2012,3,22,10,58,23,15.969,-98.362,5.7,4.2
2012,3,22,11,45,14,16.539,-98.463,7.4,4.1
2012,3,22,12,21,7.9,16.171,-98.396,3,4
2012,3,22,16,42,24.84,15.982,-98.497,9.2,4.1
2012,3,22,16,46,47.79,16.334,-98.343,27.7,5.1
2012,3,22,16,52,30,16.117,-98.578,5,4.3
2012,3,22,20,42,5.39,16.422,-98.176,10,4.8
2012,3,22,22,14,45.3,16.222,-98.47,9.2,4.8
2012,3,22,23,47,5.4,16.48,-98.287,24.9,4.7
2012,3,23,0,21,28.4,16.438,-98.454,7.2,4
2012,3,23,2,16,22.3,15.925,-98.656,16.1,4.2
2012,3,23,4,42,12.5,16.086,-98.633,16.1,4
2012,3,23,5,34,56.9,16.198,-98.313,2.6,4
2012,3,23,6,54,58.3,16.358,-98.517,5.3,4.2
2012,3,23,17,13,56.5,15.879,-98.165,10,4.6
2012,3,23,17,19,38.9,16.226,-98.504,2,4.4
2012,3,23,23,37,41.7,16.06,-99.206,17.5,4.6
2012,3,23,23,47,44.3,16.228,-98.273,1,4.6
2012,3,24,1,58,35.5,16.263,-98.294,10,4.8
2012,3,24,2,34,39.3,16.331,-98.617,12,4.3
2012,3,24,23,13,45.6,16.37,-98.26,14.4,4.3
2012,3,25,1,46,26.8,16.344,-98.105,20,4.6
2012,3,25,1,55,29.6,16.257,-98.17,15.3,4.7
2012,3,25,2,24,42.3,16.143,-99.596,15.9,4.3
2012,3,25,3,13,20.5,16.401,-98.226,14.3,4.2
2012,3,25,6,22,7.4,16.523,-98.573,16.1,4.2
2012,3,25,8,11,46.3,17.941,-101.858,12.3,4.2
2012,3,25,13,15,21.5,16.049,-98.667,8.6,4
2012,3,25,15,4,24.9,16.292,-98.2,9.2,4.1
2012,3,25,19,49,14,16.265,-98.409,15,4.1
2012,3,25,21,2,35.4,16.741,-98.36,16.1,4
2012,3,26,3,6,35.2,16.265,-98.293,20,4.2
2012,3,26,9,32,59,15.974,-98.688,16.9,4
2012,3,26,10,46,25.2,15.774,-98.495,10.4,4.7
2012,3,26,16,11,46.4,16.03,-98.386,1,4.4
2012,3,26,23,31,8.6,16.439,-98.458,5.9,4
2012,3,27,3,1,38.5,16,-98.488,6,4.2
2012,3,27,7,29,4.6,15.8,-98.499,20,4.1
2012,3,27,11,33,6.2,16.241,-98.308,4.5,4
2012,3,27,23,33,50.2,16.114,-98.485,5.1,4.1
2012,3,28,4,52,23.3,16.144,-98.236,3.6,4
2012,3,28,5,39,39.4,16.251,-98.296,10.1,4.6
2012,3,28,12,3,52.6,15.944,-98.839,16.3,4.1
2012,3,28,15,22,0.8,16.512,-98.289,20,4
2012,3,28,16,47,25.6,16.286,-98.32,1.2,4
2012,3,28,22,33,2.46,16.258,-98.117,10,4.5
2012,3,29,6,5,47.3,15.975,-98.448,16.1,4
2012,3,29,7,12,12.7,16.597,-98.355,29.3,4
2012,3,29,11,35,26.8,16.063,-98.682,10,4.2
2012,3,30,5,51,17.1,15.908,-98.884,17.6,4
2012,3,30,7,25,43,16.442,-98.157,14.1,4
2012,3,30,10,34,39.8,16.803,-98.604,8,4
2012,3,31,5,44,32.1,16.172,-98.372,3,4
2012,4,1,17,37,40.5,16.569,-98.862,16.3,4
2012,4,1,19,24,56,16.467,-98.456,19.7,4
2012,4,1,22,23,48,16.46,-98.54,20,5.3
2012,4,2,1,17,21.7,16.317,-98.186,2,4
2012,4,2,17,36,42.06,16.395,-98.316,9,6
2012,4,2,17,44,23.81,16.323,-98.535,10,4.9
2012,4,2,18,7,2.1,16.408,-98.647,10,4.5
2012,4,2,18,17,28,16.334,-98.485,1,4.8
2012,4,2,18,22,14.5,16.33,-98.452,4.7,4.1
2012,4,2,18,26,27.28,16.305,-98.464,1,4.6
2012,4,2,18,39,12.7,16.274,-98.462,17,4.5
2012,4,2,19,38,10.4,16.504,-98.287,15.9,4.6
2012,4,2,22,15,3.4,16.303,-98.436,9.8,4.1
2012,4,2,23,19,37.2,16.314,-98.518,15,4
2012,4,2,23,35,46.7,16.208,-98.407,25.3,4.1
2012,4,2,23,49,45.8,16.303,-98.484,23.4,4.1
2012,4,2,23,55,0.12,16.281,-98.572,10,5
2012,4,3,5,35,17.59,16.341,-98.504,7.3,4.8
2012,4,3,7,1,53,16,-98.829,16.1,4
2012,4,3,21,12,1,16.217,-98.383,18,4
2012,4,4,4,28,50,18.46,-103.84,12,4.6
2012,4,4,16,28,35,16.283,-98.495,12.2,4.1
2012,4,5,21,49,25.3,16.22,-98.348,11.4,4
2012,4,6,1,31,40.7,16.452,-98.051,16.4,4.4
2012,4,6,10,45,25.7,16.339,-98.553,20,4.1
2012,4,6,14,13,12.1,16.24,-98.293,2.4,4.2
2012,4,6,19,50,27.3,16.275,-98.427,4,4
2012,4,6,21,44,13,15.826,-98.961,20.6,4
2012,4,7,4,35,2.2,16.386,-98.461,3,4
2012,4,7,12,34,36.1,16.258,-98.329,1.9,4.2
2012,4,7,23,44,23.7,16.316,-98.487,0.1,4
2012,4,8,3,8,27.8,16.377,-98.421,4,4
2012,4,8,19,18,3.8,16.279,-98.104,15.9,4.2
2012,4,9,3,18,2,16.42,-98.41,7,4.2
2012,4,9,4,59,55.6,16.371,-98.422,4.7,4.1
2012,4,9,5,56,35.3,16.419,-98.429,1.5,4
2012,4,11,22,55,10.25,18.229,-102.689,20,6.5
2012,4,11,23,4,45.4,17.616,-103.254,18.1,4.1
2012,4,11,23,19,49.2,17.876,-103.133,16.1,4
2012,4,11,23,52,45.2,17.743,-103.214,20,4.2
2012,4,11,23,57,37.1,17.86,-103.176,15,4.1
2012,4,12,13,23,21.5,17.719,-103.174,19.1,4.1
2012,4,12,16,58,39.76,16.404,-98.28,18,4.2
2012,4,13,4,0,32.9,16.361,-98.03,10.9,4
2012,4,13,4,19,57.6,16.325,-98.294,7,4.1
2012,4,13,10,10,4.62,16.236,-98.138,15.1,5.2
2012,4,13,12,15,37.9,16.157,-98.299,10,4.2
2012,4,13,13,6,28.4,16.207,-98.145,16,5
2012,4,13,13,18,48.9,16.183,-99.316,15,4.1
2012,4,13,15,17,56.5,16.14,-99.36,10,4.2
2012,4,13,15,27,54.3,15.512,-98.891,16.6,4
2012,4,13,15,46,17.4,16.599,-100.274,15,4
2012,4,13,16,39,51.5,16.344,-98.406,4.6,4
2012,4,13,20,46,12.79,16.341,-98.478,5,4.6
2012,4,14,19,39,50,18.515,-101.421,40.3,4
2012,4,14,22,33,3.4,16.449,-98.383,20,4
2012,4,15,14,2,56.9,16.866,-100.267,5,4
2012,4,15,19,8,23.5,16.278,-98.497,4.8,4
2012,4,18,11,11,21.9,17.844,-103.071,16.6,4.2
2012,4,19,14,35,14.2,15.916,-98.645,16.2,4.6
2012,4,19,15,56,47.5,16.441,-98.284,20,4.5
2012,4,20,0,6,39.3,15.794,-98.571,16,4.7
2012,4,20,13,55,30.1,16.257,-98.145,9.3,4
2012,4,20,22,56,23,15.92,-98.6,10,4.5
2012,4,21,6,28,41.9,16.346,-98.32,1,4.1
2012,4,22,5,3,19.09,17.763,-103.237,15.4,4
2012,4,22,5,7,10.09,16.363,-98.448,1.6,4
2012,4,22,10,9,11.6,16.659,-97.781,20,4
2012,4,22,18,12,0.6,19.263,-104.639,8,4.6
2012,4,22,19,43,44,19.308,-104.583,5.5,4
2012,4,23,1,13,23.82,16.178,-98.11,10,4.6
2012,4,23,1,27,30.6,16.002,-98.262,3.5,4
2012,4,23,1,31,2.27,16.23,-98.037,19,4.3
2012,4,23,1,36,59.6,15.964,-98.197,5.4,4
2012,4,24,5,3,52.7,15.871,-98.197,6.6,4.1
2012,4,24,7,56,58.8,16.079,-98.474,15,4
2012,4,24,8,35,27.8,16.181,-98.448,20,4
2012,4,24,11,11,52.2,16.372,-98.329,8,4.1
2012,4,24,11,34,30.2,16.374,-98.309,10,4.1
2012,4,25,10,41,16.9,16.351,-98.229,13.4,4
2012,4,26,6,50,14.2,16.276,-98.175,14.1,4
2012,4,27,13,13,20.3,15.524,-97.072,16.5,4
2012,4,27,23,42,55,18.105,-99.863,52.1,4
2012,4,29,7,17,2.79,15.89,-98.63,10.9,4.6
2012,4,29,7,24,32.2,16.519,-98.497,19.4,4
2012,4,29,11,57,2.5,16.141,-98.61,1.9,4.1
2012,5,1,16,37,58.8,18.251,-101.085,51.1,5.7
2012,5,2,13,4,16,16.001,-98.551,6.6,4.1
2012,5,4,7,7,2.2,16.752,-99.145,37.5,4
2012,5,4,12,33,45.3,16.171,-98.6,3.9,4
2012,5,4,23,24,26.8,16.234,-98.354,15,4.1
2012,5,5,9,47,59.05,16.354,-97.126,3.4,4.1
2012,5,5,23,8,31.8,16.323,-98.411,5,4
2012,5,6,8,21,32.3,16.121,-98.205,5.9,4
2012,5,6,12,1,53.1,18.303,-101.099,67.8,4
2012,5,6,16,24,31.5,16.331,-98.268,11.6,4
2012,5,7,5,25,33.2,16.55,-98.415,24.2,4
2012,5,7,14,37,34.6,16.061,-98.729,16,4.1
2012,5,7,17,50,35.2,17.763,-102.726,13.8,4.2
2012,5,7,23,57,53.8,15.97,-98.512,15,4.3
2012,5,8,3,25,55.9,16.356,-98.508,5.5,4
2012,5,8,4,50,54,16.42,-98.44,7,4.5
2012,5,8,9,3,44.8,16.339,-98.469,2.7,4
2012,5,8,9,28,18.9,15.972,-98.325,5,4.1
2012,5,9,12,42,37.3,15.991,-98.405,3.9,4
2012,5,9,17,58,12.6,15.952,-98.608,9.6,4
2012,5,9,19,2,49.6,16.132,-98.637,16,4
2012,5,9,20,49,16.4,15.991,-98.336,5.2,4
2012,5,10,4,18,10.8,15.884,-98.832,16,4.1
2012,5,10,23,22,40.5,16.833,-100.083,3.3,4
2012,5,11,0,58,20.7,16.332,-98.334,3.3,4.2
2012,5,11,4,58,19.5,16.291,-98.522,16.1,4
2012,5,11,6,47,2.6,16.499,-98.597,14.9,4
2012,5,11,10,29,24.7,17.724,-99.845,37.7,4
2012,5,13,11,34,31.6,18.072,-103.198,11.6,4.1
2012,5,16,10,48,35.9,17.934,-97.753,63.7,4
2012,5,16,13,32,46.1,16.442,-99.011,10.8,4
2012,5,16,14,16,57.4,16.293,-98.217,20.6,4.2
2012,5,17,2,26,48,16.459,-98.603,16.1,4
2012,5,19,0,7,41.2,16.343,-98.219,21.3,4.3
2012,5,19,22,43,38.2,16,-98.351,5,4.3
2012,5,20,5,35,24.7,16.013,-98.51,10,4
2012,5,20,15,39,40.2,16.003,-98.393,3.4,4.1
2012,5,20,17,9,12.1,16.069,-98.302,5,4.2
2012,5,20,20,7,14.8,16.544,-98.468,16.1,4
2012,5,20,21,55,0,16.149,-98.857,16.8,4
2012,5,22,8,50,23.09,16.429,-98.228,5,4.3
2012,5,24,13,51,50.4,16.549,-98.499,2.1,4
2012,5,26,19,0,23,16.037,-98.725,5,4
2012,5,27,18,15,45.5,16.138,-98.182,12.6,4.3
2012,5,28,5,13,16.7,16.408,-98.396,11,4
2012,5,28,11,22,6.29,15.985,-98.849,5,4
2012,5,28,17,39,42.8,16.243,-98.571,5,4.2
2012,5,29,10,28,34.2,16.349,-98.706,20,4
2012,5,29,12,5,49.4,16.152,-98.66,16,4.2
2012,5,29,22,44,23.28,15.896,-98.404,5,4.3
2012,5,29,23,38,26.6,15.985,-98.408,20,4.1
2012,5,31,8,46,46.1,16.319,-98.567,16.1,4
2012,5,31,17,58,59.28,16.071,-98.738,10,4
2012,6,2,12,20,38.2,16.454,-98.214,7.8,4.2
2012,6,2,21,0,55.3,16.639,-98.326,20,4.1
2012,6,3,9,38,25.8,15.937,-98.434,4.4,4
2012,6,3,15,16,36.7,16.64,-98.371,14.5,4
2012,6,3,21,1,35.1,17.729,-101.466,27.7,4.1
2012,6,5,2,33,55.4,15.895,-98.418,5,4.1
2012,6,5,11,25,50.5,15.788,-98.42,12,4
2012,6,6,5,49,39,16.307,-98.298,14.1,4
2012,6,6,8,15,41.9,17.192,-101.384,2.4,4.3
2012,6,6,8,36,41.6,17.199,-101.41,16,4.1
2012,6,7,8,2,13,16.37,-98.518,11.8,4
2012,6,7,22,35,23.8,16.349,-98.139,13.4,4
2012,6,8,6,50,47.6,15.79,-98.77,14.9,4
2012,6,9,6,19,21.1,16.044,-98.558,16,4.2
2012,6,9,9,4,1.8,17.179,-96.63,55.3,4
2012,6,9,21,13,3.8,16.314,-98.281,16,4.1
2012,6,10,17,4,36.2,16.263,-98.089,7.8,4
2012,6,11,7,44,11.1,16.395,-98.365,16.1,4
2012,6,11,15,53,26.6,16.335,-98.248,15,4.1
2012,6,11,17,24,55.9,16.445,-98.159,15.1,4.1
2012,6,12,1,37,57.5,17.843,-97.743,65.6,4
2012,6,13,8,3,19.4,16.264,-99.299,6.8,4
2012,6,13,13,57,46.3,16.313,-98.296,4.5,4.1
2012,6,14,14,14,38.1,16.352,-98.429,20,4
2012,6,15,1,14,1.5,16.446,-98.445,16.8,4
2012,6,15,12,10,31.9,16.059,-98.705,16.1,4
2012,6,17,12,36,10.5,16.605,-98.513,10.6,4
2012,6,23,7,20,43.9,17.848,-101.542,33,4
2012,6,23,15,28,25.2,15.822,-98.025,20,4.1
2012,6,26,19,24,52,15.721,-98.669,10,4
2012,6,27,0,11,31.3,15.84,-98.799,20,4
2012,6,27,4,31,4.1,17.276,-100.911,13.1,4
2012,6,28,7,17,45.6,15.799,-96.592,14.9,4.4
2012,6,30,9,56,8.9,16.097,-98.265,5.9,4.1
2012,7,2,16,6,4.5,16.544,-98.588,7.5,4
2012,7,2,20,43,31.8,16.618,-98.436,18.5,4
2012,7,3,16,0,3.85,18.939,-104.6,70.9,4.2
2012,7,4,13,36,50.1,17.36,-101.641,4.2,4
2012,7,4,14,10,38.1,16.311,-98.259,4.7,4
2012,7,5,6,2,55.6,16.267,-98.435,18.3,4
2012,7,6,5,32,24.8,19.47,-96.548,17.4,4.1
2012,7,11,8,53,35.9,18.339,-101.409,54.8,4.2
2012,7,11,12,19,49.2,16.043,-98.54,12.3,4
2012,7,11,13,1,57.3,16.339,-98.278,6.7,4
2012,7,14,0,57,20.3,16.246,-98.374,5,4
2012,7,14,5,17,17.4,16.346,-98.402,5,4.1
2012,7,17,15,57,28.55,18.62,-99.926,75.7,4.1
2012,7,17,20,1,34.51,16.646,-98.629,36.5,4.5
2012,7,20,4,42,37.4,16.257,-98.508,15,4
2012,7,21,9,50,55.9,18.498,-101.723,16.1,4
2012,7,24,0,7,30.2,16.318,-98.064,18,4
2012,7,24,5,25,28.7,16.266,-98.307,5.4,5.2
2012,7,24,19,45,19.5,18.066,-101.858,23.9,4.1
2012,7,26,15,2,19.59,16.221,-97.465,24.2,4
2012,7,27,2,23,30,15.95,-98.32,20,4.4
2012,7,29,23,10,30.85,16.06,-97.741,10,4.2
2012,8,1,22,43,29,18.85,-104.37,5,4.2
2012,8,4,21,59,45,16.05,-98.3,10,4.2
2012,8,6,10,38,54.3,18.084,-101.247,56.8,4
2012,8,7,13,12,16.7,17.403,-100.787,20,4
2012,8,10,12,26,28.8,16.514,-98.438,16.5,4.1
2012,8,12,8,34,38.3,18.336,-101.303,50.4,4
2012,8,12,11,46,5.9,16.847,-100.114,2.2,4
2012,8,18,7,16,47.4,18.096,-103.353,5.2,4.1
2012,8,18,7,31,5.4,18.102,-103.322,7.1,4
2012,8,18,19,20,44.78,17.415,-100.495,10.3,4
2012,8,24,16,20,47.8,16.345,-98.404,3,4.1
2012,8,30,15,19,13.09,16.253,-98.261,8.3,4.5
2012,9,8,17,38,9.5,16.332,-98.401,5,4
2012,9,9,5,14,52.22,16.189,-98.181,10,4.7
2012,9,9,13,1,25.4,15.915,-98.217,5,4.1
2012,9,9,18,59,38.4,15.9,-98.22,5,4.7
2012,9,9,19,8,7.5,17.821,-99.926,65,4
2012,9,10,12,1,59.4,16.489,-98.543,28.3,4
2012,9,12,4,56,49.6,16.652,-99.49,12.7,4
2012,9,13,3,7,19.3,15.994,-98.168,2.6,4
2012,9,13,6,32,7.4,17.969,-103.387,9.4,4.3
2012,9,13,13,33,59.7,16.473,-98.419,25.2,4
2012,9,13,15,27,15.69,16.215,-98.482,4.9,4
2012,9,15,23,2,55.6,18.628,-102.102,7.8,4
2012,9,16,2,4,18,17.354,-100.768,20,4
2012,9,16,18,18,42.58,15.909,-98.347,2,4.2
2012,9,22,12,29,58,16.262,-98.281,6.4,5.4
2012,9,24,8,28,55.1,18.071,-101.353,20,4.1
2012,9,24,9,48,14,17.747,-100.724,26.1,4
2012,9,25,22,1,59.1,16.368,-98.136,12.9,4
2012,9,28,6,50,13,18.477,-101.335,72,4
2012,9,29,7,11,12.93,16.304,-98.393,12,5.5
2012,9,29,7,46,59.2,16.221,-98.532,5.8,4.1
2012,9,29,11,53,59,16.103,-98.592,10.2,4.2
2012,9,30,11,55,28,16.078,-98.259,3.6,4.1
2012,10,2,8,54,3.28,15.838,-98.852,12,4.1
2012,10,2,14,14,49.91,16.095,-98.584,10,4.1
2012,10,3,10,41,55.8,15.948,-96.794,20,4
2012,10,5,6,32,24.09,16.301,-98.263,11.3,4
2012,10,7,15,5,53.6,18.445,-101.573,74.1,4.1
2012,10,7,15,41,11,16.008,-97.713,20,4
2012,10,7,19,8,0.6,16.179,-97.344,17.1,4.1
2012,10,8,10,32,21.7,16.728,-99.724,12,4
2012,10,12,21,54,53.9,17.692,-102.975,16.1,4
2012,10,13,1,24,52.6,16.848,-100.322,5,4.4
2012,10,13,20,38,55.61,16.546,-98.153,12.8,4.4
2012,10,18,12,20,34.9,16.305,-98.024,3,4
2012,10,20,3,2,32.2,19.037,-104.091,7,4.2
2012,10,20,20,4,16.7,17.473,-101.567,77.7,4
2012,10,22,6,32,4.29,18.256,-100.792,54.6,4
2012,10,22,8,21,25.28,16.808,-98.212,10,4.1
2012,10,22,23,35,7.5,17.837,-97.701,64.8,4.3
2012,10,24,1,36,28.78,15.548,-97.504,16.6,4.3
2012,10,24,21,32,16.5,15.61,-97.483,16.4,4
2012,10,26,8,42,43.2,18.254,-103.613,6.8,4.6
2012,10,28,5,33,36,15.91,-97.271,12.7,4.4
2012,10,28,10,15,40.4,16.35,-97.697,20,4
2012,10,30,0,54,19.1,15.492,-98.079,16.1,4
2012,11,3,12,39,26.78,16.26,-98.319,5.8,4
2012,11,4,10,18,56.4,18.216,-103.361,14.1,4
2012,11,6,17,32,10.14,16.603,-97.86,40.9,4.3
2012,11,7,7,46,43.3,16.029,-96.676,20,4
2012,11,7,8,3,53.9,16.501,-98.434,19.5,4.1
2012,11,11,14,29,13.5,15.972,-98.339,15,4
2012,11,11,14,39,29.65,16.059,-97.989,15.9,4.3
2012,11,12,21,54,3.2,17.264,-101.367,3,4
2012,11,14,5,18,25.3,15.863,-96.79,20,4.1
2012,11,14,19,15,24.33,16.696,-98.047,1.8,4.7
2012,11,15,9,20,21.91,18.346,-100.382,53,6.1
2012,11,15,23,14,42,16.354,-98.465,1,4
2012,11,18,10,8,38.58,16.423,-98.409,9.9,4
2012,11,19,8,51,44.67,17.599,-101.158,45.4,4
2012,11,20,3,14,34.2,16.742,-99.662,3,4
2012,11,20,3,33,47.7,16.113,-97.018,27.4,4.3
2012,11,20,9,23,27.78,16.25,-100.323,16.4,4.3
2012,11,20,9,40,6.4,18.113,-100.47,50.3,4.1
2012,11,20,12,43,48.4,15.746,-98.744,15.8,4.1
2012,11,20,21,29,34.9,16.234,-98.22,5,4.1
2012,11,21,0,30,47.4,15.986,-98.601,8.7,4.6
2012,11,21,0,41,14.3,15.976,-98.643,16.8,4.2
2012,11,21,10,39,8.2,17.511,-96.761,80.2,4
2012,11,23,7,2,38.8,18.528,-103.81,5,4
2012,12,2,2,30,35.7,17.191,-99.729,49.4,4
2012,12,4,2,48,3.2,17.371,-101.445,24.9,4.1
2012,12,4,6,2,0.9,16.577,-98.497,16,4
2012,12,4,9,39,32.08,17.819,-103.642,16,4
2012,12,5,5,28,9.69,18.176,-102.937,54,4
2012,12,7,20,7,15.6,18.267,-102.683,55.4,4.1
2012,12,8,0,30,27.7,16.489,-98.446,20,4.1
2012,12,8,15,56,39.2,18.275,-102.693,54.1,4.1
2012,12,8,18,49,25.31,17.328,-100.101,40.8,4.1
2012,12,10,4,1,18.6,15.668,-96.815,16.1,4
2012,12,10,14,34,16.3,18.147,-100.498,46.5,4
2012,12,14,15,29,40.9,18.152,-102.175,5,4
2012,12,15,15,16,3.9,17.838,-100.072,53.2,4
2012,12,16,9,26,42.28,18.129,-102.297,16,4
2012,12,22,19,9,39.28,17.601,-100.91,37.3,4
2012,12,22,22,4,40.3,16.089,-98.625,16,4.3
2012,12,24,4,5,6,16.019,-98.367,2,4
2012,12,30,8,25,9.19,16.049,-97.601,16.1,4
2012,12,31,15,0,5.5,16.026,-98.337,4.8,4
2013,1,1,3,25,28.2,17.69,-101.277,44.8,4
2013,1,1,5,35,52.08,16.008,-98.549,14.3,4.1
2013,1,5,6,5,24.9,18.476,-101.923,69.2,4
2013,1,5,20,16,43,16.2,-98.37,4,4.1
2013,1,7,1,34,23.7,17.034,-101.783,17.3,4
2013,1,8,7,57,18,15.88,-97.28,10,4.1
2013,1,8,11,12,3.2,16.36,-98.642,1,4
2013,1,11,1,49,27.7,16.074,-97.55,7.6,4
2013,1,11,19,27,8.89,17.801,-101.526,36.5,4.2
2013,1,12,6,12,51.6,16.065,-99.172,32.7,4.2
2013,1,12,11,14,24.89,17.991,-101.745,24.4,4
2013,1,12,13,14,13.8,16.365,-99.773,66.5,4
2013,1,13,3,50,27.8,15.967,-97.082,41.5,4.1
2013,1,13,8,34,59.7,15.897,-96.924,10.2,4.1
2013,1,15,13,9,35,16.298,-98.08,11.2,4.1
2013,1,15,19,20,27.7,16.491,-98.491,12.2,5
2013,1,17,21,41,6.8,16.399,-98.658,20,4.1
2013,1,18,15,31,44.18,15.917,-96.572,39.9,4.8
2013,1,20,8,12,18.1,16.518,-98.467,20,4.5
2013,1,20,22,14,5.9,16.34,-98.523,8.4,4.2
2013,1,21,21,57,37.1,16.258,-98.334,4.5,4
2013,1,22,12,28,11.39,17.125,-101.473,16.1,4
2013,1,24,18,0,3,16.268,-98.042,5,4
2013,1,25,5,28,24.4,16.708,-99.514,16,4
2013,1,25,19,33,18.5,17.416,-101.337,14,4.3
2013,1,26,7,30,33.7,18.13,-101.764,16.1,4.1
2013,1,26,11,14,24.89,18.093,-99.583,51.7,4.1
2013,1,31,0,2,48.3,15.974,-98.668,10,4
2013,2,2,11,34,19.89,15.629,-96.428,20,4
2013,2,2,23,13,37.2,18.4,-101.723,50,4
2013,2,4,5,38,56,15.919,-97.008,24.2,4.2
2013,2,6,23,34,28.4,16.241,-98.437,8.4,4
2013,2,8,2,7,19.6,17.363,-102.736,1,4
2013,2,10,10,57,58.7,15.736,-96.532,15.9,4
2013,2,11,3,16,52.4,16.931,-99.689,12.3,4
2013,2,11,23,1,43.1,15.821,-98.411,10,4.1
2013,2,13,1,2,57.9,17.55,-102.838,38.5,4.2
2013,2,14,5,37,57.2,16.296,-98.247,5,4.1
2013,2,14,7,28,27.2,16.479,-98.049,4.2,4.1
2013,2,15,3,6,4.8,16.253,-98.204,3.3,4
2013,2,15,11,42,43.78,17.145,-101.198,17.2,4
2013,2,16,0,42,40.6,17.369,-101.235,27.4,4
2013,2,17,0,53,7.2,15.969,-98.109,3.4,4
2013,2,17,23,51,20,17.905,-98.24,49.4,4
2013,2,19,2,40,13.7,17.12,-101.458,17,4.2
2013,2,20,8,3,42.5,16.424,-99.056,1.4,4.3
2013,2,20,21,23,8.56,18.552,-103.714,18,5.6
2013,2,22,5,14,27.89,18.253,-102.075,73,4
2013,2,23,8,50,14.4,17.303,-100.826,16.1,4
2013,2,23,11,44,22.89,18.17,-99.37,38,4.1
2013,2,23,16,34,22.9,17.073,-99.986,30.9,4
2013,2,25,2,25,34.6,17.291,-100.115,45.7,4
2013,2,25,4,51,35.3,18.09,-101.803,6,4
2013,2,26,20,49,40.9,16.964,-99.494,21.3,4.1
2013,3,6,22,3,25,15.97,-99.17,5,4.5
2013,3,8,2,33,29.3,15.773,-96.525,18.3,4
2013,3,9,11,15,59,16.44,-100.17,20,4
2013,3,11,7,43,51.6,18.407,-102.576,6.2,4.3
2013,3,11,12,20,19,17.04,-102.61,16,4.1
2013,3,13,21,17,54.2,17.844,-101.191,57,4
2013,3,14,0,45,19.2,18.524,-103.793,16,4
2013,3,14,2,54,29.9,18.369,-102.59,10,4
2013,3,16,10,25,23,16.669,-98.653,22.1,4.5
2013,3,17,5,47,44.7,17.147,-99.965,28.9,4
2013,3,17,8,55,54.2,17.655,-101.366,47,4
2013,3,20,5,10,52.1,15.567,-96.485,2,4.1
2013,3,20,19,14,25.6,17.997,-101.661,40.1,4
2013,3,21,7,31,26.59,16.305,-98.191,15.6,4
2013,3,21,12,0,34.7,17.645,-101.395,30.6,4
2013,3,22,0,19,54,17.588,-101.226,45.2,4.1
2013,3,22,1,39,33.7,16.517,-98.486,16.7,4.2
2013,3,23,13,24,9.4,15.814,-98.155,9.7,4.3
2013,3,23,20,35,2,15.942,-96.668,3.8,4
2013,3,24,13,48,52.2,17.169,-96.873,72.2,4
2013,3,24,20,56,37.3,16.819,-101.118,64.9,4.1
2013,3,25,4,10,56.9,15.936,-98.451,10,4
2013,3,25,10,31,37.58,17.906,-101.616,21.9,4.1
2013,3,25,11,24,15.59,17.26,-100.619,41,4.1
2013,3,26,13,4,48.1,16.184,-98.152,10,5.5
2013,3,26,13,12,18.02,16.233,-98.181,12.5,5
2013,3,26,13,25,59.36,16.35,-98.042,10,4.6
2013,3,26,13,27,15.9,15.857,-98.182,10,4.6
2013,3,26,13,36,15.7,16.474,-98.041,10,4.6
2013,3,26,15,22,10.11,16.391,-98.15,10,4.2
2013,3,27,13,59,41.1,15.991,-98.413,2.9,4.2
2013,3,28,1,42,36.6,18.723,-102.778,4.4,4.2
2013,3,29,6,46,16.6,15.526,-98.51,9.8,4.1
2013,4,3,21,11,37.78,16.542,-98.904,16.1,4
2013,4,5,1,58,48.64,17.226,-100.54,35,5.3
2013,4,12,3,45,9.7,17.772,-101.597,37.1,5.2
2013,4,12,4,58,1.3,17.802,-101.619,26.9,4
2013,4,12,5,45,30.09,17.785,-101.627,35.7,4
2013,4,12,14,52,0.29,17.8,-101.596,36.4,4
2013,4,12,21,15,19,16.3,-97.99,6,4.3
2013,4,16,0,8,39.28,16.61,-99.317,17,4
2013,4,19,5,33,52,16.271,-97.969,2,4
2013,4,19,10,47,6.4,18.276,-103.513,28.6,4
2013,4,20,5,5,10.59,16.02,-98.62,2,4.6
2013,4,20,5,19,41.5,16.022,-98.636,10,4.3
2013,4,20,7,58,3.08,16.441,-99.501,16.1,4
2013,4,21,12,37,6.5,17.917,-102.316,14.5,4.1
2013,4,22,1,16,32.84,18.081,-102.182,30,6
2013,4,22,2,25,17.78,17.734,-102.293,43.6,4
2013,4,22,3,16,6.9,17.684,-102.363,7.5,4
2013,4,23,2,18,55.2,17.841,-102.289,16,4
2013,4,23,10,52,34.9,16.546,-98.39,15.4,4
2013,4,24,11,45,34.28,17.036,-101.365,10,4
2013,4,24,12,25,50.58,17.083,-101.293,17,4
2013,4,24,12,40,55.7,17.093,-101.316,16.1,4.1
2013,4,24,14,55,6.9,17.672,-102.204,10,4.2
2013,4,25,4,30,27.9,17.766,-102.276,11.7,4
2013,4,26,8,21,10.59,17.235,-100.256,24.2,4
2013,4,26,17,7,55.9,16.664,-99.335,16.2,4
2013,4,29,11,6,42.9,16.167,-98.26,2,4
2013,4,29,14,30,15.69,17.136,-99.933,40.6,4.1
2013,4,29,16,21,52.28,18.152,-101.971,15.9,4.1
2013,5,3,7,40,13.09,16.056,-98.56,3.8,4.2
2013,5,6,8,33,30.7,19.024,-98.633,1,4.1
2013,5,9,19,30,11,16.552,-98.097,19.3,4.5
2013,5,12,4,11,33.1,17.035,-98.945,16,4.1
2013,5,12,5,42,5.79,16.179,-98.225,7.5,4
2013,5,12,9,55,16.59,18.905,-103.538,3.4,4
2013,5,13,16,17,49.8,17.821,-101.555,46.1,4
2013,5,18,1,43,51.9,16.193,-100.648,20,4
2013,5,19,1,25,57.28,15.993,-96.415,63.6,4.1
2013,5,22,14,13,37.19,18.399,-100.607,69.5,4.4
2013,5,22,19,34,51.2,16.544,-98.378,44.3,4.2
2013,5,24,16,10,51.7,18.262,-102.044,109.8,4.1
2013,5,26,19,36,16.89,17.125,-96.696,68.2,4.2
2013,5,29,23,2,32.9,16.019,-98.509,1.4,4
2013,6,2,19,13,32,17.84,-100.84,54,4.5
2013,6,10,22,21,28.39,17.753,-101.467,53.3,4.2
2013,6,11,8,7,49.78,16.259,-97.467,29.7,4
2013,6,16,5,19,0,18.155,-99.203,52,5.8
2013,6,18,13,23,21.5,16.085,-99.004,5,4.4
2013,6,18,16,33,59.08,18.057,-100.016,52.7,4
2013,6,18,19,7,53.9,16.013,-99.012,10.5,4.1
2013,6,19,5,46,22.81,16.28,-99.035,18.6,4
2013,6,19,9,7,35.78,16.101,-99.267,6.1,4.2
2013,6,19,10,22,42.58,16.086,-99.252,17.2,4
2013,6,19,11,0,42.56,16.38,-98.991,16.6,4.3
2013,6,20,8,59,18.89,16.137,-98.605,1.3,4.2
2013,6,21,1,19,55.78,18.184,-100.495,50.7,4
2013,6,21,9,41,33.28,18.523,-98.73,2,4
2013,6,23,10,22,14.69,15.734,-98.402,10,4.1
2013,6,23,12,25,35.7,16.064,-97.511,6.4,4
2013,6,25,11,54,36.28,16.066,-97.133,40.6,4
2013,6,27,5,12,11.09,17.006,-100.038,42.2,4.2
2013,6,29,21,19,26.28,18.152,-99.279,55.1,4.5
2013,7,2,22,36,32.28,19.104,-104.132,2.3,4
2013,7,7,4,7,5.69,16.053,-98.395,11.3,4
2013,7,14,12,14,42.4,16.193,-97.321,14,4
2013,7,14,15,42,2.2,15.875,-97.156,5,4
2013,7,14,16,24,33,15.805,-97.157,4,4
2013,7,21,3,43,0.5,18.125,-101.904,16,4
2013,7,24,10,0,55,18.168,-103.389,8.8,4.2
2013,7,26,9,49,18.7,15.938,-97.245,35.9,4
2013,7,26,15,57,30.28,18.201,-101.055,57.3,4.1
2013,7,27,18,56,45,16.63,-100.402,2,4
2013,7,30,15,1,25,15.726,-96.522,39.9,4.1
2013,7,30,19,31,10.39,18.407,-104.197,13.4,4.1
2013,7,31,10,19,4.79,18.41,-104.195,5.4,4
2013,8,1,8,31,14.8,17.032,-96.831,65.8,4
2013,8,1,9,6,44.4,18.411,-104.196,13.6,4
2013,8,2,8,17,27.5,17.938,-101.534,48.7,4
2013,8,5,11,7,36,17.34,-101.22,12,4
2013,8,6,0,49,32.4,19.118,-104.272,32.1,3.9
2013,8,6,15,3,53.2,16,-98.312,10.8,3.8
2013,8,6,20,17,30.79,16.498,-98.6,20,5.1
2013,8,12,13,36,10.39,17.055,-100.135,42.7,4.1
2013,8,12,16,14,9,16.091,-97.675,15.9,4.2
2013,8,13,4,46,34.7,15.949,-98.589,3,4
2013,8,13,16,50,42.77,16.6539,-98.4224,31.46,5.3
2013,8,16,15,32,58,16.5498,-98.5517,21,5.2
2013,8,18,23,19,26.6,18.179,-103.487,3,4
2013,8,19,10,47,54.29,16.926,-98.875,1.1,4
2013,8,21,12,38,29.7,16.8784,-99.498,21,6.2
2013,8,21,12,56,6.3,16.776,-99.639,22.4,4.3
2013,8,21,13,2,17.29,16.778,-99.711,23,5.3
2013,8,21,18,9,17.99,16.973,-99.531,19.42,4.2
2013,8,22,4,50,6.19,16.601,-99.641,7.6,4
2013,8,22,16,44,35.5,17.874,-99.512,55.7,4.1
2013,8,23,5,18,43.5,16.743,-99.686,11,4
2013,8,26,2,24,59.59,16.749,-101.867,2,4.1
2013,8,26,12,54,1.5,16.749,-99.609,20.7,4.4
2013,8,26,22,20,25,16.819,-99.624,24.6,4
2013,8,26,23,19,36,18.224,-100.776,53.4,4.3
2013,8,27,5,38,6.5,16.406,-99.793,10,4.1
2013,8,27,20,28,34,15.654,-96.406,38.7,4.3
2013,8,30,2,47,34.7,16.709,-99.582,7.6,4
2013,8,30,3,40,57.7,16.781,-99.664,12.9,4
2013,8,30,9,58,47.29,16.425,-98.17,13,4
2013,9,9,3,43,59.5,16.638,-101.226,19.6,4.1
2013,9,9,4,43,37.09,16.302,-98.331,20,4.6
2013,9,11,5,54,58.5,15.985,-98.179,16,4
2013,9,18,12,43,56.4,16.097,-99.451,10,4
2013,9,24,1,21,46.09,16.584,-100.357,5,4
2013,9,24,4,46,49.29,18.747,-104.804,16.1,4
2013,10,2,16,43,12.04,18.5889,-104.0443,48.21,4.3
2013,10,5,4,38,42.91,16.4389,-97.6227,6.43,4
2013,10,6,6,39,0.25,16.478,-98.2592,9.99,4.1
2013,10,6,14,0,45.6,16.627,-99.8821,69.53,4.2
2013,10,6,14,27,51.18,17.01,-99.9691,10,4.8
2013,10,6,15,10,55.96,16.766,-100.059,20.6,5.08
2013,10,6,15,36,54.46,16.8296,-99.9141,18.99,4.2
2013,10,15,10,14,2,17.1,-100.21,42,4.2
2013,10,20,13,17,54.09,16.6451,-98.1179,10,4.2
2013,11,1,5,15,9.1,15.864,-96.566,33.8,4.2
2013,11,6,9,13,16.3,16.015,-98.36,5,4.1
2013,11,8,23,28,46.1,17.338,-100.603,36.9,4.1
2013,11,9,1,47,58,17.694,-99.533,44.5,4
2013,11,11,2,32,55.7,17.234,-100.072,32.5,4
2013,11,14,6,58,51.3,17.579,-102.201,11.6,3.9
2013,11,19,1,35,4.7,16.3,-97.893,7.4,4
2013,11,24,12,3,3.6,16.268,-98.992,16.5,4
2013,12,1,1,30,15.03,17.4326,-101.498,23.17,4.7
2013,12,1,1,57,25.75,17.493,-101.5089,29.49,4.2
2013,12,1,3,20,55.7,17.295,-101.668,20,5.1
2013,12,1,6,2,20,17.36,-101.71,4,3.9
2013,12,2,3,1,34.2,17.306,-101.613,9,4
2013,12,4,7,25,26.12,16.3889,-98.0446,37.17,4.3
2013,12,7,5,32,44.1,16.126,-98.604,15,4.6
2013,12,7,5,36,53.2,16.214,-98.821,87.5,4
2013,12,7,6,2,27.2,15.936,-98.504,5.9,4
2013,12,10,19,38,30.8,16.013,-98.759,14.1,3.9
2013,12,10,19,43,9.5,16.073,-98.639,4,4.1
2013,12,14,22,33,40.1,19.447,-103.714,104.6,4.1
2013,12,15,8,15,39.9,17.396,-97.114,75.4,4
2013,12,15,15,2,24.8,15.813,-98.324,5,4.6
2013,12,20,11,17,48.8,15.909,-98.387,13.9,4
2013,12,21,4,32,1.7,18.19,-100.266,52.7,4.1
2013,12,21,5,57,22.6,16.988,-99.528,39.9,4
2013,12,29,17,17,45.05,16.0521,-98.6064,25.57,4
2013,12,31,7,48,25.7,16.216,-98.482,3,3.7
2014,1,1,16,7,36.99,15.9428,-98.739,15.02,4.2
2014,1,2,3,21,10.8,18.513,-101.667,51,4
2014,1,2,5,56,35.2,17.028,-100.817,16.1,4.1
2014,1,2,10,37,24.7,17.937,-99.775,54.8,4
2014,1,2,23,53,56,16.08,-97.96,1,4.8
2014,1,5,8,37,33.1,16.6119,-99.7099,3.3,3.9
2014,1,7,6,9,6.5,18.053,-99.805,49.9,4.2
2014,1,8,23,15,31.2,15.92,-98.05,5,4.1
2014,1,12,13,49,49.8,17.765,-101.702,44,3.9
2014,1,14,3,48,42.1,16.399,-98.497,3.9,4
2014,1,15,2,1,51,18.265,-101.827,18.7,4
2014,1,15,2,4,55.1,18.242,-101.804,15.3,4.1
2014,1,18,9,12,40.4,17.619,-101.582,50.3,3.9
2014,1,18,23,57,7.1,17.276,-100.699,13.1,4
2014,1,19,0,18,47.2,15.886,-98.816,11.5,4.6
2014,1,19,0,21,50.6,15.878,-98.813,14.8,4.4
2014,1,19,1,42,57.9,16.094,-97.9449,5,4.1
2014,1,19,2,14,35.17,16.0742,-98.657,10.19,4.1
2014,1,19,2,22,16.3,15.803,-98.874,16.1,4.1
2014,1,19,11,13,13.9,17.037,-101.318,26.9,4.1
2014,1,20,23,49,44.5,17.107,-101.26,15.6,4
2014,1,26,7,1,6.6,16.164,-99.005,20,4
2014,1,26,20,9,39.9,17.193,-101.42,16.1,4.1
2014,2,1,7,15,41.51,16.4734,-98.4285,22.82,4.1
2014,2,3,16,59,9,17.393,-97.17,73.8,4.1
2014,2,4,20,13,29.37,16.6627,-105.0346,50.55,4.1
2014,2,6,7,56,21.5,16.027,-98.749,16,4
2014,2,6,18,5,15.22,18.2011,-100.953,57.45,4.4
2014,2,8,20,5,21.2,16.271,-98.27,8.2,4.1
2014,2,10,4,9,56.96,17.9666,-105.0244,10,4.6
2014,2,11,13,55,18.2,15.788,-96.42,44.3,3.8
2014,2,13,19,10,30.1,17.322,-101.663,9,4.1
2014,2,14,5,18,5.9,16.915,-100.926,16.1,3.9
2014,2,18,13,35,40.63,15.9336,-97.5302,15.82,4.5
2014,2,19,12,3,33,17.863,-99.724,55.8,4.1
2014,2,20,20,35,52.1,16.309,-98.245,10.6,4.2
2014,2,24,4,4,28.1,15.795,-96.9689,7.5,4.8
2014,2,25,21,45,13.7,16.005,-97.563,19.8,4
2014,2,28,12,16,46.3,17.463,-101.805,2,4.1
2014,3,4,21,22,54.1,16.608,-100.663,16.1,4.3
2014,3,4,21,33,57.7,16.603,-100.67,16.1,4.3
2014,3,6,13,11,37.9,16.226,-97.993,10.5,4.3
2014,3,10,0,38,15.1,16.0414,-98.3358,8.41,5.8
2014,3,10,10,29,40.4,17.848,-101.477,42.1,4
2014,3,11,8,44,38.74,16.5584,-99.0276,25.78,4
2014,3,13,1,21,3.7,15.909,-98.668,19.8,4.9
2014,3,13,2,47,54.9,15.838,-98.6889,5.6,4.1
2014,3,15,2,1,32.11,16.2456,-98.4525,14.19,4.5
2014,3,17,3,9,25.3,15.899,-98.415,8.1,3.9
2014,3,17,4,32,43.1,15.92,-98.408,4.2,4
2014,3,17,6,41,1.83,15.9273,-98.4314,11.13,4
2014,3,17,13,35,31.52,16.2298,-98.5764,10,4.5
2014,3,23,2,46,20.5,16.565,-98.411,23.9,4
2014,3,27,8,53,12.7,17.277,-101.278,7.1,4.1
2014,3,27,11,51,58.48,17.088,-101.0297,23.53,4
2014,4,18,14,27,24.92,17.397,-100.9723,24,7.2
2014,4,18,14,50,2,17.06,-101.51,21,4.3
2014,4,18,14,54,1.27,17.4497,-100.766,35,4.7
2014,4,18,14,57,48.07,17.6042,-101.1674,35,4.1
2014,4,18,15,21,44.16,17.282,-101.0731,35,4.5
2014,4,18,15,54,56.9,17.3765,-101.1454,35,4.7
2014,4,18,17,1,3.11,16.7257,-101.2595,17.91,4.3
2014,4,18,23,49,58.01,17.7306,-101.1977,35,4
2014,4,19,6,52,14,17.23,-101.23,2,4.3
2014,4,19,14,58,16.47,17.4238,-101.2141,35,5
2014,4,19,15,59,2.79,17.2917,-101.2184,35,4.2
2014,4,19,20,48,49,17.41,-101.47,9,4.2
2014,4,20,7,42,49,17.26,-101.51,5,3.9
2014,4,20,12,40,36.57,17.6018,-101.2722,35,4.8
2014,4,21,14,13,47.95,17.2834,-101.326,35,4
2014,4,21,20,6,42.7,16.3222,-98.6715,15.26,4.5
2014,5,1,6,26,17,17.2,-100.952,9.5,4
2014,5,3,0,34,22.4,17.342,-101.368,3.7,4
2014,5,3,13,37,27.6,15.859,-98.237,16.3,4.7
2014,5,4,7,48,50.7,15.938,-98.161,3,4
2014,5,7,0,55,23.2,16.573,-100.573,13.1,4.6
2014,5,7,6,26,44.04,16.5632,-100.4607,17.34,4
2014,5,7,7,15,44.6,18.648,-102.172,20,4.1
2014,5,8,17,0,14.81,17.2349,-100.7461,17.09,6.4
2014,5,8,17,16,30.3,17.036,-100.895,10,4.5
2014,5,8,17,26,2.9,17.044,-100.884,10,4
2014,5,9,16,58,56.3,17.542,-101.338,14.3,4.3
2014,5,10,0,46,25,17.174,-101.219,5,4.2
2014,5,10,7,36,1.22,17.2192,-100.8122,23,6
2014,5,10,7,47,5.8,17.031,-100.927,16.1,4.1
2014,5,10,8,50,37.1,17.028,-100.895,10.2,4.1
2014,5,10,10,1,26.6,17.075,-100.996,5,4
2014,5,10,13,55,23.6,17,-100.938,15,4.4
2014,5,10,17,26,33.9,17.4159,-100.6404,13.52,4.7
2014,5,10,22,12,11.3,17.187,-100.872,13,4
2014,5,11,5,11,11.2,17.483,-101.619,5,4
2014,5,11,17,6,30.2,17.361,-101.477,5,4.1
2014,5,12,3,24,7.7,16.972,-100.941,17.7,4
2014,5,14,3,40,42.3,17.128,-100.911,16.1,4
2014,5,16,5,40,17.4,16.954,-100.876,8,4
2014,5,17,14,13,17.2,16.017,-98.816,13.6,4.1
2014,5,20,1,39,14.2,18.033,-100.094,54.1,4.9
2014,5,20,6,37,11.6,17.4159,-101.4608,31.67,4
2014,5,20,21,26,45.5,18.1119,-103.167,11.6,4.1
2014,5,20,22,6,2,18.385,-101.751,10,4
2014,5,24,8,24,47.99,16.526,-98.141,17,5.7
2014,5,26,3,43,43.8,17.203,-101.352,5,4
2014,5,26,15,24,56,18.8502,-101.4216,72.42,4.5
2014,5,28,13,11,18.22,16.8913,-100.2906,34.2,4.3
2014,6,3,14,59,18.4,17.2321,-101.2559,17.31,4
2014,6,5,9,44,59.5,16.118,-98.555,6,4.1
2014,6,10,2,48,16.7,15.639,-96.429,29.2,4
2014,6,10,13,25,4.9,17.1075,-101.3668,11.97,4.1
2014,6,10,14,11,20.9,17.4547,-101.3186,16.56,4.1
2014,6,11,2,55,45.3,15.938,-99.161,10,4.1
2014,6,11,5,22,57.35,17.0448,-99.9043,23.71,4
2014,6,12,12,15,13.03,16.5253,-98.707,10,4
2014,6,14,22,11,7.2,15.918,-98.389,5,4
2014,6,15,6,48,46.6,16.4609,-98.647,16.4,3.9
2014,6,15,8,13,54.8,16.568,-100.601,9.7,4
2014,6,19,0,8,30.9,18.117,-102.172,30,4.5
2014,6,24,1,24,41.9,17.17,-101.221,3,4.1
2014,6,25,3,41,30.1,17.392,-101.479,2,4.2
2014,6,25,9,55,2.78,15.8636,-98.7573,10.55,4.3
2014,6,25,16,32,53.26,15.9751,-98.7023,10,4.3
2014,6,25,16,52,16.88,16.0629,-98.4536,5,4.4
2014,6,26,2,6,48.9,17.029,-101.476,16.1,4.1
2014,6,30,17,0,24.06,17.3696,-101.3836,16.64,4.2
2014,7,2,2,53,33.85,17.1285,-101.3701,10.69,4.1
2014,7,6,10,15,52.8,19.193,-104.547,54.3,4
2014,7,7,9,51,23.8,15.967,-98.202,5,4.1
2014,7,8,21,30,7.1,16.44,-98.476,30.5,4
2014,7,22,21,56,13.81,16.7969,-100.2053,17.84,4.5
2014,7,23,0,28,15.7,16.8435,-100.2147,10,5
2014,7,26,1,47,42.8,16.038,-97.124,35.2,4.1
2014,7,27,13,29,5.68,16.3075,-98.6548,30.61,4.7
2014,7,28,16,58,27.62,16.2435,-98.4894,36.99,3.9
2014,7,28,19,11,36.5,16.145,-98.867,10,4.2
2014,7,29,8,54,14.8,17.158,-99.918,42.2,3.9
2014,7,31,16,25,34.5,18.355,-101.088,73.1,3.7
2014,8,3,8,17,49,17.02,-101.33,16,4.1
2014,8,4,0,21,50.6,17.1149,-100.823,16.2,4.8
2014,8,4,23,42,48.5,17.376,-101.204,15,3.9
2014,8,9,20,30,37,17.42,-101.32,14,3.9
2014,8,11,0,7,57,16.206,-98.293,5,4.2
2014,8,11,1,9,40.6,16.2369,-98.1949,8.5,4.7
2014,8,12,2,36,55.9,18.782,-103.692,10.3,4.2
2014,8,13,6,48,11.36,16.3645,-98.1587,7,5.4
2014,8,15,3,1,53.24,15.9563,-97.3491,16.35,3.9
2014,8,17,23,38,40.8,16.273,-97.417,31.4,4.3
2014,8,18,5,33,37,16.342,-99.688,16,4.1
2014,8,22,3,11,32.4,16.7083,-99.204,19.9,4
2014,9,8,18,49,26.25,17.5077,-100.7604,46.56,4.3
2014,9,8,20,30,41.93,16.3154,-98.1516,24.92,4.7
2014,9,19,12,8,1.14,15.9495,-100.325,10,4.2
2014,9,24,4,46,21.26,16.0562,-100.4521,8.73,4.5
2014,10,4,11,12,56.4,15.7365,-98.432,10,4
2014,10,4,12,55,27,16.861,-101.023,17.3,3.9
2014,10,7,14,11,7.3,15.777,-96.44,41.9,4.6
2014,10,19,11,42,4.25,16.3715,-98.91,16.19,4.5
2014,10,31,20,16,49.1,16.049,-98.367,5.6,4.3
2014,11,15,14,2,16.03,18.5895,-102.0893,87.25,4.1
2014,11,16,23,51,16.1,16.066,-97.605,16.6,4.3
2014,11,18,8,27,48.1,16.832,-100.186,5,4.6
2014,11,22,0,8,25,18.279,-100.84,58.2,4.1
2014,11,22,8,52,24.8,16.031,-98.676,16.6,4.1
2014,11,27,12,31,13.45,18.2744,-104.3553,10,4.8
2014,11,27,17,39,22.17,18.035,-102.3651,24.68,4.3
2014,12,2,5,1,56.2,16.9289,-100.172,32.6,4.1
2014,12,3,4,5,56.1,15.982,-98.432,17,4.2
2014,12,18,8,58,17,16.814,-99.672,29.5,4.1
2014,12,24,22,53,22.5,17.984,-99.136,57.4,4.1
2014,12,27,13,33,38.4,18.402,-99.846,55.6,4
2015,1,6,13,26,54.7,17.0417,-98.865,35.93,4.1
2015,1,12,0,59,17.7,16.223,-98.053,5.6,4.9
2015,1,12,3,0,14.66,16.339,-97.9273,7.35,4.5
2015,1,13,15,22,37.18,17.2877,-97.1469,72.85,4
2015,1,15,3,21,31.7,18.204,-100.721,57.1,4.7
2015,1,26,7,46,7.9,17.872,-103.018,16.1,4
2015,2,1,21,35,41.7,16.118,-99.176,12.5,4.5
2015,2,2,14,59,25.66,17.155,-101.1749,34.47,4.1
2015,2,7,10,44,7,18.2689,-101.116,63.1,3.9
2015,2,18,5,50,10.2,15.975,-96.446,48.2,4.1
2015,2,19,4,56,47.7,16.259,-98.033,4.2,4.2
2015,2,26,21,41,4.6,16.29,-99.798,11.2,4.3
2015,2,26,22,7,48.1,16.299,-99.604,15,4.2
2015,2,27,8,27,37.6,17.313,-100.928,22,4.3
2015,3,13,9,37,47.9,17.204,-99.865,45.1,4.1
2015,3,18,15,14,10.74,16.2996,-98.2289,37.95,4.6
2015,3,20,22,30,7.55,18.0325,-98.5135,52,5.4
2015,3,27,17,29,14,16.346,-98.086,21.3,4.2
2015,4,3,10,5,39.2,16.1082,-98.2311,18.97,4.4
2015,4,5,6,55,0.55,16.073,-98.6383,10,4.9
2015,4,5,18,17,32.1,16.035,-98.694,16.1,4.1
2015,4,5,18,21,0.6,15.998,-98.673,16.1,4.5
2015,4,5,18,29,45.8,16.02,-98.703,16,4.7
2015,4,8,9,27,41.3,16.313,-98.864,15,4.2
2015,4,8,13,52,4.87,15.9963,-98.4766,10,4.5
2015,4,12,7,23,34.2,17.034,-98.94,37.4,3.9
2015,4,21,13,1,20.87,16.0028,-96.7188,10,4.7
2015,4,23,4,24,57.17,15.9059,-97.0051,27.73,4.2
2015,4,25,22,11,12.4,16.4289,-98.369,15.5,4.4
2015,4,29,19,49,48.5,17.157,-99.876,39.9,4.1
2015,5,23,11,13,10.7,16.9493,-99.5311,28.9,4.5
2015,5,23,16,42,10,16.72,-99.47,18,4.3
2015,6,24,19,18,37.65,16.9658,-98.9672,48.35,4
2015,6,25,10,31,51.47,16.6416,-97.9861,32.73,5
2015,7,3,23,35,26.5,16.783,-99.45,10,4.3
2015,7,5,15,34,3.96,18.4592,-102.8307,10,4.4
2015,7,8,4,1,48.4,18.525,-101.558,75.4,4.3
2015,7,8,15,45,52.2,15.9709,-98.2713,10,4.1
2015,7,10,23,51,11,15.63,-96.912,16,4.7
2015,7,13,9,37,32.32,16.2514,-98.0908,37.85,4.8
2015,7,13,12,23,52.6,15.643,-98.547,18,4.4
2015,7,13,13,12,4.5,15.7744,-98.57,4.82,4.3
2015,7,14,1,25,32.78,18.2905,-103.3784,20.44,4.7
2015,7,15,9,22,23.5,16.111,-96.923,36.8,4.6
2015,8,17,0,36,35.6,16.341,-98.61,16,4.3
2015,8,28,1,56,1.2,18.1469,-99.461,51.7,4
2015,8,30,9,47,24.6,17.071,-99.729,34.3,4.1
2015,8,30,13,56,42.56,16.8372,-100.4955,10,4.2
2015,8,31,6,47,39.54,19.1302,-104.1033,21.65,4.4
2015,8,31,22,47,25.91,16.5109,-98.5707,22.02,4
2015,9,2,20,25,36.43,18.7591,-103.7963,24.24,4.7
2015,9,29,15,2,13.92,17.8081,-102.2965,19.83,5
2015,9,30,4,44,43.74,17.011,-98.7328,42.84,4.3
2015,9,30,17,25,54.19,18.0401,-101.3369,42,5.4
2015,10,6,5,39,7.3,18.51,-104.571,20.9,4.1
2015,10,7,6,41,36.71,16.2342,-98.2004,17.84,4.3
2015,10,11,23,46,25.11,16.3928,-100.2169,14.2,4.1
2015,10,25,14,47,51.96,18.2628,-101.611,41.96,5.2
2015,10,27,22,25,1.22,16.4378,-97.9804,10,4.6
2015,11,22,8,11,15.76,16.8532,-96.412,49.01,5
2015,11,23,20,41,21.5,16.9762,-98.9116,34,5.6
2015,11,28,18,20,18.09,17.1759,-96.7182,51.6,4.5
2015,12,7,9,44,8.82,16.8828,-98.9844,60.92,4.7
2015,12,11,14,49,26.43,18.12,-102.6035,35.64,4.8
2015,12,12,11,34,36.12,16.1209,-97.0141,36.04,4.5
2015,12,29,14,3,30.42,15.5374,-96.3999,27.72,4.5
2016,1,6,11,59,7.91,15.676,-98.5647,10,4.3
2016,1,12,23,7,39.27,16.6939,-98.907,8.74,4.3
2016,1,16,1,50,19.36,16.5724,-98.6953,3.39,4.3
2016,2,3,7,37,9.5,16.267,-98.009,13,4.3
2016,2,16,12,1,35.74,15.4734,-104.7939,0,4.9
2016,2,16,12,29,37.12,15.5981,-104.8331,10,4.4
2016,2,29,14,16,49.1,17.646,-101.529,44.3,4.2
2016,3,24,0,29,37.95,16.3547,-97.9063,10,4.9
2016,3,24,16,37,50.11,15.8867,-97.2758,11.49,4.1
2016,3,28,22,38,9.47,16.2962,-98.2896,21.28,4.1
2016,4,11,9,51,17.16,15.8396,-96.4016,23.01,4.7
2016,4,16,11,28,42,17.092,-101.135,20,4.2
2016,4,17,20,32,47.7,16.219,-98.006,16,4.1
2016,4,17,23,39,17.69,16.9501,-101.1826,10,4.5
2016,4,19,4,39,1.65,16.16,-98.1212,16.83,4.1
2016,4,26,11,0,28.77,18.1552,-103.6173,10,4.1
2016,4,26,12,4,8.28,18.4803,-103.2816,35,4.7
2016,4,30,8,6,25.11,18.1047,-103.3907,10,4.5
2016,4,30,11,24,10.3,18.297,-103.504,5,4.2
2016,5,7,3,30,55.98,18.5768,-104.8545,10,4.3
2016,5,8,7,34,0.7,16.4107,-97.8416,22,5.8
2016,5,8,8,58,29.2,16.374,-97.88,30,4
2016,5,14,23,33,21.71,16.5166,-98.4366,24.69,4.1
2016,5,18,17,6,29.43,18.8371,-104.4691,10,4.2
2016,5,20,10,24,48.27,16.1685,-97.2181,35,4.2
2016,6,5,1,44,50.63,16.162,-98.4034,9.65,4.2
2016,6,5,1,52,46.09,16.4231,-98.2559,29.22,4.4
2016,6,5,1,54,23.37,16.0644,-98.2108,22.54,4.6
2016,6,5,7,30,23.98,16.0366,-98.4017,10,4
2016,6,6,4,11,36.04,16.0288,-97.4103,10,4.6
2016,6,6,12,17,59.64,16.4853,-99.611,13.93,4.5
2016,6,7,10,32,13.46,19.0005,-104.8807,10,4.1
2016,6,19,7,25,8.34,17.2883,-101.188,10,3.9
2016,6,22,19,30,15.5,16.2459,-98.9864,10,4.1
2016,6,23,22,1,50.9,18.3688,-104.4486,10,4.1
2016,6,27,7,17,59.93,16.6327,-98.8666,10,4.1
2016,6,27,9,55,59.99,16.3301,-98.5879,98.38,4.1
2016,6,27,20,50,34.74,16.5502,-97.8332,19,5.7
2016,6,28,23,36,48.82,16.3511,-98.0295,10,4.5
2016,7,3,16,16,53.35,16.2357,-98.069,21.67,4.1
2016,7,4,23,35,10.52,16.4102,-97.9857,12.98,4.4
2016,7,19,13,42,44.7,17.5,-98.7382,44.21,5.1
2016,7,19,20,1,57.07,16.0568,-96.7526,26.61,4.8
2016,7,20,19,6,19.94,16.2987,-98.0573,10,4.6
2016,7,20,22,6,10.85,18.4957,-103.1533,46.02,4.5
2016,7,22,14,36,12,16.674,-100.854,10,4.2
2016,7,24,15,20,36.14,17.9329,-97.4286,55.73,4.5
2016,7,26,1,22,34.98,15.9206,-98.0495,9.69,4.8
2016,8,2,8,0,30.64,16.6314,-99.9744,32.55,4.7
2016,8,7,15,5,12.32,16.1165,-96.3676,25.26,3.7
2016,8,11,6,2,55.53,16.5445,-99.0108,10,4.7
2016,8,11,9,28,54.62,18.4383,-103.294,17.41,4.2
2016,8,11,9,36,57.48,16.1745,-99.1,10,4.2
2016,8,11,9,38,14.49,16.4297,-99.036,10,4.9
2016,8,13,7,55,5.09,16.1007,-98.8346,10,4.2
2016,8,18,22,51,34.48,16.2817,-98.2266,20.72,4.6
2016,8,21,1,11,9.84,16.0865,-98.8438,18.11,4
2016,9,2,16,3,36,16.68,-96.43,67,4.7
2016,9,22,18,8,58.46,17.9342,-98.5053,55.53,4.6
2016,9,23,7,54,50.61,16.8611,-99.3124,11.58,4.9
2016,9,23,7,57,15.64,16.7412,-99.4466,10,3.9
2016,9,29,8,55,16.67,16.2086,-98.4622,18,5.1
2016,9,29,8,56,18.19,15.921,-98.7526,10,5.1
2016,10,15,17,38,35.2,16.447,-100.098,16.7,4.1
2016,10,18,13,8,26.45,16.7114,-99.7847,26.33,4.8
2016,10,23,22,59,29.74,18.9017,-104.5714,12,5.6
2016,11,19,11,28,30.78,17.8175,-100.1871,51.07,3.9
2016,11,21,15,28,46.76,17.1875,-101.8372,10,4.5
2016,11,24,8,55,43.9,16.297,-98.3235,10,4.2
2016,11,25,17,12,8.88,16.751,-101.6281,19.64,4.1
2016,11,28,11,49,1.94,16.7697,-101.5753,10.67,4.2
2016,12,1,7,2,49.1,17.7684,-102.4951,10,4.3
2016,12,2,13,57,54.76,17.3706,-101.2981,23.75,5
2016,12,8,16,59,47.75,16.5931,-99.4291,7.85,4.2
2016,12,8,17,7,27.64,16.5549,-99.4962,19.1,4.4
2016,12,8,18,4,0.05,16.1114,-99.7288,16.66,4.5
2016,12,8,21,11,57.74,17.9541,-101.829,35.36,4.1
2016,12,9,23,20,34.65,16.5076,-99.1423,10,4.2
2016,12,20,16,17,27.38,17.6666,-101.737,25.49,4
2016,12,29,1,17,32.54,16.654,-99.4476,10,4.2
2017,1,1,10,4,17.6,16.2647,-99.0388,10,4.2
2017,1,7,6,16,38.33,16.2096,-98.7018,27.46,4.7
2017,1,10,8,41,11.7,18.3038,-103.1151,52.92,4.4
2017,1,12,10,26,55.75,16.5924,-98.4802,21.19,5
2017,1,20,7,32,45.35,15.9029,-98.6366,16.26,4.2
2017,2,2,0,52,8.43,17.4092,-101.0372,10,4.8
2017,2,2,20,38,39.73,17.4649,-101.4369,27.21,4.3
2017,2,9,10,5,4.43,16.4167,-98.4949,10,4.2
2017,2,11,3,29,37.5,18.4005,-102.5853,62.45,4.3
2017,2,13,7,29,28.68,17.098,-99.6631,20.15,4.9
2017,2,20,18,19,6.94,16.2161,-98.6178,23.9,4.2
2017,2,20,20,44,17.61,16.2019,-98.5714,23.75,4.2
2017,2,21,10,40,27.14,16.1473,-98.7282,10,4.7
2017,2,21,11,56,27.47,16.5001,-98.7253,10,4.9
2017,2,21,12,1,23.49,16.1617,-98.7013,10,4.5
2017,2,23,17,7,4.87,16.2648,-98.6933,9.67,4.6
2017,3,12,4,3,21.33,16.1588,-98.4726,23.06,4.5
2017,3,12,4,12,52.11,16.0042,-98.6264,20.53,4.1
2017,3,20,3,41,34.8,16.5898,-98.9113,24.24,4.1
2017,3,20,13,1,45.2,17.8853,-100.3463,57.89,4.3
2017,3,30,17,22,46.63,16.0072,-98.4138,10,4.2
2017,4,8,1,18,2.05,17.459,-100.8329,25.72,4.1
2017,4,9,9,23,49.34,16.8382,-99.6908,10.93,4.4
2017,4,16,3,48,49.47,18.5459,-101.734,73.93,4
2017,4,20,21,13,33.13,17.2613,-101.864,10,4.5
2017,4,23,4,23,10.86,16.2501,-98.0707,10,4
2017,4,29,12,41,19.94,19.295,-104.1406,10,4.3
2017,5,3,5,36,6.3,16.5638,-98.4972,21.74,4.4
2017,5,12,13,14,10.02,16.6439,-98.9211,8.08,4.7
2017,5,17,10,44,19.81,16.4864,-104.9988,10,4.1
2017,5,18,3,20,52.43,17.8222,-105.0009,10,4.4
2017,5,18,16,8,32.54,17.7991,-104.9975,12.11,4.2
2017,5,18,19,19,35.05,17.7079,-104.9863,10,4.4
2017,5,18,20,31,17.26,17.8205,-104.756,10,4.1
2017,5,24,20,25,27.99,17.8785,-101.6867,36.96,4.6
2017,6,2,6,48,33.77,17.6096,-102.2048,19.22,4.2
2017,6,22,3,55,11.79,17.8033,-99.9417,55.55,4.7
2017,7,2,2,52,49.23,16.3707,-99.3264,10,4.2
2017,7,7,10,2,7.48,17.4702,-96.5461,75.77,4
2017,7,10,8,51,19.77,18.5157,-103.0428,42.88,4.2
2017,7,30,4,54,30.88,18.3054,-104.3384,9.92,3.7
2017,7,30,23,36,51.36,18.9929,-104.6899,10,4
2017,8,5,11,9,14.34,15.5643,-97.1668,16.56,4.1
2017,8,5,20,27,57.19,15.9465,-96.9066,10,4.5
2017,8,18,5,15,14.46,16.9872,-100.3035,26.3,5.1
2017,8,20,5,55,0.84,18.0662,-103.3561,10,4.4
2017,8,21,17,8,16.51,18.234,-103.1881,10,4.2
2017,9,10,12,0,30.67,15.9012,-98.463,26.67,4.5
2017,9,10,13,25,54.62,15.7653,-98.6306,20.71,4.3
2017,9,10,13,40,8.67,15.6631,-98.529,10,4.6
2017,9,12,19,58,20.78,16.1454,-98.5536,10,4.2
2017,9,16,2,22,32.39,17.0805,-100.0305,10.86,4.4
2017,9,16,16,13,21.16,15.7428,-98.5369,10,4.2
2017,9,19,18,14,38.09,18.5499,-98.4887,48,7.1
2017,9,24,5,10,31.81,16.1329,-98.1962,29.08,4.4
2017,9,28,9,38,55.38,16.79,-100.7101,10,4.3
2017,9,28,19,37,14,16.2106,-98.4599,10,4.4
2017,10,4,3,16,25.3,19.1081,-102.8254,20.78,4.3
2017,10,8,1,21,8.42,16.9872,-97.1309,51.77,4.7
2017,10,10,12,45,12.44,16.6342,-99.5801,12,4.2
2017,10,11,2,45,5.37,17.0873,-97.8159,54.59,4.5
2017,10,12,0,44,14.94,16.3009,-97.8918,19.74,4.8
2017,10,15,13,46,1.03,15.5748,-98.5294,8.22,4.3
2017,10,21,16,58,54.05,16.001,-98.0726,16.96,4.9
2017,10,28,11,31,25.27,16.2222,-97.9791,13.99,4.7
2017,10,31,12,7,35.7,16.1756,-98.9585,10,4.8
2017,10,31,12,49,13.17,16.1958,-98.8344,3.29,4.4
2017,11,13,6,4,24.63,17.1554,-96.8615,73.57,4.1
2017,11,19,9,32,22.47,17.6081,-101.2227,39.17,4.4
2017,11,21,13,45,18.31,16.0942,-98.8358,24.96,4.3
2017,11,26,12,23,15.14,17.201,-101.3157,21.65,4.1
2017,11,30,3,20,20.54,16.095,-98.6636,10,4.6
2017,11,30,4,47,28.2,16.3034,-98.6106,10,4.2
2017,11,30,5,55,21.36,16.6628,-98.656,10,4.2
2017,11,30,13,43,15.28,18.7069,-101.6149,63.88,4.1
2017,12,15,23,13,26.62,16.0162,-101.0844,19.08,4.5
2017,12,19,8,57,20.7,17.5966,-101.1989,26.02,4
2017,12,21,3,23,35.7,16.1392,-98.2997,14.17,5.1
2017,12,25,20,23,9.06,16.9574,-99.8206,28.4,4.8
2017,12,30,14,37,57.23,17.6586,-101.2303,50.03,4.3
2017,12,31,16,53,48.95,17.0385,-100.8532,10,4.4
2018,1,8,17,1,0.86,16.4522,-99.18,10,4.1
2018,1,10,23,44,55.94,17.073,-101.3687,10,4.3
2018,1,13,20,8,44.67,17.3029,-100.8574,10,4.2
2018,1,22,6,36,39.45,17.4035,-96.3987,10,4.1
2018,1,29,17,41,51.85,17.4301,-101.59,10,4.1
2018,2,5,1,24,21.57,17.8044,-102.431,35,4.1
2018,2,7,9,21,4.58,15.7571,-96.4759,10,4.6
2018,2,9,14,5,48.33,18.9311,-104.6522,13,5.8
2018,2,14,13,6,36.98,16.0653,-98.3835,10,4.4
2018,2,16,23,39,39.28,16.3855,-97.9787,22,7.2
2018,2,17,0,36,52.13,16.1557,-97.8665,3.48,5.8
2018,2,17,2,1,32.09,16.4168,-98.1242,18.45,4.3
2018,2,17,3,28,46.73,16.0163,-98.1762,20.86,4.2
2018,2,17,3,54,46.4,16.4032,-97.4865,34.38,5
2018,2,17,7,23,31.3,16.0294,-98.0833,10.34,4.2
2018,2,17,14,7,32.96,16.4722,-97.9128,10,4.1
2018,2,17,14,57,7.44,16.4835,-99.9465,28.94,4.3
2018,2,17,19,42,44.56,16.1884,-98.1324,18.99,4
2018,2,17,21,30,43.76,16.5065,-97.8801,19.23,5.2
2018,2,19,6,56,58.17,16.2857,-97.7314,22,5.9
2018,2,19,13,12,25.03,16.3112,-97.9966,13.78,4.5
2018,2,20,15,5,48.51,15.7646,-97.8159,19.46,4.4
2018,2,23,5,43,39.07,16.0084,-97.8646,12.7,4.8
2018,2,27,4,13,58.92,18.2572,-103.1965,14.03,4.4
2018,2,28,12,29,58.57,16.2765,-97.9733,10,4.4
2018,3,1,15,41,54.75,16.352,-98.7132,12.41,4.6
2018,3,2,4,37,34.15,16.2204,-98.8282,10,4.1
2018,3,5,14,30,21.48,16.2231,-98.0589,19.53,4.6
2018,3,9,15,53,22.25,15.6971,-97.7487,10,4.4
2018,3,12,23,48,16.06,17.4073,-96.3963,35,4
2018,3,16,14,0,15.98,16.4247,-98.0201,16.97,4.5
2018,3,20,16,43,58.33,16.4163,-98.4418,10,5
2018,3,20,17,46,55.59,16.3103,-98.4707,6.69,5.2
2018,3,20,18,7,18.61,16.2816,-98.5127,10,4.3
2018,3,21,20,48,52.03,16.3823,-98.1025,20.54,4.5
2018,3,22,10,47,28.32,16.0371,-98.6541,23.78,4.3
2018,3,30,15,7,56.27,16.0771,-98.6695,10,4.7
2018,4,15,5,54,43.73,17.2215,-101.1592,10,4
2018,5,2,0,18,27.98,16.7035,-99.6702,10,3.4
2018,5,2,22,47,52.17,18.1705,-102.3694,10,4.2
2018,5,4,15,16,56.21,16.2833,-98.9332,10,5
2018,5,10,9,50,32.96,17.0231,-99.8359,10,3.7
2018,5,16,14,20,27.47,18.2208,-100.4896,50.99,5
2018,5,21,2,15,18.3,17.071,-98.6744,36.61,5.2
2018,5,26,11,13,45.51,15.9752,-97.6396,10,4.1
2018,5,28,6,8,51.39,16.2703,-98.2726,10,4.4
2018,5,30,14,53,25.95,17.5702,-97.963,58.08,4.4
2018,6,1,13,48,42.65,15.9085,-98.2309,10,4.3
2018,6,1,13,52,43.07,16.0437,-98.3596,10,4.3
2018,6,16,22,20,0.48,17.272,-99.5979,31.01,4.4
2018,6,20,4,57,8.15,16.2394,-98.0741,17.95,4
2018,6,25,12,47,57.89,15.8629,-96.7948,23.98,4.3
2018,7,4,23,59,17.32,15.6602,-96.5974,26.28,4.1
2018,7,5,9,47,40.36,16.4961,-98.2619,10,4.3
2018,7,10,1,52,46.7,16.3084,-96.9427,35,4.2
2018,7,17,8,54,41.12,18.4075,-103.369,35,5.1
2018,7,19,13,31,53.78,17.9318,-97.7158,48.46,5.8
2018,7,21,1,29,40.09,16.2317,-99.1406,10,4.6
2018,7,24,12,48,43.67,18.0383,-97.7555,64.99,4.2
2018,8,6,13,18,4.8,18.4801,-101.2936,68.87,4.6
2018,8,12,8,5,6.59,15.5757,-98.66,10,4
2018,8,12,14,42,9.11,17.1286,-100.8147,35,4.6
2018,8,16,16,15,28.78,16.2073,-98.0998,10,4.5
2018,8,22,18,3,7.55,16.6048,-98.7299,16.92,5.3
2018,8,23,13,30,15.68,17.5508,-104.997,17.86,4.1
2018,9,10,17,15,47.97,16.0263,-98.28,3.64,4.9
2018,9,16,4,30,14.2,16.2384,-98.4345,10,4.7
2018,9,21,16,38,15.01,17.5725,-102.7687,10,4.6
2018,9,22,15,51,52.07,15.7782,-98.0499,10,4.1
2018,9,25,2,22,17.02,16.5079,-99.0131,8.24,4.5
2018,9,25,3,17,15.94,16.4642,-99.0472,13.89,4.3
2018,10,1,15,47,6.84,15.8351,-96.73,31.55,4.4
2018,10,1,17,26,47.45,15.9025,-96.7805,20.61,4.6
2018,10,2,2,7,41.74,17.5569,-101.1024,36.91,4.1
2018,10,4,15,37,54.18,15.4949,-104.3891,10,4.2
2018,10,14,1,32,15.17,16.5305,-98.1429,35,4.2
2018,10,26,9,48,11.93,15.9674,-98.9298,10,4.8
2018,11,12,15,54,59.19,16.0402,-97.3792,20.32,4.4
2018,11,22,20,45,17.78,15.7497,-98.3385,10,4.1
2018,12,3,20,0,33.26,18.3181,-101.105,63.12,4.2
2018,12,7,12,14,12.31,17.2858,-101.6775,10,4
2018,12,24,4,4,31.15,18.0727,-104.8121,10,4.4
2018,12,27,15,37,11.97,17.3657,-100.7042,40.8,4.2
2019,1,27,14,47,39.6,16.5248,-100.0085,10,4.6
2019,2,16,9,29,45.96,17.5812,-102.8693,10,4.6
2019,2,18,3,22,23.51,18.9198,-104.3449,35,4.8
2019,2,27,15,27,53.51,16.9716,-100.4471,16.96,4.4
2019,3,3,15,25,53.559,18.4451,-101.4137,49.22,5.1
2019,3,4,14,53,7.38,15.749,-98.3662,10,4.2
2019,3,9,14,0,45.403,17.301,-100.6472,10,4.7
2019,3,10,6,16,35.94,17.5738,-96.858,69.96,4.3
2019,3,20,16,17,7.8,17.3311,-101.2767,10,4.1
2019,3,22,4,25,25.461,18.3916,-100.9322,76.94,4.9
2019,3,27,8,16,11.672,15.6818,-96.4587,10,4.1
2019,4,21,13,8,21.566,16.2061,-98.8618,18.73,4.1
2019,4,22,18,0,1.381,16.1067,-98.6185,10,4.4
2019,4,22,20,15,24.934,16.3586,-98.4853,12.46,5.4
2019,4,22,20,45,22.351,16.048,-98.6498,7.98,4.6
2019,5,2,3,50,56.526,17.6605,-101.5897,35,4
2019,6,4,19,12,7.288,17.1438,-99.9101,27.96,4.5
2019,6,6,15,25,39.742,16.3273,-98.1591,10,4.7
2019,6,6,15,26,49.893,16.1096,-98.0378,10,4.4
2019,6,8,8,10,57.331,16.9508,-100.8165,10,4.1
2019,6,9,15,53,48.663,16.7289,-99.9534,15.73,4
2019,6,16,17,25,23.138,18.5738,-101.7714,60.71,5.1
2019,6,18,6,24,52.243,16.0105,-98.2763,19.9,4.2
2019,7,3,6,9,34.903,16.8257,-99.7936,35,4.6
2019,7,7,8,50,27.442,15.7591,-96.5878,22.23,4.6
2019,7,8,10,18,49.22,15.8447,-96.6546,10,4.4
2019,7,17,3,59,50.599,19.4313,-99.0739,10,3.1
2019,7,17,17,38,36.387,16.0692,-98.7684,10,4.6
2019,8,15,11,1,6.968,16.4171,-98.4128,19.78,4.3
2019,8,28,2,48,59.389,18.0686,-103.3254,10,4.2
2019,9,3,15,47,16.265,15.8743,-98.43,10,4.4
2019,9,11,3,41,51.488,16.4869,-97.206,35,4.2
2019,9,11,16,49,25.665,18.0301,-99.5998,56.34,4.4
2019,9,22,22,12,26.646,18.5427,-103.9734,10,4.6
2019,9,30,23,15,34.593,16.7263,-99.1263,35,4.5
2019,10,1,11,26,57.562,16.1597,-98.126,10,4.2
2019,10,5,16,20,9.018,16.8077,-99.5887,11.55,4.9
2019,10,6,13,37,26.777,16.3657,-99.3602,10,4.3
2019,10,10,22,11,11.984,15.8766,-96.6931,35.51,4.8
2019,10,13,4,52,53.264,16.1427,-97.9878,10,4.7
2019,10,22,23,25,59.94,17.3239,-101.1627,10,4.4
2019,10,23,8,25,40.463,17.2588,-101.2257,10,4.2
2019,10,29,21,44,31.483,18.3233,-104.77,10,4.1
2019,11,6,2,12,42.965,16.3229,-97.933,31.94,4.5
2019,11,6,5,59,49.897,16.2026,-97.979,25.11,5
2019,11,14,8,33,58.386,16.9158,-100.5876,29.28,4.1
2019,11,24,2,29,8.362,15.645,-96.7682,10,4.9
2019,11,24,2,34,40.312,15.6744,-96.7236,10,4.9
2019,11,26,15,58,25.284,16.4117,-98.9111,21.36,4.4
2019,11,27,0,13,53.159,17.3788,-101.8344,10,4.6
2019,11,27,13,14,33.506,18.4325,-100.3204,52.22,4
2019,12,2,16,4,37.373,16.2028,-98.3996,10,4.4
2019,12,9,22,14,13.946,17.9259,-101.2083,35,4.5
2019,12,16,14,7,14.362,18.0146,-99.2832,43.56,4.5
2020,1,11,14,22,2.982,16.335,-98.2422,22.03,4.8
2020,1,12,7,43,7.994,16.1781,-98.3731,10,4.3
2020,1,15,7,44,33.69,16.3194,-98.0329,10.03,4.8
2020,1,15,8,15,27.44,16.4901,-97.9016,32,5
2020,1,15,10,45,38.215,16.8785,-100.1092,10,4.1
2020,1,24,10,47,50.807,16.1964,-97.0739,35,4.8
2020,1,29,23,17,47.302,16.9133,-100.0341,10,4.8
2020,1,30,6,47,22.416,16.9407,-99.9791,13.59,5.2
2020,1,30,7,1,52.687,16.6629,-100.1306,10,4
2020,1,30,7,9,1.467,16.7697,-99.9292,10,4.3
2020,1,31,1,8,59.359,16.7516,-100.1174,10,4.2
2020,2,9,15,57,37.614,15.7551,-98.4601,10,3.9
2020,2,9,16,19,37.303,17.5066,-102.0552,19.95,4.1
2020,2,12,7,41,8.95,18.3724,-101.8168,58.33,4.2
2020,2,21,1,48,14.355,17.3288,-100.4434,31.57,4.7
2020,3,1,3,1,31.171,16.6449,-98.4274,10,4.2
2020,3,11,13,50,43.693,15.9417,-96.6706,11.02,4.3
2020,3,11,16,49,22.653,15.8822,-96.7442,12.24,4.3
2020,3,21,18,50,6.403,16.4354,-99.2527,10,4
2020,3,30,5,8,18.698,16.4346,-98.8845,10,4.7
2020,4,2,19,15,34.418,16.1208,-97.547,20.02,4.1
2020,4,7,1,52,15.511,17.4725,-101.0968,10,4.8
2020,4,24,8,21,54.395,17.4315,-101.346,16.85,4
2020,5,5,7,41,22.067,16.0837,-98.7191,10,4.1
2020,5,11,10,48,2.653,16.695,-99.9524,10,4
2020,6,19,16,12,6.204,16.306,-98.2829,10,4.3
2020,6,23,21,27,46.068,15.5938,-96.5216,10,4.2
2020,6,24,2,33,19.93,15.7688,-96.3698,4.21,5.4
2020,6,24,3,44,41.465,15.778,-96.4198,10,4.1
2020,6,30,4,5,52.65,17.9501,-98.5747,54.12,4.3
2020,7,1,19,54,8.627,15.9904,-96.6396,21.47,4.9
2020,7,2,16,17,55.106,16.5395,-97.8039,8.29,4.9
2020,7,3,2,33,43.698,17.1092,-100.1783,34.81,4.4
2020,7,8,17,22,49.171,16.8232,-100.14,15.73,4.5
2020,7,12,3,33,16.408,17.552,-101.3603,35,4.2
2020,7,14,4,13,0.807,17.6345,-101.0835,35,4.3
2020,8,3,6,46,51.169,17.9876,-102.8577,10,4.6
2020,8,13,13,43,43.355,17.5947,-101.7344,27.84,4.3
2020,9,13,9,54,9.191,16.8023,-99.6648,10,3.7
2020,9,15,16,49,9.703,15.8343,-97.7931,19.95,4.3
2020,9,28,23,27,20.878,15.9947,-97.9285,20.08,4.5
2020,10,4,3,36,18.96,17.4751,-100.6425,10,4.1
2020,10,6,6,19,51.214,15.9076,-96.404,28.13,4
2020,10,11,16,54,59.733,19.3331,-104.4515,32.77,4.7
2020,10,29,17,37,4.176,16.1868,-98.2552,12.57,4.4
2020,11,2,3,26,43.88,17.4138,-101.4561,10,4.2
2020,11,7,6,30,35.229,15.8949,-98.1479,10,4.2
2020,11,9,3,18,20.732,15.6935,-103.6117,10,4.5
2020,12,16,15,53,23.344,16.0994,-98.7751,10,4
2020,12,26,10,15,55.223,16.8231,-99.6234,10,4.3
2021,1,9,3,33,33.201,16.8059,-101.6499,10,4.6
2021,1,16,20,16,36.192,16.4821,-98.3882,26.56,4.1
2021,1,18,20,58,43.835,17.4312,-100.9902,23.52,4.2
2021,1,19,12,12,12.504,15.8179,-97.2879,10,4.1
2021,1,25,14,36,7.615,16.9785,-98.5223,36.13,4.2
2021,2,4,7,48,24.728,16.1528,-98.4064,21.88,4
2021,2,6,1,10,3.73,16.2363,-97.4865,35,4.2
2021,2,14,17,51,43.349,17.8495,-101.5626,45.66,4.3
2021,3,1,22,57,50.244,16.3456,-97.9878,10,4.4
2021,3,2,2,35,8.462,17.3058,-100.8527,10,4.2
2021,3,2,11,37,19.958,15.7795,-98.38,10,4
2021,3,4,10,14,50.572,16.1852,-98.4662,10,4.2
2021,3,4,14,44,36.918,16.1372,-98.644,10,4.5
2021,3,20,3,6,30.645,16.6386,-98.8402,10,5.7
2021,4,8,1,19,26.004,18.3208,-100.7876,55.53,4.5
2021,4,11,16,20,12.208,18.7464,-102.9347,75.9,4.7
2021,4,14,11,59,33.825,18.6494,-102.0344,49.23,4.1
2021,4,14,13,46,23.328,18.5064,-103.3322,33.55,4.3
2021,4,15,9,58,20.512,16.1338,-99.1701,10,4
2021,4,15,19,19,56.285,15.6709,-98.5973,10,4.3
2021,4,29,11,2,22.694,18.21,-102.17,48.47,4.6
2021,4,29,11,2,39.897,18.1852,-102.0359,48.8,4.9
2021,5,6,13,31,14.744,16.8105,-100.1783,10,4.6
2021,5,11,4,37,8.861,18.7614,-102.7126,57.79,5
2021,6,3,9,53,15.913,17.1025,-100.0689,35,4.1
2021,6,9,22,17,15.798,16.5474,-100.3984,14.84,4.1
2021,6,19,9,35,29.363,15.9694,-99.0061,10,4.1
2021,6,21,1,3,28.363,15.9847,-98.1923,10,4.4
2021,6,21,2,0,52.143,16.0569,-98.2304,10,4
2021,6,22,14,55,39.525,16.2481,-97.1273,25.12,4.9
2021,6,22,15,13,11.419,16.0641,-97.1548,35.93,4
2021,6,30,3,39,48.843,17.9901,-101.8136,35,4.2
2021,6,30,3,54,3.033,17.9365,-101.8564,35,4.3
2021,7,1,1,13,38.95,16.5264,-97.9648,10,5
2021,7,3,5,37,49.729,17.0539,-99.7361,10,4
2021,7,14,16,57,50.999,16.3545,-98.1602,10,4.1
2021,7,20,2,50,11.238,17.3623,-97.3396,68.56,4
2021,7,29,23,4,40.999,17.9541,-102.6613,17.2,4.9
2021,8,9,9,3,18.358,17.2063,-100.0139,34.64,4.7
2021,8,15,15,15,0.046,16.6904,-100.3415,10,4.3
2021,8,21,3,17,57.277,16.407,-99.3122,10,4.1
2021,8,22,16,26,20.779,15.9741,-96.9784,10,4.5
2021,9,8,0,55,22.263,16.9467,-99.4246,35,4.2
2021,9,8,1,47,47.437,16.9465,-99.753,20,7
2021,9,8,2,18,1.352,16.922,-99.8712,10,4.9
2021,9,8,2,41,52.462,16.8201,-99.9235,10,4.1
2021,9,8,2,58,19.285,17.018,-99.8449,10,4.7
2021,9,8,5,42,56.731,16.6312,-99.915,10,4.5
2021,9,8,9,50,19.625,16.8307,-99.8069,19.82,4.6
2021,9,11,12,1,35.534,16.2711,-99.9592,10,4.4
2021,9,16,22,45,24.452,16.7685,-96.3513,42.94,4.8
2021,9,20,9,36,32.21,16.6172,-99.1679,10,4.6
2021,9,20,10,30,13.617,16.9328,-99.7029,25.8,4.4
2021,10,1,18,17,41.796,16.9846,-100.1129,14.19,4
2021,10,18,18,10,19.65,15.9446,-98.474,10,4.3
2021,10,24,14,40,59.369,16.0319,-98.0138,10,4.4
2021,10,29,18,33,18.593,17.3067,-101.348,13.24,4.4
2021,12,18,8,13,22.994,18.044,-103.091,10,4.2
2022,1,3,17,34,46.301,18.3676,-101.0851,63.23,4.4
2022,1,5,15,20,39.101,16.4066,-97.9989,35,4.3
2022,1,8,5,49,24.344,16.6496,-100.5786,10,4.3
2022,1,21,6,13,2.893,16.9464,-99.7519,10,4.2
2022,2,6,7,24,29.428,15.6925,-98.4203,10,4.3
2022,2,6,8,52,59.536,15.7441,-96.787,18.16,4.1
2022,2,12,3,39,25.903,17.5782,-101.7647,10,4.2
2022,2,22,15,57,37.203,15.8788,-97.2738,18.05,4.2
2022,2,22,21,36,5.187,16.187,-98.4341,10,4.2
2022,3,1,19,35,46.624,16.2753,-96.3774,40.18,5.3
2022,3,3,2,15,11.336,15.4876,-104.7504,10,4.3
2022,3,3,14,54,42.872,16.3829,-100.5657,10,4.4
2022,3,6,6,28,28.013,16.7695,-99.7788,17.87,4
2022,3,14,8,41,7.755,18.319,-102.4837,50.94,4.8
2022,3,14,16,27,11.284,17.0214,-100.1238,18.92,4.4
2022,3,18,19,53,50.181,16.9055,-99.9498,21.46,4.4
2022,3,25,6,57,2.766,15.5834,-96.77,10,4.2
2022,4,5,5,26,58.609,19.3351,-100.6554,4.06,4.5
2022,4,6,5,20,34.85,16.6406,-99.2324,10,4.6
2022,4,13,18,47,4.433,15.4768,-96.5788,10,4.3
2022,4,18,9,56,17.362,16.8214,-100.4126,24.56,4.4
2022,4,18,12,27,27.035,17.9769,-100.3318,52.59,4.5
2022,4,19,6,51,12.971,16.881,-99.5671,29.56,4.2
2022,4,19,12,44,8.076,17.8597,-101.864,17.55,5
2022,4,22,21,57,55,16.813,-99.4678,10,4.3
2022,4,27,11,1,30.546,15.8426,-96.6037,15.72,4.8
2022,5,18,21,40,3.905,15.4643,-104.0709,10,4.3
2022,5,24,19,4,34.521,17.0475,-99.9956,12.07,4
2022,5,29,10,45,16.854,18.6636,-102.6069,77.82,4.5
2022,6,2,21,5,57.246,16.8319,-99.7752,36.99,4.7
2022,6,4,9,19,35.043,15.7749,-96.4918,38.509,4
2022,6,19,5,57,39.061,15.5734,-96.4855,27.113,3.9
2022,6,27,4,17,18.189,16.5786,-100.1206,10,4
2022,7,6,7,24,3.261,16.7268,-100.3115,23.488,4.2
2022,7,18,13,22,43.528,15.5745,-96.7613,13.326,4.7
2022,8,4,4,35,16.377,16.7547,-100.1793,10,4
2022,8,8,23,57,21.157,15.9376,-97.1438,10,4
2022,8,12,8,17,26.497,18.4823,-100.8797,71.653,5.2
2022,8,23,1,58,43.327,17.9934,-101.4984,42.657,4.3
2022,8,24,1,26,52.983,16.8403,-99.6479,27.099,4.8
2022,8,30,22,40,57.264,16.2209,-98.7916,10,4.5
2022,9,1,3,21,2.657,16.779,-99.445,10,4.2
2022,9,1,7,23,15.575,16.7769,-100.0752,10,4.4
2022,9,3,20,2,43.186,15.9409,-96.9191,29.892,4.2
2022,9,14,2,58,15.153,17.5421,-100.8758,27.766,4.9
2022,9,16,15,17,48.84,17.302,-100.6415,27.561,4.1
2022,9,19,18,5,8.217,18.4552,-102.9561,26.943,7.6
2022,9,19,19,30,39.868,18.4778,-103.8147,10,5.3
2022,9,20,6,19,3.85,18.2261,-103.211,10,4.5
2022,9,20,8,17,10.977,18.3487,-103.6243,16,5.8
2022,9,20,10,43,16.791,18.2354,-103.0207,17.08,4.9
2022,9,20,11,51,40.442,18.5319,-103.8238,18.087,4.2
2022,9,20,14,26,23.567,18.1269,-103.3193,10,4.4
2022,9,20,19,4,29.93,18.4895,-103.0573,27.105,4.9
2022,9,22,6,16,9.459,18.2633,-102.9554,20,6.8
2022,9,23,18,25,59.283,18.5021,-103.6506,41.467,5.2
2022,9,24,10,5,44.397,18.2393,-103.1024,10,4.1
2022,9,24,15,27,19.53,17.0668,-99.0249,40.164,4.6
2022,9,25,13,19,56.396,17.5543,-103.3839,10,4.2
2022,9,25,22,29,25.378,15.876,-98.4594,10,4.1
2022,9,28,10,39,16.263,18.0449,-103.4657,10,4.2
2022,9,29,9,51,33.569,18.5663,-103.242,35.889,4
2022,10,5,7,7,49.276,18.1273,-103.4272,35,4.4
2022,10,6,7,3,41.017,18.2081,-103.5379,35,4.4
2022,10,10,4,9,12.278,17.987,-102.9194,10,4.1
2022,10,11,9,43,25.945,18.1366,-102.9829,23.857,4.4
2022,10,13,11,46,17.837,18.6868,-102.8157,67.213,4.7
2022,10,14,23,28,4.783,16.8415,-98.3787,35,4.9
2022,10,17,13,30,30.721,16.521,-100.0397,10,4.2
2022,10,27,8,45,24.985,16.3235,-98.9935,11.217,5
2022,10,27,8,48,52.114,16.0132,-99.2206,10,4
2022,10,27,14,2,7.035,16.2819,-99.0344,10,4.9
2022,10,27,15,47,17.037,18.2568,-103.4911,10,4.1
2022,10,30,6,39,30.99,16.1568,-98.5606,10,4.1
2022,11,3,7,44,53.631,18.5012,-103.0997,63.571,4.7
2022,11,5,16,34,29.478,17.9689,-103.2048,10,4.1
2022,11,14,15,56,29.246,16.2481,-99.0126,10,4
2022,11,20,15,35,23.106,18.4794,-101.4776,64.011,4.3
2022,11,25,2,36,16.894,16.0017,-98.3668,10,4.8
2022,11,30,10,49,47.859,16.8459,-98.2469,38.344,4.1
2022,12,11,0,31,14.618,18.6424,-104.1445,10,4.1
2022,12,11,14,31,29.051,17.1801,-100.53,18,6
2022,12,20,9,45,41.991,18.5926,-102.9308,64.591,4.4
2022,12,28,0,28,45.998,17.1272,-101.3467,10,4.2
2022,12,30,15,35,47.097,18.2186,-103.3672,10,4.7
2023,1,11,2,2,50.919,16.6797,-98.9887,31.898,4.1
2023,1,21,19,0,7.569,15.8285,-96.3798,37.995,4.2
2023,1,30,16,24,39.467,16.7549,-100.1983,10,4.3
2023,2,5,9,6,30.156,16.8301,-99.7892,22.002,4.5
2023,2,6,17,33,46.677,16.5957,-98.1903,11.021,4.5
2023,2,18,6,4,30.919,16.014,-97.2014,10,4.4
2023,2,24,3,28,44.754,18.8825,-103.4299,82.829,4.2
2023,2,26,16,30,6.807,15.5538,-104.3521,17.485,4.4
2023,3,3,1,2,57.961,16.7388,-101.0501,10,4.1
2023,3,22,15,27,2.331,16.7326,-99.1618,23.743,4.5
2023,3,24,14,41,36.772,15.7117,-96.5474,10,4.3
2023,3,26,17,58,8.68,18.5978,-101.8105,74.721,4.2
2023,3,30,15,46,15.282,16.958,-100.0518,23.047,4.6
2023,4,4,2,11,57.992,16.0809,-96.9831,31,5.4
2023,4,9,0,58,42.705,18.1801,-103.2131,35,4.4
2023,4,14,20,4,46.149,18.5549,-101.4682,69.656,4.2
2023,4,15,4,27,0.784,16.0191,-97.4782,10,4
2023,4,19,4,55,28.151,17.2744,-101.0622,21.079,5.2
2023,4,19,5,17,5.242,17.2217,-101.1182,35.017,3.8
2023,4,30,15,48,30.804,18.5654,-104.0213,35.456,4.5
2023,5,8,1,0,6.119,17.6438,-103.9554,10,4.4
2023,5,11,4,20,17.611,19.3557,-99.1234,6.206,3.2
2023,6,9,15,12,0.216,16.0691,-97.5525,35.003,3.9
2023,6,12,3,43,31.748,15.5331,-96.7899,17.997,4.1
2023,6,16,2,3,39.352,15.6953,-96.5222,12.649,4.8
2023,6,16,5,32,18.044,15.6305,-96.4376,28.229,4.1
2023,7,1,3,22,25.828,17.9206,-102.8777,10,4.5
2023,7,16,13,44,34.199,18.3051,-100.8784,62.74,5.1
2023,7,18,15,12,59.978,17.0616,-99.9394,28.348,4.2
2023,7,19,2,54,51.538,19.366,-103.7431,35,4
2023,7,31,21,51,17.889,16.3052,-97.7005,21.981,4.8
2023,8,22,20,7,43.792,17.9827,-96.4522,85.75,4.1
2023,8,28,22,32,12.475,16.4377,-96.3647,52.626,4.9
2023,8,30,20,26,54.535,17.6579,-101.2008,42.711,4.4
2023,9,8,16,37,11.83,19.436,-104.981,13,5.8
2023,9,8,19,27,52.777,16.7591,-100.0386,10,4.5
2023,9,9,13,57,54.353,15.8371,-96.6968,26.148,4.5
2023,9,13,2,24,33.874,16.4637,-98.4687,35,4
2023,9,14,10,44,52.588,18.1016,-99.2511,52.052,4
2023,9,19,15,1,22.629,16.5652,-100.3574,10,4.2
2023,9,20,2,25,45.809,16.2813,-98.2972,28.502,4.1
2023,10,13,17,38,16.983,19.414,-104.9784,41.921,4.2
2023,10,14,2,5,54.34,16.0647,-98.8294,10,4.9
2023,10,16,9,8,12.518,16.3591,-98.7263,10,4.1
2023,10,22,2,5,15.873,16.3994,-99.0491,10,4.9
2023,10,22,2,25,41.373,16.2756,-99.0828,10,4.3
2023,10,25,17,6,12.519,17.3901,-101.8577,10,4.2
2023,10,26,1,19,25.334,16.3189,-98.4739,10,4.2
2023,11,21,3,27,58.87,16.1257,-99.019,10,3.9
2023,11,21,20,24,29.925,16.8091,-99.4766,23.521,4.5
2023,11,30,3,38,24.619,16.232,-98.0846,27.9,4.1
2023,12,4,16,12,29.203,16.5593,-98.4311,10,4.3
2023,12,7,20,3,38.568,18.2702,-98.7384,54,5.7
2024,1,14,6,27,8.046,15.8048,-96.7285,26.443,4
2024,1,25,12,59,9.222,17.1238,-100.9186,10,4.4
2024,1,31,1,0,55.739,18.1491,-103.6021,10,4.5
2024,2,12,21,22,13.301,16.6367,-99.4374,25.36,4.3
2024,2,13,12,8,10.575,16.7864,-99.7654,19.58,4.2
2024,2,14,23,32,2.448,16.1142,-98.825,10,4.3
2024,2,18,0,1,29.682,17.18,-100.0934,35,4.7
2024,2,22,20,43,9.28,17.933,-100.3555,54.808,4.7
2024,3,4,3,44,41.945,16.7174,-99.5785,21.468,4.2
2024,3,4,5,51,22.767,16.4053,-97.8596,35,4.3
2024,4,1,4,34,15.164,16.4837,-96.5767,46.152,4.4
2024,4,21,4,10,4.41,16.263,-99.1119,10,4.1
2024,4,21,4,30,49.052,16.2449,-99.1796,10,4.1
2024,4,27,10,23,24.91,16.3702,-97.7976,5.636,4.1
2024,4,27,14,4,37.374,17.0998,-102.3522,10,4.2
2024,5,1,14,11,15.735,15.6613,-97.4329,10,4.5
2024,5,2,0,34,2.127,15.865,-97.3269,19.951,4.3
2024,5,7,11,58,14.879,18.4356,-100.7801,59.725,4.5
2024,5,13,12,3,54.488,18.5482,-104.0611,10,4.1
2024,5,19,9,39,41.881,17.58,-104.5705,10,5.2
2024,5,19,14,45,32.835,17.7645,-104.4223,18.023,4.2
2024,5,20,6,48,12.999,17.7268,-101.1025,28.621,4.6
2024,5,25,1,27,16.68,16.0194,-96.5722,35.927,4
2024,6,16,18,51,45.627,17.7079,-102.1924,10,4.3
2024,6,18,1,10,10.098,17.5494,-105.0575,10,5
2024,6,20,9,22,56.886,18.0651,-103.2927,25.606,4
2024,6,21,1,42,18.422,17.2671,-100.7101,33.346,4.3
2024,6,23,17,15,13.587,16.5727,-99.5231,19.34,4.1
2024,6,23,17,16,17.185,16.6693,-99.4449,15.036,5.3
2024,6,24,0,1,52.597,16.5175,-99.4744,21.598,4.2
2024,7,6,20,17,26.519,15.5146,-96.4851,10,4.1
2024,7,9,17,51,36.324,17.513,-102.1472,10,4.2
2024,7,16,14,29,15.476,16.2922,-97.62,18.809,4.8
2024,7,19,11,47,28.968,17.8868,-96.9946,75.379,4.1
2024,7,19,18,5,35.072,17.8926,-103.0958,10,4.2
2024,7,24,12,46,47.513,17.1912,-101.0407,10,4.4
2024,7,27,10,30,16.152,17.0905,-99.8798,34.66,5.3
2024,7,29,0,30,14.813,16.8443,-100.1278,23.11,4.1
2024,8,1,19,19,1.202,17.1384,-96.3539,58.327,4.6
2024,8,25,14,27,24.326,17.0673,-96.4144,64.231,4.5
2024,8,27,13,45,52.207,15.8532,-99.9447,10,4.7
2024,9,2,2,57,14.019,16.7403,-96.4504,70.102,4.3
2024,9,15,22,12,16.72,17.6995,-103.3625,10,4.2
2024,9,21,19,54,40.634,17.844,-101.3056,44.726,4.7
2024,9,26,6,39,6.464,19.3781,-99.2037,5,2.9
2024,9,26,19,3,1.844,18.0789,-100.4132,67.124,4.9
2024,9,27,2,56,29.833,17.9829,-96.5883,78.746,4.2
2024,10,6,18,19,53.53,17.361,-98.3081,42.938,4.1
2024,10,12,21,53,1.651,17.3818,-101.0773,10,4.9
2024,10,15,9,32,16.594,16.1965,-98.2687,10,4.5
2024,10,16,19,46,51.253,16.5337,-98.2312,29.491,4.3
2024,10,17,0,54,26.07,15.7444,-98.4332,10,4.2
2024,10,17,2,7,23.629,16.0418,-98.3805,10,4.1
2024,10,20,2,28,17.809,18.1185,-103.284,10,4
2024,10,22,22,17,58.233,16.6317,-99.26,10,4.9
2024,10,31,0,23,7.825,18.8153,-104.5068,10,4
2024,11,1,1,25,6.309,17.2315,-100.9617,10,4.7
2024,11,1,2,49,21.532,16.906,-101.0873,10,4.4
2024,11,13,0,18,23.349,16.2665,-98.4105,13.807,5
2024,11,13,0,20,4.59,16.2026,-98.5442,10,4.9
2024,11,14,9,16,31.724,16.47,-98.4401,41.058,5
2024,11,20,20,56,29.988,16.7422,-100.4235,10,4.3
2024,11,21,16,35,56.072,17.9819,-102.4291,36.197,4.5
2024,12,4,6,8,57.413,17.525,-102.6614,10,4.1
2024,12,14,0,0,56.869,16.2971,-98.6595,10,4.5
2024,12,15,9,58,33.437,16.0802,-98.6778,10,5
2024,12,15,11,42,32.531,16.9794,-99.8657,10,4.3
2024,12,25,11,47,59.179,17.6157,-101.4586,35,3.9
2024,12,28,17,20,8.75,15.8392,-98.9222,10,4.1
2024,12,29,20,34,33.928,15.9549,-98.8298,10,4.8
2024,12,29,21,27,37.687,16.0019,-98.7091,10,4.4
2024,12,29,22,28,0.958,16.0892,-98.8353,10,4.9
2024,12,29,22,52,24.057,15.9492,-98.8835,10,3.9
2024,12,29,23,52,35.919,16.1636,-98.7427,10,4.5
2025,1,6,3,24,58.39,19.1568,-105.0329,10,4.7
2025,1,12,8,32,49.944,18.5019,-103.3631,39,6.2
2025,1,12,9,18,25.533,18.4932,-103.3341,35,4.8
2025,1,12,10,46,30.862,18.5027,-103.4487,35,4.9
2025,1,12,10,53,38.446,18.4658,-103.3885,35,4.4
2025,1,18,21,45,37.074,15.8699,-96.7785,10,4.1
2025,1,19,4,32,33.495,18.5889,-103.4309,48.162,4.3
2025,1,21,16,5,5.146,18.0046,-101.7353,51.635,4.2
2025,2,7,21,20,38.79,18.6755,-103.8912,35,4
2025,2,14,15,26,55.693,16.1458,-98.8656,10,4.7
2025,2,28,19,39,28.43,18.2972,-99.3687,65.162,5
2025,3,8,11,55,39,18.5048,-103.8865,17.283,4.3
2025,3,15,3,19,27.274,17.3361,-97.4253,62,5.6
2025,3,24,17,51,11.923,16.182,-98.7682,10,4.3
2025,3,27,22,42,36.593,17.229,-101.2658,10,4.4
2025,3,28,3,34,41.501,18.052,-101.9129,50.785,4.2
2025,4,18,19,18,23.488,16.2932,-98.6536,10,4.6
2025,4,22,8,6,46.201,16.5096,-98.9816,20.904,4.1
2025,5,15,23,43,28.403,15.6908,-96.5887,10,4.2
2025,5,22,6,51,31.206,19.0205,-102.0748,108.838,4.7